ilac,yorum,kaynak
apranax,"alkol ile alinabilen nadide agri kesicilerden, hem basi agriyip hemde alabildigine icmek isteyenler icin",eksisozluk
apranax,mutelif gerzeklere viagra die yutturulan yegane mavi ilac,eksisozluk
apranax,sağlam ilaç.. yannıs sanrım vitaminle beraber alınmalıki dumur etmesin.. yoksa bazen ayakta duramıyabilosunuz ağrım bitsin derken.. (bkz:  pilava giderken elindeki bulgurdan olmak ) (bkz:  herneyse ),eksisozluk
apranax,"cok muthis agri kesici.. bi tane al, bes saat agrin sizin dinsin. apranax fort daha iyi",eksisozluk
apranax,doktorumun ulser teshisi koyduktan sonra yakin zamanda alip almadigimi sordugu ilac. forte'unu almistim!!!,eksisozluk
apranax,"aspirin ve turevi ilaclara reaksiyon gosterenlerde,aktif mide ve duodenum ulseri bulunan kisilerde,hamilelerde kullanilmamalidir.bobrek ve karaciger fonksiyon bozuklugu olan ayrica kalp rahatsizligi bulunan kisilerde de dikkatle kullanilmalidir.ayrica (bkz:  aprol ) (bkz:  aprowell )",eksisozluk
apranax,uretici firmanin en sevdigi hekimler dis hekimleridir,eksisozluk
apranax,yorucu bedensel aktivite sonrasi yasanan kas agrilarini hafifletebilen ilactir kendisi.,eksisozluk
apranax,"abdi ibrahim ilaç firması tarafından üretilmis, naproksen sodyum oranı 275 mg olan tablet ve 550 mg olan fort tabletler halinde satılan süperr agrı kesici.  regl donemi nde bire bir dir.",eksisozluk
apranax,"mide ph'ını şaşılacak ölçüde düşüren, mide yakan hede....",eksisozluk
apranax,"alkol ile alinabilen nadide agri kesicilerden, hem basi agriyip hemde alabildigine icmek isteyenler icin",eksisozluk
apranax,mutelif gerzeklere viagra die yutturulan yegane mavi ilac,eksisozluk
apranax,sağlam ilaç.. yannıs sanrım vitaminle beraber alınmalıki dumur etmesin.. yoksa bazen ayakta duramıyabilosunuz ağrım bitsin derken.. (bkz:  pilava giderken elindeki bulgurdan olmak ) (bkz:  herneyse ),eksisozluk
apranax,"cok muthis agri kesici.. bi tane al, bes saat agrin sizin dinsin. apranax fort daha iyi",eksisozluk
apranax,doktorumun ulser teshisi koyduktan sonra yakin zamanda alip almadigimi sordugu ilac. forte'unu almistim!!!,eksisozluk
apranax,"aspirin ve turevi ilaclara reaksiyon gosterenlerde,aktif mide ve duodenum ulseri bulunan kisilerde,hamilelerde kullanilmamalidir.bobrek ve karaciger fonksiyon bozuklugu olan ayrica kalp rahatsizligi bulunan kisilerde de dikkatle kullanilmalidir.ayrica (bkz:  aprol ) (bkz:  aprowell )",eksisozluk
apranax,uretici firmanin en sevdigi hekimler dis hekimleridir,eksisozluk
apranax,yorucu bedensel aktivite sonrasi yasanan kas agrilarini hafifletebilen ilactir kendisi.,eksisozluk
apranax,"abdi ibrahim ilaç firması tarafından üretilmis, naproksen sodyum oranı 275 mg olan tablet ve 550 mg olan fort tabletler halinde satılan süperr agrı kesici.  regl donemi nde bire bir dir.",eksisozluk
apranax,"mide ph'ını şaşılacak ölçüde düşüren, mide yakan hede....",eksisozluk
apranax,"alkol ile alinabilen nadide agri kesicilerden, hem basi agriyip hemde alabildigine icmek isteyenler icin",eksisozluk
apranax,mutelif gerzeklere viagra die yutturulan yegane mavi ilac,eksisozluk
apranax,sağlam ilaç.. yannıs sanrım vitaminle beraber alınmalıki dumur etmesin.. yoksa bazen ayakta duramıyabilosunuz ağrım bitsin derken.. (bkz:  pilava giderken elindeki bulgurdan olmak ) (bkz:  herneyse ),eksisozluk
apranax,"cok muthis agri kesici.. bi tane al, bes saat agrin sizin dinsin. apranax fort daha iyi",eksisozluk
apranax,doktorumun ulser teshisi koyduktan sonra yakin zamanda alip almadigimi sordugu ilac. forte'unu almistim!!!,eksisozluk
apranax,"aspirin ve turevi ilaclara reaksiyon gosterenlerde,aktif mide ve duodenum ulseri bulunan kisilerde,hamilelerde kullanilmamalidir.bobrek ve karaciger fonksiyon bozuklugu olan ayrica kalp rahatsizligi bulunan kisilerde de dikkatle kullanilmalidir.ayrica (bkz:  aprol ) (bkz:  aprowell )",eksisozluk
apranax,uretici firmanin en sevdigi hekimler dis hekimleridir,eksisozluk
apranax,yorucu bedensel aktivite sonrasi yasanan kas agrilarini hafifletebilen ilactir kendisi.,eksisozluk
apranax,"abdi ibrahim ilaç firması tarafından üretilmis, naproksen sodyum oranı 275 mg olan tablet ve 550 mg olan fort tabletler halinde satılan süperr agrı kesici.  regl donemi nde bire bir dir.",eksisozluk
apranax,"mide ph'ını şaşılacak ölçüde düşüren, mide yakan hede....",eksisozluk
apranax,"alkol ile alinabilen nadide agri kesicilerden, hem basi agriyip hemde alabildigine icmek isteyenler icin",eksisozluk
apranax,mutelif gerzeklere viagra die yutturulan yegane mavi ilac,eksisozluk
apranax,sağlam ilaç.. yannıs sanrım vitaminle beraber alınmalıki dumur etmesin.. yoksa bazen ayakta duramıyabilosunuz ağrım bitsin derken.. (bkz:  pilava giderken elindeki bulgurdan olmak ) (bkz:  herneyse ),eksisozluk
apranax,"cok muthis agri kesici.. bi tane al, bes saat agrin sizin dinsin. apranax fort daha iyi",eksisozluk
apranax,doktorumun ulser teshisi koyduktan sonra yakin zamanda alip almadigimi sordugu ilac. forte'unu almistim!!!,eksisozluk
apranax,"aspirin ve turevi ilaclara reaksiyon gosterenlerde,aktif mide ve duodenum ulseri bulunan kisilerde,hamilelerde kullanilmamalidir.bobrek ve karaciger fonksiyon bozuklugu olan ayrica kalp rahatsizligi bulunan kisilerde de dikkatle kullanilmalidir.ayrica (bkz:  aprol ) (bkz:  aprowell )",eksisozluk
apranax,uretici firmanin en sevdigi hekimler dis hekimleridir,eksisozluk
apranax,yorucu bedensel aktivite sonrasi yasanan kas agrilarini hafifletebilen ilactir kendisi.,eksisozluk
apranax,"abdi ibrahim ilaç firması tarafından üretilmis, naproksen sodyum oranı 275 mg olan tablet ve 550 mg olan fort tabletler halinde satılan süperr agrı kesici.  regl donemi nde bire bir dir.",eksisozluk
apranax,"mide ph'ını şaşılacak ölçüde düşüren, mide yakan hede....",eksisozluk
apranax,"alkol ile alinabilen nadide agri kesicilerden, hem basi agriyip hemde alabildigine icmek isteyenler icin",eksisozluk
apranax,mutelif gerzeklere viagra die yutturulan yegane mavi ilac,eksisozluk
apranax,sağlam ilaç.. yannıs sanrım vitaminle beraber alınmalıki dumur etmesin.. yoksa bazen ayakta duramıyabilosunuz ağrım bitsin derken.. (bkz:  pilava giderken elindeki bulgurdan olmak ) (bkz:  herneyse ),eksisozluk
apranax,"cok muthis agri kesici.. bi tane al, bes saat agrin sizin dinsin. apranax fort daha iyi",eksisozluk
apranax,doktorumun ulser teshisi koyduktan sonra yakin zamanda alip almadigimi sordugu ilac. forte'unu almistim!!!,eksisozluk
apranax,"aspirin ve turevi ilaclara reaksiyon gosterenlerde,aktif mide ve duodenum ulseri bulunan kisilerde,hamilelerde kullanilmamalidir.bobrek ve karaciger fonksiyon bozuklugu olan ayrica kalp rahatsizligi bulunan kisilerde de dikkatle kullanilmalidir.ayrica (bkz:  aprol ) (bkz:  aprowell )",eksisozluk
apranax,uretici firmanin en sevdigi hekimler dis hekimleridir,eksisozluk
apranax,yorucu bedensel aktivite sonrasi yasanan kas agrilarini hafifletebilen ilactir kendisi.,eksisozluk
apranax,"abdi ibrahim ilaç firması tarafından üretilmis, naproksen sodyum oranı 275 mg olan tablet ve 550 mg olan fort tabletler halinde satılan süperr agrı kesici.  regl donemi nde bire bir dir.",eksisozluk
apranax,"mide ph'ını şaşılacak ölçüde düşüren, mide yakan hede....",eksisozluk
apranax,"alkol ile alinabilen nadide agri kesicilerden, hem basi agriyip hemde alabildigine icmek isteyenler icin",eksisozluk
apranax,mutelif gerzeklere viagra die yutturulan yegane mavi ilac,eksisozluk
apranax,sağlam ilaç.. yannıs sanrım vitaminle beraber alınmalıki dumur etmesin.. yoksa bazen ayakta duramıyabilosunuz ağrım bitsin derken.. (bkz:  pilava giderken elindeki bulgurdan olmak ) (bkz:  herneyse ),eksisozluk
apranax,"cok muthis agri kesici.. bi tane al, bes saat agrin sizin dinsin. apranax fort daha iyi",eksisozluk
apranax,doktorumun ulser teshisi koyduktan sonra yakin zamanda alip almadigimi sordugu ilac. forte'unu almistim!!!,eksisozluk
apranax,"aspirin ve turevi ilaclara reaksiyon gosterenlerde,aktif mide ve duodenum ulseri bulunan kisilerde,hamilelerde kullanilmamalidir.bobrek ve karaciger fonksiyon bozuklugu olan ayrica kalp rahatsizligi bulunan kisilerde de dikkatle kullanilmalidir.ayrica (bkz:  aprol ) (bkz:  aprowell )",eksisozluk
apranax,uretici firmanin en sevdigi hekimler dis hekimleridir,eksisozluk
apranax,yorucu bedensel aktivite sonrasi yasanan kas agrilarini hafifletebilen ilactir kendisi.,eksisozluk
apranax,"abdi ibrahim ilaç firması tarafından üretilmis, naproksen sodyum oranı 275 mg olan tablet ve 550 mg olan fort tabletler halinde satılan süperr agrı kesici.  regl donemi nde bire bir dir.",eksisozluk
apranax,"mide ph'ını şaşılacak ölçüde düşüren, mide yakan hede....",eksisozluk
apranax,"alkol ile alinabilen nadide agri kesicilerden, hem basi agriyip hemde alabildigine icmek isteyenler icin",eksisozluk
apranax,mutelif gerzeklere viagra die yutturulan yegane mavi ilac,eksisozluk
apranax,sağlam ilaç.. yannıs sanrım vitaminle beraber alınmalıki dumur etmesin.. yoksa bazen ayakta duramıyabilosunuz ağrım bitsin derken.. (bkz:  pilava giderken elindeki bulgurdan olmak ) (bkz:  herneyse ),eksisozluk
apranax,"cok muthis agri kesici.. bi tane al, bes saat agrin sizin dinsin. apranax fort daha iyi",eksisozluk
apranax,doktorumun ulser teshisi koyduktan sonra yakin zamanda alip almadigimi sordugu ilac. forte'unu almistim!!!,eksisozluk
apranax,"aspirin ve turevi ilaclara reaksiyon gosterenlerde,aktif mide ve duodenum ulseri bulunan kisilerde,hamilelerde kullanilmamalidir.bobrek ve karaciger fonksiyon bozuklugu olan ayrica kalp rahatsizligi bulunan kisilerde de dikkatle kullanilmalidir.ayrica (bkz:  aprol ) (bkz:  aprowell )",eksisozluk
apranax,uretici firmanin en sevdigi hekimler dis hekimleridir,eksisozluk
apranax,yorucu bedensel aktivite sonrasi yasanan kas agrilarini hafifletebilen ilactir kendisi.,eksisozluk
apranax,"abdi ibrahim ilaç firması tarafından üretilmis, naproksen sodyum oranı 275 mg olan tablet ve 550 mg olan fort tabletler halinde satılan süperr agrı kesici.  regl donemi nde bire bir dir.",eksisozluk
apranax,"mide ph'ını şaşılacak ölçüde düşüren, mide yakan hede....",eksisozluk
apranax,"alkol ile alinabilen nadide agri kesicilerden, hem basi agriyip hemde alabildigine icmek isteyenler icin",eksisozluk
apranax,mutelif gerzeklere viagra die yutturulan yegane mavi ilac,eksisozluk
apranax,sağlam ilaç.. yannıs sanrım vitaminle beraber alınmalıki dumur etmesin.. yoksa bazen ayakta duramıyabilosunuz ağrım bitsin derken.. (bkz:  pilava giderken elindeki bulgurdan olmak ) (bkz:  herneyse ),eksisozluk
apranax,"cok muthis agri kesici.. bi tane al, bes saat agrin sizin dinsin. apranax fort daha iyi",eksisozluk
apranax,doktorumun ulser teshisi koyduktan sonra yakin zamanda alip almadigimi sordugu ilac. forte'unu almistim!!!,eksisozluk
apranax,"aspirin ve turevi ilaclara reaksiyon gosterenlerde,aktif mide ve duodenum ulseri bulunan kisilerde,hamilelerde kullanilmamalidir.bobrek ve karaciger fonksiyon bozuklugu olan ayrica kalp rahatsizligi bulunan kisilerde de dikkatle kullanilmalidir.ayrica (bkz:  aprol ) (bkz:  aprowell )",eksisozluk
apranax,uretici firmanin en sevdigi hekimler dis hekimleridir,eksisozluk
apranax,yorucu bedensel aktivite sonrasi yasanan kas agrilarini hafifletebilen ilactir kendisi.,eksisozluk
apranax,"abdi ibrahim ilaç firması tarafından üretilmis, naproksen sodyum oranı 275 mg olan tablet ve 550 mg olan fort tabletler halinde satılan süperr agrı kesici.  regl donemi nde bire bir dir.",eksisozluk
apranax,"mide ph'ını şaşılacak ölçüde düşüren, mide yakan hede....",eksisozluk
apranax,"alkol ile alinabilen nadide agri kesicilerden, hem basi agriyip hemde alabildigine icmek isteyenler icin",eksisozluk
apranax,mutelif gerzeklere viagra die yutturulan yegane mavi ilac,eksisozluk
apranax,sağlam ilaç.. yannıs sanrım vitaminle beraber alınmalıki dumur etmesin.. yoksa bazen ayakta duramıyabilosunuz ağrım bitsin derken.. (bkz:  pilava giderken elindeki bulgurdan olmak ) (bkz:  herneyse ),eksisozluk
apranax,"cok muthis agri kesici.. bi tane al, bes saat agrin sizin dinsin. apranax fort daha iyi",eksisozluk
apranax,doktorumun ulser teshisi koyduktan sonra yakin zamanda alip almadigimi sordugu ilac. forte'unu almistim!!!,eksisozluk
apranax,"aspirin ve turevi ilaclara reaksiyon gosterenlerde,aktif mide ve duodenum ulseri bulunan kisilerde,hamilelerde kullanilmamalidir.bobrek ve karaciger fonksiyon bozuklugu olan ayrica kalp rahatsizligi bulunan kisilerde de dikkatle kullanilmalidir.ayrica (bkz:  aprol ) (bkz:  aprowell )",eksisozluk
apranax,uretici firmanin en sevdigi hekimler dis hekimleridir,eksisozluk
apranax,yorucu bedensel aktivite sonrasi yasanan kas agrilarini hafifletebilen ilactir kendisi.,eksisozluk
apranax,"abdi ibrahim ilaç firması tarafından üretilmis, naproksen sodyum oranı 275 mg olan tablet ve 550 mg olan fort tabletler halinde satılan süperr agrı kesici.  regl donemi nde bire bir dir.",eksisozluk
apranax,"mide ph'ını şaşılacak ölçüde düşüren, mide yakan hede....",eksisozluk
apranax,"alkol ile alinabilen nadide agri kesicilerden, hem basi agriyip hemde alabildigine icmek isteyenler icin",eksisozluk
apranax,mutelif gerzeklere viagra die yutturulan yegane mavi ilac,eksisozluk
apranax,sağlam ilaç.. yannıs sanrım vitaminle beraber alınmalıki dumur etmesin.. yoksa bazen ayakta duramıyabilosunuz ağrım bitsin derken.. (bkz:  pilava giderken elindeki bulgurdan olmak ) (bkz:  herneyse ),eksisozluk
apranax,"cok muthis agri kesici.. bi tane al, bes saat agrin sizin dinsin. apranax fort daha iyi",eksisozluk
apranax,doktorumun ulser teshisi koyduktan sonra yakin zamanda alip almadigimi sordugu ilac. forte'unu almistim!!!,eksisozluk
apranax,"aspirin ve turevi ilaclara reaksiyon gosterenlerde,aktif mide ve duodenum ulseri bulunan kisilerde,hamilelerde kullanilmamalidir.bobrek ve karaciger fonksiyon bozuklugu olan ayrica kalp rahatsizligi bulunan kisilerde de dikkatle kullanilmalidir.ayrica (bkz:  aprol ) (bkz:  aprowell )",eksisozluk
apranax,uretici firmanin en sevdigi hekimler dis hekimleridir,eksisozluk
apranax,yorucu bedensel aktivite sonrasi yasanan kas agrilarini hafifletebilen ilactir kendisi.,eksisozluk
apranax,"abdi ibrahim ilaç firması tarafından üretilmis, naproksen sodyum oranı 275 mg olan tablet ve 550 mg olan fort tabletler halinde satılan süperr agrı kesici.  regl donemi nde bire bir dir.",eksisozluk
apranax,"mide ph'ını şaşılacak ölçüde düşüren, mide yakan hede....",eksisozluk
apranax,"alkol ile alinabilen nadide agri kesicilerden, hem basi agriyip hemde alabildigine icmek isteyenler icin",eksisozluk
apranax,mutelif gerzeklere viagra die yutturulan yegane mavi ilac,eksisozluk
apranax,sağlam ilaç.. yannıs sanrım vitaminle beraber alınmalıki dumur etmesin.. yoksa bazen ayakta duramıyabilosunuz ağrım bitsin derken.. (bkz:  pilava giderken elindeki bulgurdan olmak ) (bkz:  herneyse ),eksisozluk
apranax,"cok muthis agri kesici.. bi tane al, bes saat agrin sizin dinsin. apranax fort daha iyi",eksisozluk
apranax,doktorumun ulser teshisi koyduktan sonra yakin zamanda alip almadigimi sordugu ilac. forte'unu almistim!!!,eksisozluk
apranax,"aspirin ve turevi ilaclara reaksiyon gosterenlerde,aktif mide ve duodenum ulseri bulunan kisilerde,hamilelerde kullanilmamalidir.bobrek ve karaciger fonksiyon bozuklugu olan ayrica kalp rahatsizligi bulunan kisilerde de dikkatle kullanilmalidir.ayrica (bkz:  aprol ) (bkz:  aprowell )",eksisozluk
apranax,uretici firmanin en sevdigi hekimler dis hekimleridir,eksisozluk
apranax,yorucu bedensel aktivite sonrasi yasanan kas agrilarini hafifletebilen ilactir kendisi.,eksisozluk
apranax,"abdi ibrahim ilaç firması tarafından üretilmis, naproksen sodyum oranı 275 mg olan tablet ve 550 mg olan fort tabletler halinde satılan süperr agrı kesici.  regl donemi nde bire bir dir.",eksisozluk
apranax,"mide ph'ını şaşılacak ölçüde düşüren, mide yakan hede....",eksisozluk
apranax,"alkol ile alinabilen nadide agri kesicilerden, hem basi agriyip hemde alabildigine icmek isteyenler icin",eksisozluk
apranax,mutelif gerzeklere viagra die yutturulan yegane mavi ilac,eksisozluk
apranax,sağlam ilaç.. yannıs sanrım vitaminle beraber alınmalıki dumur etmesin.. yoksa bazen ayakta duramıyabilosunuz ağrım bitsin derken.. (bkz:  pilava giderken elindeki bulgurdan olmak ) (bkz:  herneyse ),eksisozluk
apranax,"cok muthis agri kesici.. bi tane al, bes saat agrin sizin dinsin. apranax fort daha iyi",eksisozluk
apranax,doktorumun ulser teshisi koyduktan sonra yakin zamanda alip almadigimi sordugu ilac. forte'unu almistim!!!,eksisozluk
apranax,"aspirin ve turevi ilaclara reaksiyon gosterenlerde,aktif mide ve duodenum ulseri bulunan kisilerde,hamilelerde kullanilmamalidir.bobrek ve karaciger fonksiyon bozuklugu olan ayrica kalp rahatsizligi bulunan kisilerde de dikkatle kullanilmalidir.ayrica (bkz:  aprol ) (bkz:  aprowell )",eksisozluk
apranax,uretici firmanin en sevdigi hekimler dis hekimleridir,eksisozluk
apranax,yorucu bedensel aktivite sonrasi yasanan kas agrilarini hafifletebilen ilactir kendisi.,eksisozluk
apranax,"abdi ibrahim ilaç firması tarafından üretilmis, naproksen sodyum oranı 275 mg olan tablet ve 550 mg olan fort tabletler halinde satılan süperr agrı kesici.  regl donemi nde bire bir dir.",eksisozluk
apranax,"mide ph'ını şaşılacak ölçüde düşüren, mide yakan hede....",eksisozluk
apranax,"alkol ile alinabilen nadide agri kesicilerden, hem basi agriyip hemde alabildigine icmek isteyenler icin",eksisozluk
apranax,mutelif gerzeklere viagra die yutturulan yegane mavi ilac,eksisozluk
apranax,sağlam ilaç.. yannıs sanrım vitaminle beraber alınmalıki dumur etmesin.. yoksa bazen ayakta duramıyabilosunuz ağrım bitsin derken.. (bkz:  pilava giderken elindeki bulgurdan olmak ) (bkz:  herneyse ),eksisozluk
apranax,"cok muthis agri kesici.. bi tane al, bes saat agrin sizin dinsin. apranax fort daha iyi",eksisozluk
apranax,doktorumun ulser teshisi koyduktan sonra yakin zamanda alip almadigimi sordugu ilac. forte'unu almistim!!!,eksisozluk
apranax,"aspirin ve turevi ilaclara reaksiyon gosterenlerde,aktif mide ve duodenum ulseri bulunan kisilerde,hamilelerde kullanilmamalidir.bobrek ve karaciger fonksiyon bozuklugu olan ayrica kalp rahatsizligi bulunan kisilerde de dikkatle kullanilmalidir.ayrica (bkz:  aprol ) (bkz:  aprowell )",eksisozluk
apranax,uretici firmanin en sevdigi hekimler dis hekimleridir,eksisozluk
apranax,yorucu bedensel aktivite sonrasi yasanan kas agrilarini hafifletebilen ilactir kendisi.,eksisozluk
apranax,"abdi ibrahim ilaç firması tarafından üretilmis, naproksen sodyum oranı 275 mg olan tablet ve 550 mg olan fort tabletler halinde satılan süperr agrı kesici.  regl donemi nde bire bir dir.",eksisozluk
apranax,"mide ph'ını şaşılacak ölçüde düşüren, mide yakan hede....",eksisozluk
apranax,"alkol ile alinabilen nadide agri kesicilerden, hem basi agriyip hemde alabildigine icmek isteyenler icin",eksisozluk
apranax,mutelif gerzeklere viagra die yutturulan yegane mavi ilac,eksisozluk
apranax,sağlam ilaç.. yannıs sanrım vitaminle beraber alınmalıki dumur etmesin.. yoksa bazen ayakta duramıyabilosunuz ağrım bitsin derken.. (bkz:  pilava giderken elindeki bulgurdan olmak ) (bkz:  herneyse ),eksisozluk
apranax,"cok muthis agri kesici.. bi tane al, bes saat agrin sizin dinsin. apranax fort daha iyi",eksisozluk
apranax,doktorumun ulser teshisi koyduktan sonra yakin zamanda alip almadigimi sordugu ilac. forte'unu almistim!!!,eksisozluk
apranax,"aspirin ve turevi ilaclara reaksiyon gosterenlerde,aktif mide ve duodenum ulseri bulunan kisilerde,hamilelerde kullanilmamalidir.bobrek ve karaciger fonksiyon bozuklugu olan ayrica kalp rahatsizligi bulunan kisilerde de dikkatle kullanilmalidir.ayrica (bkz:  aprol ) (bkz:  aprowell )",eksisozluk
apranax,uretici firmanin en sevdigi hekimler dis hekimleridir,eksisozluk
apranax,yorucu bedensel aktivite sonrasi yasanan kas agrilarini hafifletebilen ilactir kendisi.,eksisozluk
apranax,"abdi ibrahim ilaç firması tarafından üretilmis, naproksen sodyum oranı 275 mg olan tablet ve 550 mg olan fort tabletler halinde satılan süperr agrı kesici.  regl donemi nde bire bir dir.",eksisozluk
apranax,"mide ph'ını şaşılacak ölçüde düşüren, mide yakan hede....",eksisozluk
apranax,"alkol ile alinabilen nadide agri kesicilerden, hem basi agriyip hemde alabildigine icmek isteyenler icin",eksisozluk
apranax,mutelif gerzeklere viagra die yutturulan yegane mavi ilac,eksisozluk
apranax,sağlam ilaç.. yannıs sanrım vitaminle beraber alınmalıki dumur etmesin.. yoksa bazen ayakta duramıyabilosunuz ağrım bitsin derken.. (bkz:  pilava giderken elindeki bulgurdan olmak ) (bkz:  herneyse ),eksisozluk
apranax,"cok muthis agri kesici.. bi tane al, bes saat agrin sizin dinsin. apranax fort daha iyi",eksisozluk
apranax,doktorumun ulser teshisi koyduktan sonra yakin zamanda alip almadigimi sordugu ilac. forte'unu almistim!!!,eksisozluk
apranax,"aspirin ve turevi ilaclara reaksiyon gosterenlerde,aktif mide ve duodenum ulseri bulunan kisilerde,hamilelerde kullanilmamalidir.bobrek ve karaciger fonksiyon bozuklugu olan ayrica kalp rahatsizligi bulunan kisilerde de dikkatle kullanilmalidir.ayrica (bkz:  aprol ) (bkz:  aprowell )",eksisozluk
apranax,uretici firmanin en sevdigi hekimler dis hekimleridir,eksisozluk
apranax,yorucu bedensel aktivite sonrasi yasanan kas agrilarini hafifletebilen ilactir kendisi.,eksisozluk
apranax,"abdi ibrahim ilaç firması tarafından üretilmis, naproksen sodyum oranı 275 mg olan tablet ve 550 mg olan fort tabletler halinde satılan süperr agrı kesici.  regl donemi nde bire bir dir.",eksisozluk
apranax,"mide ph'ını şaşılacak ölçüde düşüren, mide yakan hede....",eksisozluk
apranax,"alkol ile alinabilen nadide agri kesicilerden, hem basi agriyip hemde alabildigine icmek isteyenler icin",eksisozluk
apranax,mutelif gerzeklere viagra die yutturulan yegane mavi ilac,eksisozluk
apranax,sağlam ilaç.. yannıs sanrım vitaminle beraber alınmalıki dumur etmesin.. yoksa bazen ayakta duramıyabilosunuz ağrım bitsin derken.. (bkz:  pilava giderken elindeki bulgurdan olmak ) (bkz:  herneyse ),eksisozluk
apranax,"cok muthis agri kesici.. bi tane al, bes saat agrin sizin dinsin. apranax fort daha iyi",eksisozluk
apranax,doktorumun ulser teshisi koyduktan sonra yakin zamanda alip almadigimi sordugu ilac. forte'unu almistim!!!,eksisozluk
apranax,"aspirin ve turevi ilaclara reaksiyon gosterenlerde,aktif mide ve duodenum ulseri bulunan kisilerde,hamilelerde kullanilmamalidir.bobrek ve karaciger fonksiyon bozuklugu olan ayrica kalp rahatsizligi bulunan kisilerde de dikkatle kullanilmalidir.ayrica (bkz:  aprol ) (bkz:  aprowell )",eksisozluk
apranax,uretici firmanin en sevdigi hekimler dis hekimleridir,eksisozluk
apranax,yorucu bedensel aktivite sonrasi yasanan kas agrilarini hafifletebilen ilactir kendisi.,eksisozluk
apranax,"abdi ibrahim ilaç firması tarafından üretilmis, naproksen sodyum oranı 275 mg olan tablet ve 550 mg olan fort tabletler halinde satılan süperr agrı kesici.  regl donemi nde bire bir dir.",eksisozluk
apranax,"mide ph'ını şaşılacak ölçüde düşüren, mide yakan hede....",eksisozluk
apranax,"alkol ile alinabilen nadide agri kesicilerden, hem basi agriyip hemde alabildigine icmek isteyenler icin",eksisozluk
apranax,mutelif gerzeklere viagra die yutturulan yegane mavi ilac,eksisozluk
apranax,sağlam ilaç.. yannıs sanrım vitaminle beraber alınmalıki dumur etmesin.. yoksa bazen ayakta duramıyabilosunuz ağrım bitsin derken.. (bkz:  pilava giderken elindeki bulgurdan olmak ) (bkz:  herneyse ),eksisozluk
apranax,"cok muthis agri kesici.. bi tane al, bes saat agrin sizin dinsin. apranax fort daha iyi",eksisozluk
apranax,doktorumun ulser teshisi koyduktan sonra yakin zamanda alip almadigimi sordugu ilac. forte'unu almistim!!!,eksisozluk
apranax,"aspirin ve turevi ilaclara reaksiyon gosterenlerde,aktif mide ve duodenum ulseri bulunan kisilerde,hamilelerde kullanilmamalidir.bobrek ve karaciger fonksiyon bozuklugu olan ayrica kalp rahatsizligi bulunan kisilerde de dikkatle kullanilmalidir.ayrica (bkz:  aprol ) (bkz:  aprowell )",eksisozluk
apranax,uretici firmanin en sevdigi hekimler dis hekimleridir,eksisozluk
apranax,yorucu bedensel aktivite sonrasi yasanan kas agrilarini hafifletebilen ilactir kendisi.,eksisozluk
apranax,"abdi ibrahim ilaç firması tarafından üretilmis, naproksen sodyum oranı 275 mg olan tablet ve 550 mg olan fort tabletler halinde satılan süperr agrı kesici.  regl donemi nde bire bir dir.",eksisozluk
apranax,"mide ph'ını şaşılacak ölçüde düşüren, mide yakan hede....",eksisozluk
apranax,"alkol ile alinabilen nadide agri kesicilerden, hem basi agriyip hemde alabildigine icmek isteyenler icin",eksisozluk
apranax,mutelif gerzeklere viagra die yutturulan yegane mavi ilac,eksisozluk
apranax,sağlam ilaç.. yannıs sanrım vitaminle beraber alınmalıki dumur etmesin.. yoksa bazen ayakta duramıyabilosunuz ağrım bitsin derken.. (bkz:  pilava giderken elindeki bulgurdan olmak ) (bkz:  herneyse ),eksisozluk
apranax,"cok muthis agri kesici.. bi tane al, bes saat agrin sizin dinsin. apranax fort daha iyi",eksisozluk
apranax,doktorumun ulser teshisi koyduktan sonra yakin zamanda alip almadigimi sordugu ilac. forte'unu almistim!!!,eksisozluk
apranax,"aspirin ve turevi ilaclara reaksiyon gosterenlerde,aktif mide ve duodenum ulseri bulunan kisilerde,hamilelerde kullanilmamalidir.bobrek ve karaciger fonksiyon bozuklugu olan ayrica kalp rahatsizligi bulunan kisilerde de dikkatle kullanilmalidir.ayrica (bkz:  aprol ) (bkz:  aprowell )",eksisozluk
apranax,uretici firmanin en sevdigi hekimler dis hekimleridir,eksisozluk
apranax,yorucu bedensel aktivite sonrasi yasanan kas agrilarini hafifletebilen ilactir kendisi.,eksisozluk
apranax,"abdi ibrahim ilaç firması tarafından üretilmis, naproksen sodyum oranı 275 mg olan tablet ve 550 mg olan fort tabletler halinde satılan süperr agrı kesici.  regl donemi nde bire bir dir.",eksisozluk
apranax,"mide ph'ını şaşılacak ölçüde düşüren, mide yakan hede....",eksisozluk
apranax,"alkol ile alinabilen nadide agri kesicilerden, hem basi agriyip hemde alabildigine icmek isteyenler icin",eksisozluk
apranax,mutelif gerzeklere viagra die yutturulan yegane mavi ilac,eksisozluk
apranax,sağlam ilaç.. yannıs sanrım vitaminle beraber alınmalıki dumur etmesin.. yoksa bazen ayakta duramıyabilosunuz ağrım bitsin derken.. (bkz:  pilava giderken elindeki bulgurdan olmak ) (bkz:  herneyse ),eksisozluk
apranax,"cok muthis agri kesici.. bi tane al, bes saat agrin sizin dinsin. apranax fort daha iyi",eksisozluk
apranax,doktorumun ulser teshisi koyduktan sonra yakin zamanda alip almadigimi sordugu ilac. forte'unu almistim!!!,eksisozluk
apranax,"aspirin ve turevi ilaclara reaksiyon gosterenlerde,aktif mide ve duodenum ulseri bulunan kisilerde,hamilelerde kullanilmamalidir.bobrek ve karaciger fonksiyon bozuklugu olan ayrica kalp rahatsizligi bulunan kisilerde de dikkatle kullanilmalidir.ayrica (bkz:  aprol ) (bkz:  aprowell )",eksisozluk
apranax,uretici firmanin en sevdigi hekimler dis hekimleridir,eksisozluk
apranax,yorucu bedensel aktivite sonrasi yasanan kas agrilarini hafifletebilen ilactir kendisi.,eksisozluk
apranax,"abdi ibrahim ilaç firması tarafından üretilmis, naproksen sodyum oranı 275 mg olan tablet ve 550 mg olan fort tabletler halinde satılan süperr agrı kesici.  regl donemi nde bire bir dir.",eksisozluk
apranax,"mide ph'ını şaşılacak ölçüde düşüren, mide yakan hede....",eksisozluk
apranax,"alkol ile alinabilen nadide agri kesicilerden, hem basi agriyip hemde alabildigine icmek isteyenler icin",eksisozluk
apranax,mutelif gerzeklere viagra die yutturulan yegane mavi ilac,eksisozluk
apranax,sağlam ilaç.. yannıs sanrım vitaminle beraber alınmalıki dumur etmesin.. yoksa bazen ayakta duramıyabilosunuz ağrım bitsin derken.. (bkz:  pilava giderken elindeki bulgurdan olmak ) (bkz:  herneyse ),eksisozluk
apranax,"cok muthis agri kesici.. bi tane al, bes saat agrin sizin dinsin. apranax fort daha iyi",eksisozluk
apranax,doktorumun ulser teshisi koyduktan sonra yakin zamanda alip almadigimi sordugu ilac. forte'unu almistim!!!,eksisozluk
apranax,"aspirin ve turevi ilaclara reaksiyon gosterenlerde,aktif mide ve duodenum ulseri bulunan kisilerde,hamilelerde kullanilmamalidir.bobrek ve karaciger fonksiyon bozuklugu olan ayrica kalp rahatsizligi bulunan kisilerde de dikkatle kullanilmalidir.ayrica (bkz:  aprol ) (bkz:  aprowell )",eksisozluk
apranax,uretici firmanin en sevdigi hekimler dis hekimleridir,eksisozluk
apranax,yorucu bedensel aktivite sonrasi yasanan kas agrilarini hafifletebilen ilactir kendisi.,eksisozluk
apranax,"abdi ibrahim ilaç firması tarafından üretilmis, naproksen sodyum oranı 275 mg olan tablet ve 550 mg olan fort tabletler halinde satılan süperr agrı kesici.  regl donemi nde bire bir dir.",eksisozluk
apranax,"mide ph'ını şaşılacak ölçüde düşüren, mide yakan hede....",eksisozluk
majezik,"bas, dis, karin agrisina gayet iyi gelen bir  sanovel  urunu ilac.",eksisozluk
majezik,"endikasyonlar : çeşitli nedenlere bağlı baş ve diş ağrıları, nevraljiler, adet sancıları, romatoid artrit, osteoartrit, ankilozan spondilit, akut gut artriti, eklem romatizmaları, artrozlar, lumbago ve şiddetli radikülaljilerin akut ve uzun süreli semptomatik tedavileri, çeşitli cerrahi operasyonlar, yumuşak doku travmalarına bağlı ağrı ve enflamatuar semptomların giderilmesi, k.b.b. ve stomatolojik rahatsızlıklardaki ağrı ve enflamasyonun giderilmesinde endikedir. kontrendikasyonlar : flurbiprofen'e karşı aşırı duyarlılığı olan kişilerde kontrendikedir. flurbiprofen, aspirin ve diğer nonsteroidal antienflamatuar ilaçların astım, ürtiker veya diğer allerjik reaksiyonlara yol açtığı bilinen kişilerde kontrendikedir. yan etkiler : flurbiprofen tedavisi ile seyrek olarak görülen yan etkiler hafif şiddette, doza bağlı ve geçicidir. dispepsi, bulantı, kusma, abdominal ağrı, gaz şikayetleri, diyare, konstipasyon, ürtiker, baş dönmesi, sinirlilik, kulak çınlaması, bulanık görme, rinit, vücut ağırlığı değişimleri gibi yan etkiler görülebilir.  dozaj : tavsiye edilen günlük doz : bölünmüş dozlar halinde 150 mg - 200 mg'dır. semptomların şiddetine göre günlük doz toplam 300 mg'a çıkarılabilir. adet sancılarında, semptomların başlangıcında 100 mg, bunu takiben 4-6 saatte bir 50 mg - 100 mg'dır. maksimum günlük doz ise, 300 mg'dır.",eksisozluk
majezik,"en kucuk bir agrida, hemen basvurdugum  basucu  ilaci..",eksisozluk
majezik,regl in kesin cozumu majezik arayan bir kadin gordumuzde  regl  oldugunu annamamizi saglayan ilac..  *,eksisozluk
majezik,ağrıdan başını duvarlara vurma noktasına gelenler için en iyi ilaç.yarım saat içinde en dayanılmaz ağrıdan kurtarıyor kıvranan bünyeyi...diğer ağrı kesicilere oranla biraz pahalı ama migren benzeri ağrılarda bile başarılı olduğu düşünülürse kesinlikle fiyatını hak ediyor.,eksisozluk
majezik,orta etkide bir  analjezik . yan etkisinin neredeyse hiç olmaması da bu orta etkililiğinden kaynak alıyor. unutulmamalıdır ki gerçekten etkili olan  ilacın çoğu zaman yan etkisi de olur. etkili bir analjezik için: (bkz:  apranax fort ) *,eksisozluk
majezik,"genelde mide problemi(gastrit,ülser) yaşayan ademoğulları, her painkiller ı öyle kolay alamazlar.(misal;vermidon) bu tarz mide problemi olanların çekinmeden kullanabileceği süper bi ağrı kesicidir. 100 mg lık 20 tabletten oluşan kutucuklar halinde satılan şekli en yaygınıdır. fiyatı da sanırım 12-13 ytl civarlarındadır.",eksisozluk
majezik,regl sancısı için süper bir ağrı kesici...  kısa zamanda kesin çözüm getiren tek ilaç sanırım... buscopan falan yalan!!,eksisozluk
majezik,regl sancısını geçiriyor geçirmesine de regl son ürünlerinin daha sulu ve daha fazla olmasına neden oluyor diyor hatunlar ben onların yalancısıyım...,eksisozluk
majezik,"bas, dis, karin agrisina gayet iyi gelen bir  sanovel  urunu ilac.",eksisozluk
majezik,"endikasyonlar : çeşitli nedenlere bağlı baş ve diş ağrıları, nevraljiler, adet sancıları, romatoid artrit, osteoartrit, ankilozan spondilit, akut gut artriti, eklem romatizmaları, artrozlar, lumbago ve şiddetli radikülaljilerin akut ve uzun süreli semptomatik tedavileri, çeşitli cerrahi operasyonlar, yumuşak doku travmalarına bağlı ağrı ve enflamatuar semptomların giderilmesi, k.b.b. ve stomatolojik rahatsızlıklardaki ağrı ve enflamasyonun giderilmesinde endikedir. kontrendikasyonlar : flurbiprofen'e karşı aşırı duyarlılığı olan kişilerde kontrendikedir. flurbiprofen, aspirin ve diğer nonsteroidal antienflamatuar ilaçların astım, ürtiker veya diğer allerjik reaksiyonlara yol açtığı bilinen kişilerde kontrendikedir. yan etkiler : flurbiprofen tedavisi ile seyrek olarak görülen yan etkiler hafif şiddette, doza bağlı ve geçicidir. dispepsi, bulantı, kusma, abdominal ağrı, gaz şikayetleri, diyare, konstipasyon, ürtiker, baş dönmesi, sinirlilik, kulak çınlaması, bulanık görme, rinit, vücut ağırlığı değişimleri gibi yan etkiler görülebilir.  dozaj : tavsiye edilen günlük doz : bölünmüş dozlar halinde 150 mg - 200 mg'dır. semptomların şiddetine göre günlük doz toplam 300 mg'a çıkarılabilir. adet sancılarında, semptomların başlangıcında 100 mg, bunu takiben 4-6 saatte bir 50 mg - 100 mg'dır. maksimum günlük doz ise, 300 mg'dır.",eksisozluk
majezik,"en kucuk bir agrida, hemen basvurdugum  basucu  ilaci..",eksisozluk
majezik,regl in kesin cozumu majezik arayan bir kadin gordumuzde  regl  oldugunu annamamizi saglayan ilac..  *,eksisozluk
majezik,ağrıdan başını duvarlara vurma noktasına gelenler için en iyi ilaç.yarım saat içinde en dayanılmaz ağrıdan kurtarıyor kıvranan bünyeyi...diğer ağrı kesicilere oranla biraz pahalı ama migren benzeri ağrılarda bile başarılı olduğu düşünülürse kesinlikle fiyatını hak ediyor.,eksisozluk
majezik,orta etkide bir  analjezik . yan etkisinin neredeyse hiç olmaması da bu orta etkililiğinden kaynak alıyor. unutulmamalıdır ki gerçekten etkili olan  ilacın çoğu zaman yan etkisi de olur. etkili bir analjezik için: (bkz:  apranax fort ) *,eksisozluk
majezik,"genelde mide problemi(gastrit,ülser) yaşayan ademoğulları, her painkiller ı öyle kolay alamazlar.(misal;vermidon) bu tarz mide problemi olanların çekinmeden kullanabileceği süper bi ağrı kesicidir. 100 mg lık 20 tabletten oluşan kutucuklar halinde satılan şekli en yaygınıdır. fiyatı da sanırım 12-13 ytl civarlarındadır.",eksisozluk
majezik,regl sancısı için süper bir ağrı kesici...  kısa zamanda kesin çözüm getiren tek ilaç sanırım... buscopan falan yalan!!,eksisozluk
majezik,regl sancısını geçiriyor geçirmesine de regl son ürünlerinin daha sulu ve daha fazla olmasına neden oluyor diyor hatunlar ben onların yalancısıyım...,eksisozluk
majezik,"bas, dis, karin agrisina gayet iyi gelen bir  sanovel  urunu ilac.",eksisozluk
majezik,"endikasyonlar : çeşitli nedenlere bağlı baş ve diş ağrıları, nevraljiler, adet sancıları, romatoid artrit, osteoartrit, ankilozan spondilit, akut gut artriti, eklem romatizmaları, artrozlar, lumbago ve şiddetli radikülaljilerin akut ve uzun süreli semptomatik tedavileri, çeşitli cerrahi operasyonlar, yumuşak doku travmalarına bağlı ağrı ve enflamatuar semptomların giderilmesi, k.b.b. ve stomatolojik rahatsızlıklardaki ağrı ve enflamasyonun giderilmesinde endikedir. kontrendikasyonlar : flurbiprofen'e karşı aşırı duyarlılığı olan kişilerde kontrendikedir. flurbiprofen, aspirin ve diğer nonsteroidal antienflamatuar ilaçların astım, ürtiker veya diğer allerjik reaksiyonlara yol açtığı bilinen kişilerde kontrendikedir. yan etkiler : flurbiprofen tedavisi ile seyrek olarak görülen yan etkiler hafif şiddette, doza bağlı ve geçicidir. dispepsi, bulantı, kusma, abdominal ağrı, gaz şikayetleri, diyare, konstipasyon, ürtiker, baş dönmesi, sinirlilik, kulak çınlaması, bulanık görme, rinit, vücut ağırlığı değişimleri gibi yan etkiler görülebilir.  dozaj : tavsiye edilen günlük doz : bölünmüş dozlar halinde 150 mg - 200 mg'dır. semptomların şiddetine göre günlük doz toplam 300 mg'a çıkarılabilir. adet sancılarında, semptomların başlangıcında 100 mg, bunu takiben 4-6 saatte bir 50 mg - 100 mg'dır. maksimum günlük doz ise, 300 mg'dır.",eksisozluk
majezik,"en kucuk bir agrida, hemen basvurdugum  basucu  ilaci..",eksisozluk
majezik,regl in kesin cozumu majezik arayan bir kadin gordumuzde  regl  oldugunu annamamizi saglayan ilac..  *,eksisozluk
majezik,ağrıdan başını duvarlara vurma noktasına gelenler için en iyi ilaç.yarım saat içinde en dayanılmaz ağrıdan kurtarıyor kıvranan bünyeyi...diğer ağrı kesicilere oranla biraz pahalı ama migren benzeri ağrılarda bile başarılı olduğu düşünülürse kesinlikle fiyatını hak ediyor.,eksisozluk
majezik,orta etkide bir  analjezik . yan etkisinin neredeyse hiç olmaması da bu orta etkililiğinden kaynak alıyor. unutulmamalıdır ki gerçekten etkili olan  ilacın çoğu zaman yan etkisi de olur. etkili bir analjezik için: (bkz:  apranax fort ) *,eksisozluk
majezik,"genelde mide problemi(gastrit,ülser) yaşayan ademoğulları, her painkiller ı öyle kolay alamazlar.(misal;vermidon) bu tarz mide problemi olanların çekinmeden kullanabileceği süper bi ağrı kesicidir. 100 mg lık 20 tabletten oluşan kutucuklar halinde satılan şekli en yaygınıdır. fiyatı da sanırım 12-13 ytl civarlarındadır.",eksisozluk
majezik,regl sancısı için süper bir ağrı kesici...  kısa zamanda kesin çözüm getiren tek ilaç sanırım... buscopan falan yalan!!,eksisozluk
majezik,regl sancısını geçiriyor geçirmesine de regl son ürünlerinin daha sulu ve daha fazla olmasına neden oluyor diyor hatunlar ben onların yalancısıyım...,eksisozluk
majezik,"bas, dis, karin agrisina gayet iyi gelen bir  sanovel  urunu ilac.",eksisozluk
majezik,"endikasyonlar : çeşitli nedenlere bağlı baş ve diş ağrıları, nevraljiler, adet sancıları, romatoid artrit, osteoartrit, ankilozan spondilit, akut gut artriti, eklem romatizmaları, artrozlar, lumbago ve şiddetli radikülaljilerin akut ve uzun süreli semptomatik tedavileri, çeşitli cerrahi operasyonlar, yumuşak doku travmalarına bağlı ağrı ve enflamatuar semptomların giderilmesi, k.b.b. ve stomatolojik rahatsızlıklardaki ağrı ve enflamasyonun giderilmesinde endikedir. kontrendikasyonlar : flurbiprofen'e karşı aşırı duyarlılığı olan kişilerde kontrendikedir. flurbiprofen, aspirin ve diğer nonsteroidal antienflamatuar ilaçların astım, ürtiker veya diğer allerjik reaksiyonlara yol açtığı bilinen kişilerde kontrendikedir. yan etkiler : flurbiprofen tedavisi ile seyrek olarak görülen yan etkiler hafif şiddette, doza bağlı ve geçicidir. dispepsi, bulantı, kusma, abdominal ağrı, gaz şikayetleri, diyare, konstipasyon, ürtiker, baş dönmesi, sinirlilik, kulak çınlaması, bulanık görme, rinit, vücut ağırlığı değişimleri gibi yan etkiler görülebilir.  dozaj : tavsiye edilen günlük doz : bölünmüş dozlar halinde 150 mg - 200 mg'dır. semptomların şiddetine göre günlük doz toplam 300 mg'a çıkarılabilir. adet sancılarında, semptomların başlangıcında 100 mg, bunu takiben 4-6 saatte bir 50 mg - 100 mg'dır. maksimum günlük doz ise, 300 mg'dır.",eksisozluk
majezik,"en kucuk bir agrida, hemen basvurdugum  basucu  ilaci..",eksisozluk
majezik,regl in kesin cozumu majezik arayan bir kadin gordumuzde  regl  oldugunu annamamizi saglayan ilac..  *,eksisozluk
majezik,ağrıdan başını duvarlara vurma noktasına gelenler için en iyi ilaç.yarım saat içinde en dayanılmaz ağrıdan kurtarıyor kıvranan bünyeyi...diğer ağrı kesicilere oranla biraz pahalı ama migren benzeri ağrılarda bile başarılı olduğu düşünülürse kesinlikle fiyatını hak ediyor.,eksisozluk
majezik,orta etkide bir  analjezik . yan etkisinin neredeyse hiç olmaması da bu orta etkililiğinden kaynak alıyor. unutulmamalıdır ki gerçekten etkili olan  ilacın çoğu zaman yan etkisi de olur. etkili bir analjezik için: (bkz:  apranax fort ) *,eksisozluk
majezik,"genelde mide problemi(gastrit,ülser) yaşayan ademoğulları, her painkiller ı öyle kolay alamazlar.(misal;vermidon) bu tarz mide problemi olanların çekinmeden kullanabileceği süper bi ağrı kesicidir. 100 mg lık 20 tabletten oluşan kutucuklar halinde satılan şekli en yaygınıdır. fiyatı da sanırım 12-13 ytl civarlarındadır.",eksisozluk
majezik,regl sancısı için süper bir ağrı kesici...  kısa zamanda kesin çözüm getiren tek ilaç sanırım... buscopan falan yalan!!,eksisozluk
majezik,regl sancısını geçiriyor geçirmesine de regl son ürünlerinin daha sulu ve daha fazla olmasına neden oluyor diyor hatunlar ben onların yalancısıyım...,eksisozluk
majezik,"bas, dis, karin agrisina gayet iyi gelen bir  sanovel  urunu ilac.",eksisozluk
majezik,"endikasyonlar : çeşitli nedenlere bağlı baş ve diş ağrıları, nevraljiler, adet sancıları, romatoid artrit, osteoartrit, ankilozan spondilit, akut gut artriti, eklem romatizmaları, artrozlar, lumbago ve şiddetli radikülaljilerin akut ve uzun süreli semptomatik tedavileri, çeşitli cerrahi operasyonlar, yumuşak doku travmalarına bağlı ağrı ve enflamatuar semptomların giderilmesi, k.b.b. ve stomatolojik rahatsızlıklardaki ağrı ve enflamasyonun giderilmesinde endikedir. kontrendikasyonlar : flurbiprofen'e karşı aşırı duyarlılığı olan kişilerde kontrendikedir. flurbiprofen, aspirin ve diğer nonsteroidal antienflamatuar ilaçların astım, ürtiker veya diğer allerjik reaksiyonlara yol açtığı bilinen kişilerde kontrendikedir. yan etkiler : flurbiprofen tedavisi ile seyrek olarak görülen yan etkiler hafif şiddette, doza bağlı ve geçicidir. dispepsi, bulantı, kusma, abdominal ağrı, gaz şikayetleri, diyare, konstipasyon, ürtiker, baş dönmesi, sinirlilik, kulak çınlaması, bulanık görme, rinit, vücut ağırlığı değişimleri gibi yan etkiler görülebilir.  dozaj : tavsiye edilen günlük doz : bölünmüş dozlar halinde 150 mg - 200 mg'dır. semptomların şiddetine göre günlük doz toplam 300 mg'a çıkarılabilir. adet sancılarında, semptomların başlangıcında 100 mg, bunu takiben 4-6 saatte bir 50 mg - 100 mg'dır. maksimum günlük doz ise, 300 mg'dır.",eksisozluk
majezik,"en kucuk bir agrida, hemen basvurdugum  basucu  ilaci..",eksisozluk
majezik,regl in kesin cozumu majezik arayan bir kadin gordumuzde  regl  oldugunu annamamizi saglayan ilac..  *,eksisozluk
majezik,ağrıdan başını duvarlara vurma noktasına gelenler için en iyi ilaç.yarım saat içinde en dayanılmaz ağrıdan kurtarıyor kıvranan bünyeyi...diğer ağrı kesicilere oranla biraz pahalı ama migren benzeri ağrılarda bile başarılı olduğu düşünülürse kesinlikle fiyatını hak ediyor.,eksisozluk
majezik,orta etkide bir  analjezik . yan etkisinin neredeyse hiç olmaması da bu orta etkililiğinden kaynak alıyor. unutulmamalıdır ki gerçekten etkili olan  ilacın çoğu zaman yan etkisi de olur. etkili bir analjezik için: (bkz:  apranax fort ) *,eksisozluk
majezik,"genelde mide problemi(gastrit,ülser) yaşayan ademoğulları, her painkiller ı öyle kolay alamazlar.(misal;vermidon) bu tarz mide problemi olanların çekinmeden kullanabileceği süper bi ağrı kesicidir. 100 mg lık 20 tabletten oluşan kutucuklar halinde satılan şekli en yaygınıdır. fiyatı da sanırım 12-13 ytl civarlarındadır.",eksisozluk
majezik,regl sancısı için süper bir ağrı kesici...  kısa zamanda kesin çözüm getiren tek ilaç sanırım... buscopan falan yalan!!,eksisozluk
majezik,regl sancısını geçiriyor geçirmesine de regl son ürünlerinin daha sulu ve daha fazla olmasına neden oluyor diyor hatunlar ben onların yalancısıyım...,eksisozluk
majezik,"bas, dis, karin agrisina gayet iyi gelen bir  sanovel  urunu ilac.",eksisozluk
majezik,"endikasyonlar : çeşitli nedenlere bağlı baş ve diş ağrıları, nevraljiler, adet sancıları, romatoid artrit, osteoartrit, ankilozan spondilit, akut gut artriti, eklem romatizmaları, artrozlar, lumbago ve şiddetli radikülaljilerin akut ve uzun süreli semptomatik tedavileri, çeşitli cerrahi operasyonlar, yumuşak doku travmalarına bağlı ağrı ve enflamatuar semptomların giderilmesi, k.b.b. ve stomatolojik rahatsızlıklardaki ağrı ve enflamasyonun giderilmesinde endikedir. kontrendikasyonlar : flurbiprofen'e karşı aşırı duyarlılığı olan kişilerde kontrendikedir. flurbiprofen, aspirin ve diğer nonsteroidal antienflamatuar ilaçların astım, ürtiker veya diğer allerjik reaksiyonlara yol açtığı bilinen kişilerde kontrendikedir. yan etkiler : flurbiprofen tedavisi ile seyrek olarak görülen yan etkiler hafif şiddette, doza bağlı ve geçicidir. dispepsi, bulantı, kusma, abdominal ağrı, gaz şikayetleri, diyare, konstipasyon, ürtiker, baş dönmesi, sinirlilik, kulak çınlaması, bulanık görme, rinit, vücut ağırlığı değişimleri gibi yan etkiler görülebilir.  dozaj : tavsiye edilen günlük doz : bölünmüş dozlar halinde 150 mg - 200 mg'dır. semptomların şiddetine göre günlük doz toplam 300 mg'a çıkarılabilir. adet sancılarında, semptomların başlangıcında 100 mg, bunu takiben 4-6 saatte bir 50 mg - 100 mg'dır. maksimum günlük doz ise, 300 mg'dır.",eksisozluk
majezik,"en kucuk bir agrida, hemen basvurdugum  basucu  ilaci..",eksisozluk
majezik,regl in kesin cozumu majezik arayan bir kadin gordumuzde  regl  oldugunu annamamizi saglayan ilac..  *,eksisozluk
majezik,ağrıdan başını duvarlara vurma noktasına gelenler için en iyi ilaç.yarım saat içinde en dayanılmaz ağrıdan kurtarıyor kıvranan bünyeyi...diğer ağrı kesicilere oranla biraz pahalı ama migren benzeri ağrılarda bile başarılı olduğu düşünülürse kesinlikle fiyatını hak ediyor.,eksisozluk
majezik,orta etkide bir  analjezik . yan etkisinin neredeyse hiç olmaması da bu orta etkililiğinden kaynak alıyor. unutulmamalıdır ki gerçekten etkili olan  ilacın çoğu zaman yan etkisi de olur. etkili bir analjezik için: (bkz:  apranax fort ) *,eksisozluk
majezik,"genelde mide problemi(gastrit,ülser) yaşayan ademoğulları, her painkiller ı öyle kolay alamazlar.(misal;vermidon) bu tarz mide problemi olanların çekinmeden kullanabileceği süper bi ağrı kesicidir. 100 mg lık 20 tabletten oluşan kutucuklar halinde satılan şekli en yaygınıdır. fiyatı da sanırım 12-13 ytl civarlarındadır.",eksisozluk
majezik,regl sancısı için süper bir ağrı kesici...  kısa zamanda kesin çözüm getiren tek ilaç sanırım... buscopan falan yalan!!,eksisozluk
majezik,regl sancısını geçiriyor geçirmesine de regl son ürünlerinin daha sulu ve daha fazla olmasına neden oluyor diyor hatunlar ben onların yalancısıyım...,eksisozluk
majezik,"bas, dis, karin agrisina gayet iyi gelen bir  sanovel  urunu ilac.",eksisozluk
majezik,"endikasyonlar : çeşitli nedenlere bağlı baş ve diş ağrıları, nevraljiler, adet sancıları, romatoid artrit, osteoartrit, ankilozan spondilit, akut gut artriti, eklem romatizmaları, artrozlar, lumbago ve şiddetli radikülaljilerin akut ve uzun süreli semptomatik tedavileri, çeşitli cerrahi operasyonlar, yumuşak doku travmalarına bağlı ağrı ve enflamatuar semptomların giderilmesi, k.b.b. ve stomatolojik rahatsızlıklardaki ağrı ve enflamasyonun giderilmesinde endikedir. kontrendikasyonlar : flurbiprofen'e karşı aşırı duyarlılığı olan kişilerde kontrendikedir. flurbiprofen, aspirin ve diğer nonsteroidal antienflamatuar ilaçların astım, ürtiker veya diğer allerjik reaksiyonlara yol açtığı bilinen kişilerde kontrendikedir. yan etkiler : flurbiprofen tedavisi ile seyrek olarak görülen yan etkiler hafif şiddette, doza bağlı ve geçicidir. dispepsi, bulantı, kusma, abdominal ağrı, gaz şikayetleri, diyare, konstipasyon, ürtiker, baş dönmesi, sinirlilik, kulak çınlaması, bulanık görme, rinit, vücut ağırlığı değişimleri gibi yan etkiler görülebilir.  dozaj : tavsiye edilen günlük doz : bölünmüş dozlar halinde 150 mg - 200 mg'dır. semptomların şiddetine göre günlük doz toplam 300 mg'a çıkarılabilir. adet sancılarında, semptomların başlangıcında 100 mg, bunu takiben 4-6 saatte bir 50 mg - 100 mg'dır. maksimum günlük doz ise, 300 mg'dır.",eksisozluk
majezik,"en kucuk bir agrida, hemen basvurdugum  basucu  ilaci..",eksisozluk
majezik,regl in kesin cozumu majezik arayan bir kadin gordumuzde  regl  oldugunu annamamizi saglayan ilac..  *,eksisozluk
majezik,ağrıdan başını duvarlara vurma noktasına gelenler için en iyi ilaç.yarım saat içinde en dayanılmaz ağrıdan kurtarıyor kıvranan bünyeyi...diğer ağrı kesicilere oranla biraz pahalı ama migren benzeri ağrılarda bile başarılı olduğu düşünülürse kesinlikle fiyatını hak ediyor.,eksisozluk
majezik,orta etkide bir  analjezik . yan etkisinin neredeyse hiç olmaması da bu orta etkililiğinden kaynak alıyor. unutulmamalıdır ki gerçekten etkili olan  ilacın çoğu zaman yan etkisi de olur. etkili bir analjezik için: (bkz:  apranax fort ) *,eksisozluk
majezik,"genelde mide problemi(gastrit,ülser) yaşayan ademoğulları, her painkiller ı öyle kolay alamazlar.(misal;vermidon) bu tarz mide problemi olanların çekinmeden kullanabileceği süper bi ağrı kesicidir. 100 mg lık 20 tabletten oluşan kutucuklar halinde satılan şekli en yaygınıdır. fiyatı da sanırım 12-13 ytl civarlarındadır.",eksisozluk
majezik,regl sancısı için süper bir ağrı kesici...  kısa zamanda kesin çözüm getiren tek ilaç sanırım... buscopan falan yalan!!,eksisozluk
majezik,regl sancısını geçiriyor geçirmesine de regl son ürünlerinin daha sulu ve daha fazla olmasına neden oluyor diyor hatunlar ben onların yalancısıyım...,eksisozluk
majezik,"bas, dis, karin agrisina gayet iyi gelen bir  sanovel  urunu ilac.",eksisozluk
majezik,"endikasyonlar : çeşitli nedenlere bağlı baş ve diş ağrıları, nevraljiler, adet sancıları, romatoid artrit, osteoartrit, ankilozan spondilit, akut gut artriti, eklem romatizmaları, artrozlar, lumbago ve şiddetli radikülaljilerin akut ve uzun süreli semptomatik tedavileri, çeşitli cerrahi operasyonlar, yumuşak doku travmalarına bağlı ağrı ve enflamatuar semptomların giderilmesi, k.b.b. ve stomatolojik rahatsızlıklardaki ağrı ve enflamasyonun giderilmesinde endikedir. kontrendikasyonlar : flurbiprofen'e karşı aşırı duyarlılığı olan kişilerde kontrendikedir. flurbiprofen, aspirin ve diğer nonsteroidal antienflamatuar ilaçların astım, ürtiker veya diğer allerjik reaksiyonlara yol açtığı bilinen kişilerde kontrendikedir. yan etkiler : flurbiprofen tedavisi ile seyrek olarak görülen yan etkiler hafif şiddette, doza bağlı ve geçicidir. dispepsi, bulantı, kusma, abdominal ağrı, gaz şikayetleri, diyare, konstipasyon, ürtiker, baş dönmesi, sinirlilik, kulak çınlaması, bulanık görme, rinit, vücut ağırlığı değişimleri gibi yan etkiler görülebilir.  dozaj : tavsiye edilen günlük doz : bölünmüş dozlar halinde 150 mg - 200 mg'dır. semptomların şiddetine göre günlük doz toplam 300 mg'a çıkarılabilir. adet sancılarında, semptomların başlangıcında 100 mg, bunu takiben 4-6 saatte bir 50 mg - 100 mg'dır. maksimum günlük doz ise, 300 mg'dır.",eksisozluk
majezik,"en kucuk bir agrida, hemen basvurdugum  basucu  ilaci..",eksisozluk
majezik,regl in kesin cozumu majezik arayan bir kadin gordumuzde  regl  oldugunu annamamizi saglayan ilac..  *,eksisozluk
majezik,ağrıdan başını duvarlara vurma noktasına gelenler için en iyi ilaç.yarım saat içinde en dayanılmaz ağrıdan kurtarıyor kıvranan bünyeyi...diğer ağrı kesicilere oranla biraz pahalı ama migren benzeri ağrılarda bile başarılı olduğu düşünülürse kesinlikle fiyatını hak ediyor.,eksisozluk
majezik,orta etkide bir  analjezik . yan etkisinin neredeyse hiç olmaması da bu orta etkililiğinden kaynak alıyor. unutulmamalıdır ki gerçekten etkili olan  ilacın çoğu zaman yan etkisi de olur. etkili bir analjezik için: (bkz:  apranax fort ) *,eksisozluk
majezik,"genelde mide problemi(gastrit,ülser) yaşayan ademoğulları, her painkiller ı öyle kolay alamazlar.(misal;vermidon) bu tarz mide problemi olanların çekinmeden kullanabileceği süper bi ağrı kesicidir. 100 mg lık 20 tabletten oluşan kutucuklar halinde satılan şekli en yaygınıdır. fiyatı da sanırım 12-13 ytl civarlarındadır.",eksisozluk
majezik,regl sancısı için süper bir ağrı kesici...  kısa zamanda kesin çözüm getiren tek ilaç sanırım... buscopan falan yalan!!,eksisozluk
majezik,regl sancısını geçiriyor geçirmesine de regl son ürünlerinin daha sulu ve daha fazla olmasına neden oluyor diyor hatunlar ben onların yalancısıyım...,eksisozluk
majezik,"bas, dis, karin agrisina gayet iyi gelen bir  sanovel  urunu ilac.",eksisozluk
majezik,"endikasyonlar : çeşitli nedenlere bağlı baş ve diş ağrıları, nevraljiler, adet sancıları, romatoid artrit, osteoartrit, ankilozan spondilit, akut gut artriti, eklem romatizmaları, artrozlar, lumbago ve şiddetli radikülaljilerin akut ve uzun süreli semptomatik tedavileri, çeşitli cerrahi operasyonlar, yumuşak doku travmalarına bağlı ağrı ve enflamatuar semptomların giderilmesi, k.b.b. ve stomatolojik rahatsızlıklardaki ağrı ve enflamasyonun giderilmesinde endikedir. kontrendikasyonlar : flurbiprofen'e karşı aşırı duyarlılığı olan kişilerde kontrendikedir. flurbiprofen, aspirin ve diğer nonsteroidal antienflamatuar ilaçların astım, ürtiker veya diğer allerjik reaksiyonlara yol açtığı bilinen kişilerde kontrendikedir. yan etkiler : flurbiprofen tedavisi ile seyrek olarak görülen yan etkiler hafif şiddette, doza bağlı ve geçicidir. dispepsi, bulantı, kusma, abdominal ağrı, gaz şikayetleri, diyare, konstipasyon, ürtiker, baş dönmesi, sinirlilik, kulak çınlaması, bulanık görme, rinit, vücut ağırlığı değişimleri gibi yan etkiler görülebilir.  dozaj : tavsiye edilen günlük doz : bölünmüş dozlar halinde 150 mg - 200 mg'dır. semptomların şiddetine göre günlük doz toplam 300 mg'a çıkarılabilir. adet sancılarında, semptomların başlangıcında 100 mg, bunu takiben 4-6 saatte bir 50 mg - 100 mg'dır. maksimum günlük doz ise, 300 mg'dır.",eksisozluk
majezik,"en kucuk bir agrida, hemen basvurdugum  basucu  ilaci..",eksisozluk
majezik,regl in kesin cozumu majezik arayan bir kadin gordumuzde  regl  oldugunu annamamizi saglayan ilac..  *,eksisozluk
majezik,ağrıdan başını duvarlara vurma noktasına gelenler için en iyi ilaç.yarım saat içinde en dayanılmaz ağrıdan kurtarıyor kıvranan bünyeyi...diğer ağrı kesicilere oranla biraz pahalı ama migren benzeri ağrılarda bile başarılı olduğu düşünülürse kesinlikle fiyatını hak ediyor.,eksisozluk
majezik,orta etkide bir  analjezik . yan etkisinin neredeyse hiç olmaması da bu orta etkililiğinden kaynak alıyor. unutulmamalıdır ki gerçekten etkili olan  ilacın çoğu zaman yan etkisi de olur. etkili bir analjezik için: (bkz:  apranax fort ) *,eksisozluk
majezik,"genelde mide problemi(gastrit,ülser) yaşayan ademoğulları, her painkiller ı öyle kolay alamazlar.(misal;vermidon) bu tarz mide problemi olanların çekinmeden kullanabileceği süper bi ağrı kesicidir. 100 mg lık 20 tabletten oluşan kutucuklar halinde satılan şekli en yaygınıdır. fiyatı da sanırım 12-13 ytl civarlarındadır.",eksisozluk
majezik,regl sancısı için süper bir ağrı kesici...  kısa zamanda kesin çözüm getiren tek ilaç sanırım... buscopan falan yalan!!,eksisozluk
majezik,regl sancısını geçiriyor geçirmesine de regl son ürünlerinin daha sulu ve daha fazla olmasına neden oluyor diyor hatunlar ben onların yalancısıyım...,eksisozluk
majezik,"bas, dis, karin agrisina gayet iyi gelen bir  sanovel  urunu ilac.",eksisozluk
majezik,"endikasyonlar : çeşitli nedenlere bağlı baş ve diş ağrıları, nevraljiler, adet sancıları, romatoid artrit, osteoartrit, ankilozan spondilit, akut gut artriti, eklem romatizmaları, artrozlar, lumbago ve şiddetli radikülaljilerin akut ve uzun süreli semptomatik tedavileri, çeşitli cerrahi operasyonlar, yumuşak doku travmalarına bağlı ağrı ve enflamatuar semptomların giderilmesi, k.b.b. ve stomatolojik rahatsızlıklardaki ağrı ve enflamasyonun giderilmesinde endikedir. kontrendikasyonlar : flurbiprofen'e karşı aşırı duyarlılığı olan kişilerde kontrendikedir. flurbiprofen, aspirin ve diğer nonsteroidal antienflamatuar ilaçların astım, ürtiker veya diğer allerjik reaksiyonlara yol açtığı bilinen kişilerde kontrendikedir. yan etkiler : flurbiprofen tedavisi ile seyrek olarak görülen yan etkiler hafif şiddette, doza bağlı ve geçicidir. dispepsi, bulantı, kusma, abdominal ağrı, gaz şikayetleri, diyare, konstipasyon, ürtiker, baş dönmesi, sinirlilik, kulak çınlaması, bulanık görme, rinit, vücut ağırlığı değişimleri gibi yan etkiler görülebilir.  dozaj : tavsiye edilen günlük doz : bölünmüş dozlar halinde 150 mg - 200 mg'dır. semptomların şiddetine göre günlük doz toplam 300 mg'a çıkarılabilir. adet sancılarında, semptomların başlangıcında 100 mg, bunu takiben 4-6 saatte bir 50 mg - 100 mg'dır. maksimum günlük doz ise, 300 mg'dır.",eksisozluk
majezik,"en kucuk bir agrida, hemen basvurdugum  basucu  ilaci..",eksisozluk
majezik,regl in kesin cozumu majezik arayan bir kadin gordumuzde  regl  oldugunu annamamizi saglayan ilac..  *,eksisozluk
majezik,ağrıdan başını duvarlara vurma noktasına gelenler için en iyi ilaç.yarım saat içinde en dayanılmaz ağrıdan kurtarıyor kıvranan bünyeyi...diğer ağrı kesicilere oranla biraz pahalı ama migren benzeri ağrılarda bile başarılı olduğu düşünülürse kesinlikle fiyatını hak ediyor.,eksisozluk
majezik,orta etkide bir  analjezik . yan etkisinin neredeyse hiç olmaması da bu orta etkililiğinden kaynak alıyor. unutulmamalıdır ki gerçekten etkili olan  ilacın çoğu zaman yan etkisi de olur. etkili bir analjezik için: (bkz:  apranax fort ) *,eksisozluk
majezik,"genelde mide problemi(gastrit,ülser) yaşayan ademoğulları, her painkiller ı öyle kolay alamazlar.(misal;vermidon) bu tarz mide problemi olanların çekinmeden kullanabileceği süper bi ağrı kesicidir. 100 mg lık 20 tabletten oluşan kutucuklar halinde satılan şekli en yaygınıdır. fiyatı da sanırım 12-13 ytl civarlarındadır.",eksisozluk
majezik,regl sancısı için süper bir ağrı kesici...  kısa zamanda kesin çözüm getiren tek ilaç sanırım... buscopan falan yalan!!,eksisozluk
majezik,regl sancısını geçiriyor geçirmesine de regl son ürünlerinin daha sulu ve daha fazla olmasına neden oluyor diyor hatunlar ben onların yalancısıyım...,eksisozluk
majezik,"bas, dis, karin agrisina gayet iyi gelen bir  sanovel  urunu ilac.",eksisozluk
majezik,"endikasyonlar : çeşitli nedenlere bağlı baş ve diş ağrıları, nevraljiler, adet sancıları, romatoid artrit, osteoartrit, ankilozan spondilit, akut gut artriti, eklem romatizmaları, artrozlar, lumbago ve şiddetli radikülaljilerin akut ve uzun süreli semptomatik tedavileri, çeşitli cerrahi operasyonlar, yumuşak doku travmalarına bağlı ağrı ve enflamatuar semptomların giderilmesi, k.b.b. ve stomatolojik rahatsızlıklardaki ağrı ve enflamasyonun giderilmesinde endikedir. kontrendikasyonlar : flurbiprofen'e karşı aşırı duyarlılığı olan kişilerde kontrendikedir. flurbiprofen, aspirin ve diğer nonsteroidal antienflamatuar ilaçların astım, ürtiker veya diğer allerjik reaksiyonlara yol açtığı bilinen kişilerde kontrendikedir. yan etkiler : flurbiprofen tedavisi ile seyrek olarak görülen yan etkiler hafif şiddette, doza bağlı ve geçicidir. dispepsi, bulantı, kusma, abdominal ağrı, gaz şikayetleri, diyare, konstipasyon, ürtiker, baş dönmesi, sinirlilik, kulak çınlaması, bulanık görme, rinit, vücut ağırlığı değişimleri gibi yan etkiler görülebilir.  dozaj : tavsiye edilen günlük doz : bölünmüş dozlar halinde 150 mg - 200 mg'dır. semptomların şiddetine göre günlük doz toplam 300 mg'a çıkarılabilir. adet sancılarında, semptomların başlangıcında 100 mg, bunu takiben 4-6 saatte bir 50 mg - 100 mg'dır. maksimum günlük doz ise, 300 mg'dır.",eksisozluk
majezik,"en kucuk bir agrida, hemen basvurdugum  basucu  ilaci..",eksisozluk
majezik,regl in kesin cozumu majezik arayan bir kadin gordumuzde  regl  oldugunu annamamizi saglayan ilac..  *,eksisozluk
majezik,ağrıdan başını duvarlara vurma noktasına gelenler için en iyi ilaç.yarım saat içinde en dayanılmaz ağrıdan kurtarıyor kıvranan bünyeyi...diğer ağrı kesicilere oranla biraz pahalı ama migren benzeri ağrılarda bile başarılı olduğu düşünülürse kesinlikle fiyatını hak ediyor.,eksisozluk
majezik,orta etkide bir  analjezik . yan etkisinin neredeyse hiç olmaması da bu orta etkililiğinden kaynak alıyor. unutulmamalıdır ki gerçekten etkili olan  ilacın çoğu zaman yan etkisi de olur. etkili bir analjezik için: (bkz:  apranax fort ) *,eksisozluk
majezik,"genelde mide problemi(gastrit,ülser) yaşayan ademoğulları, her painkiller ı öyle kolay alamazlar.(misal;vermidon) bu tarz mide problemi olanların çekinmeden kullanabileceği süper bi ağrı kesicidir. 100 mg lık 20 tabletten oluşan kutucuklar halinde satılan şekli en yaygınıdır. fiyatı da sanırım 12-13 ytl civarlarındadır.",eksisozluk
majezik,regl sancısı için süper bir ağrı kesici...  kısa zamanda kesin çözüm getiren tek ilaç sanırım... buscopan falan yalan!!,eksisozluk
majezik,regl sancısını geçiriyor geçirmesine de regl son ürünlerinin daha sulu ve daha fazla olmasına neden oluyor diyor hatunlar ben onların yalancısıyım...,eksisozluk
majezik,"bas, dis, karin agrisina gayet iyi gelen bir  sanovel  urunu ilac.",eksisozluk
majezik,"endikasyonlar : çeşitli nedenlere bağlı baş ve diş ağrıları, nevraljiler, adet sancıları, romatoid artrit, osteoartrit, ankilozan spondilit, akut gut artriti, eklem romatizmaları, artrozlar, lumbago ve şiddetli radikülaljilerin akut ve uzun süreli semptomatik tedavileri, çeşitli cerrahi operasyonlar, yumuşak doku travmalarına bağlı ağrı ve enflamatuar semptomların giderilmesi, k.b.b. ve stomatolojik rahatsızlıklardaki ağrı ve enflamasyonun giderilmesinde endikedir. kontrendikasyonlar : flurbiprofen'e karşı aşırı duyarlılığı olan kişilerde kontrendikedir. flurbiprofen, aspirin ve diğer nonsteroidal antienflamatuar ilaçların astım, ürtiker veya diğer allerjik reaksiyonlara yol açtığı bilinen kişilerde kontrendikedir. yan etkiler : flurbiprofen tedavisi ile seyrek olarak görülen yan etkiler hafif şiddette, doza bağlı ve geçicidir. dispepsi, bulantı, kusma, abdominal ağrı, gaz şikayetleri, diyare, konstipasyon, ürtiker, baş dönmesi, sinirlilik, kulak çınlaması, bulanık görme, rinit, vücut ağırlığı değişimleri gibi yan etkiler görülebilir.  dozaj : tavsiye edilen günlük doz : bölünmüş dozlar halinde 150 mg - 200 mg'dır. semptomların şiddetine göre günlük doz toplam 300 mg'a çıkarılabilir. adet sancılarında, semptomların başlangıcında 100 mg, bunu takiben 4-6 saatte bir 50 mg - 100 mg'dır. maksimum günlük doz ise, 300 mg'dır.",eksisozluk
majezik,"en kucuk bir agrida, hemen basvurdugum  basucu  ilaci..",eksisozluk
majezik,regl in kesin cozumu majezik arayan bir kadin gordumuzde  regl  oldugunu annamamizi saglayan ilac..  *,eksisozluk
majezik,ağrıdan başını duvarlara vurma noktasına gelenler için en iyi ilaç.yarım saat içinde en dayanılmaz ağrıdan kurtarıyor kıvranan bünyeyi...diğer ağrı kesicilere oranla biraz pahalı ama migren benzeri ağrılarda bile başarılı olduğu düşünülürse kesinlikle fiyatını hak ediyor.,eksisozluk
majezik,orta etkide bir  analjezik . yan etkisinin neredeyse hiç olmaması da bu orta etkililiğinden kaynak alıyor. unutulmamalıdır ki gerçekten etkili olan  ilacın çoğu zaman yan etkisi de olur. etkili bir analjezik için: (bkz:  apranax fort ) *,eksisozluk
majezik,"genelde mide problemi(gastrit,ülser) yaşayan ademoğulları, her painkiller ı öyle kolay alamazlar.(misal;vermidon) bu tarz mide problemi olanların çekinmeden kullanabileceği süper bi ağrı kesicidir. 100 mg lık 20 tabletten oluşan kutucuklar halinde satılan şekli en yaygınıdır. fiyatı da sanırım 12-13 ytl civarlarındadır.",eksisozluk
majezik,regl sancısı için süper bir ağrı kesici...  kısa zamanda kesin çözüm getiren tek ilaç sanırım... buscopan falan yalan!!,eksisozluk
majezik,regl sancısını geçiriyor geçirmesine de regl son ürünlerinin daha sulu ve daha fazla olmasına neden oluyor diyor hatunlar ben onların yalancısıyım...,eksisozluk
majezik,"bas, dis, karin agrisina gayet iyi gelen bir  sanovel  urunu ilac.",eksisozluk
majezik,"endikasyonlar : çeşitli nedenlere bağlı baş ve diş ağrıları, nevraljiler, adet sancıları, romatoid artrit, osteoartrit, ankilozan spondilit, akut gut artriti, eklem romatizmaları, artrozlar, lumbago ve şiddetli radikülaljilerin akut ve uzun süreli semptomatik tedavileri, çeşitli cerrahi operasyonlar, yumuşak doku travmalarına bağlı ağrı ve enflamatuar semptomların giderilmesi, k.b.b. ve stomatolojik rahatsızlıklardaki ağrı ve enflamasyonun giderilmesinde endikedir. kontrendikasyonlar : flurbiprofen'e karşı aşırı duyarlılığı olan kişilerde kontrendikedir. flurbiprofen, aspirin ve diğer nonsteroidal antienflamatuar ilaçların astım, ürtiker veya diğer allerjik reaksiyonlara yol açtığı bilinen kişilerde kontrendikedir. yan etkiler : flurbiprofen tedavisi ile seyrek olarak görülen yan etkiler hafif şiddette, doza bağlı ve geçicidir. dispepsi, bulantı, kusma, abdominal ağrı, gaz şikayetleri, diyare, konstipasyon, ürtiker, baş dönmesi, sinirlilik, kulak çınlaması, bulanık görme, rinit, vücut ağırlığı değişimleri gibi yan etkiler görülebilir.  dozaj : tavsiye edilen günlük doz : bölünmüş dozlar halinde 150 mg - 200 mg'dır. semptomların şiddetine göre günlük doz toplam 300 mg'a çıkarılabilir. adet sancılarında, semptomların başlangıcında 100 mg, bunu takiben 4-6 saatte bir 50 mg - 100 mg'dır. maksimum günlük doz ise, 300 mg'dır.",eksisozluk
majezik,"en kucuk bir agrida, hemen basvurdugum  basucu  ilaci..",eksisozluk
majezik,regl in kesin cozumu majezik arayan bir kadin gordumuzde  regl  oldugunu annamamizi saglayan ilac..  *,eksisozluk
majezik,ağrıdan başını duvarlara vurma noktasına gelenler için en iyi ilaç.yarım saat içinde en dayanılmaz ağrıdan kurtarıyor kıvranan bünyeyi...diğer ağrı kesicilere oranla biraz pahalı ama migren benzeri ağrılarda bile başarılı olduğu düşünülürse kesinlikle fiyatını hak ediyor.,eksisozluk
majezik,orta etkide bir  analjezik . yan etkisinin neredeyse hiç olmaması da bu orta etkililiğinden kaynak alıyor. unutulmamalıdır ki gerçekten etkili olan  ilacın çoğu zaman yan etkisi de olur. etkili bir analjezik için: (bkz:  apranax fort ) *,eksisozluk
majezik,"genelde mide problemi(gastrit,ülser) yaşayan ademoğulları, her painkiller ı öyle kolay alamazlar.(misal;vermidon) bu tarz mide problemi olanların çekinmeden kullanabileceği süper bi ağrı kesicidir. 100 mg lık 20 tabletten oluşan kutucuklar halinde satılan şekli en yaygınıdır. fiyatı da sanırım 12-13 ytl civarlarındadır.",eksisozluk
majezik,regl sancısı için süper bir ağrı kesici...  kısa zamanda kesin çözüm getiren tek ilaç sanırım... buscopan falan yalan!!,eksisozluk
majezik,regl sancısını geçiriyor geçirmesine de regl son ürünlerinin daha sulu ve daha fazla olmasına neden oluyor diyor hatunlar ben onların yalancısıyım...,eksisozluk
majezik,"bas, dis, karin agrisina gayet iyi gelen bir  sanovel  urunu ilac.",eksisozluk
majezik,"endikasyonlar : çeşitli nedenlere bağlı baş ve diş ağrıları, nevraljiler, adet sancıları, romatoid artrit, osteoartrit, ankilozan spondilit, akut gut artriti, eklem romatizmaları, artrozlar, lumbago ve şiddetli radikülaljilerin akut ve uzun süreli semptomatik tedavileri, çeşitli cerrahi operasyonlar, yumuşak doku travmalarına bağlı ağrı ve enflamatuar semptomların giderilmesi, k.b.b. ve stomatolojik rahatsızlıklardaki ağrı ve enflamasyonun giderilmesinde endikedir. kontrendikasyonlar : flurbiprofen'e karşı aşırı duyarlılığı olan kişilerde kontrendikedir. flurbiprofen, aspirin ve diğer nonsteroidal antienflamatuar ilaçların astım, ürtiker veya diğer allerjik reaksiyonlara yol açtığı bilinen kişilerde kontrendikedir. yan etkiler : flurbiprofen tedavisi ile seyrek olarak görülen yan etkiler hafif şiddette, doza bağlı ve geçicidir. dispepsi, bulantı, kusma, abdominal ağrı, gaz şikayetleri, diyare, konstipasyon, ürtiker, baş dönmesi, sinirlilik, kulak çınlaması, bulanık görme, rinit, vücut ağırlığı değişimleri gibi yan etkiler görülebilir.  dozaj : tavsiye edilen günlük doz : bölünmüş dozlar halinde 150 mg - 200 mg'dır. semptomların şiddetine göre günlük doz toplam 300 mg'a çıkarılabilir. adet sancılarında, semptomların başlangıcında 100 mg, bunu takiben 4-6 saatte bir 50 mg - 100 mg'dır. maksimum günlük doz ise, 300 mg'dır.",eksisozluk
majezik,"en kucuk bir agrida, hemen basvurdugum  basucu  ilaci..",eksisozluk
majezik,regl in kesin cozumu majezik arayan bir kadin gordumuzde  regl  oldugunu annamamizi saglayan ilac..  *,eksisozluk
majezik,ağrıdan başını duvarlara vurma noktasına gelenler için en iyi ilaç.yarım saat içinde en dayanılmaz ağrıdan kurtarıyor kıvranan bünyeyi...diğer ağrı kesicilere oranla biraz pahalı ama migren benzeri ağrılarda bile başarılı olduğu düşünülürse kesinlikle fiyatını hak ediyor.,eksisozluk
majezik,orta etkide bir  analjezik . yan etkisinin neredeyse hiç olmaması da bu orta etkililiğinden kaynak alıyor. unutulmamalıdır ki gerçekten etkili olan  ilacın çoğu zaman yan etkisi de olur. etkili bir analjezik için: (bkz:  apranax fort ) *,eksisozluk
majezik,"genelde mide problemi(gastrit,ülser) yaşayan ademoğulları, her painkiller ı öyle kolay alamazlar.(misal;vermidon) bu tarz mide problemi olanların çekinmeden kullanabileceği süper bi ağrı kesicidir. 100 mg lık 20 tabletten oluşan kutucuklar halinde satılan şekli en yaygınıdır. fiyatı da sanırım 12-13 ytl civarlarındadır.",eksisozluk
majezik,regl sancısı için süper bir ağrı kesici...  kısa zamanda kesin çözüm getiren tek ilaç sanırım... buscopan falan yalan!!,eksisozluk
majezik,regl sancısını geçiriyor geçirmesine de regl son ürünlerinin daha sulu ve daha fazla olmasına neden oluyor diyor hatunlar ben onların yalancısıyım...,eksisozluk
majezik,"bas, dis, karin agrisina gayet iyi gelen bir  sanovel  urunu ilac.",eksisozluk
majezik,"endikasyonlar : çeşitli nedenlere bağlı baş ve diş ağrıları, nevraljiler, adet sancıları, romatoid artrit, osteoartrit, ankilozan spondilit, akut gut artriti, eklem romatizmaları, artrozlar, lumbago ve şiddetli radikülaljilerin akut ve uzun süreli semptomatik tedavileri, çeşitli cerrahi operasyonlar, yumuşak doku travmalarına bağlı ağrı ve enflamatuar semptomların giderilmesi, k.b.b. ve stomatolojik rahatsızlıklardaki ağrı ve enflamasyonun giderilmesinde endikedir. kontrendikasyonlar : flurbiprofen'e karşı aşırı duyarlılığı olan kişilerde kontrendikedir. flurbiprofen, aspirin ve diğer nonsteroidal antienflamatuar ilaçların astım, ürtiker veya diğer allerjik reaksiyonlara yol açtığı bilinen kişilerde kontrendikedir. yan etkiler : flurbiprofen tedavisi ile seyrek olarak görülen yan etkiler hafif şiddette, doza bağlı ve geçicidir. dispepsi, bulantı, kusma, abdominal ağrı, gaz şikayetleri, diyare, konstipasyon, ürtiker, baş dönmesi, sinirlilik, kulak çınlaması, bulanık görme, rinit, vücut ağırlığı değişimleri gibi yan etkiler görülebilir.  dozaj : tavsiye edilen günlük doz : bölünmüş dozlar halinde 150 mg - 200 mg'dır. semptomların şiddetine göre günlük doz toplam 300 mg'a çıkarılabilir. adet sancılarında, semptomların başlangıcında 100 mg, bunu takiben 4-6 saatte bir 50 mg - 100 mg'dır. maksimum günlük doz ise, 300 mg'dır.",eksisozluk
majezik,"en kucuk bir agrida, hemen basvurdugum  basucu  ilaci..",eksisozluk
majezik,regl in kesin cozumu majezik arayan bir kadin gordumuzde  regl  oldugunu annamamizi saglayan ilac..  *,eksisozluk
majezik,ağrıdan başını duvarlara vurma noktasına gelenler için en iyi ilaç.yarım saat içinde en dayanılmaz ağrıdan kurtarıyor kıvranan bünyeyi...diğer ağrı kesicilere oranla biraz pahalı ama migren benzeri ağrılarda bile başarılı olduğu düşünülürse kesinlikle fiyatını hak ediyor.,eksisozluk
majezik,orta etkide bir  analjezik . yan etkisinin neredeyse hiç olmaması da bu orta etkililiğinden kaynak alıyor. unutulmamalıdır ki gerçekten etkili olan  ilacın çoğu zaman yan etkisi de olur. etkili bir analjezik için: (bkz:  apranax fort ) *,eksisozluk
majezik,"genelde mide problemi(gastrit,ülser) yaşayan ademoğulları, her painkiller ı öyle kolay alamazlar.(misal;vermidon) bu tarz mide problemi olanların çekinmeden kullanabileceği süper bi ağrı kesicidir. 100 mg lık 20 tabletten oluşan kutucuklar halinde satılan şekli en yaygınıdır. fiyatı da sanırım 12-13 ytl civarlarındadır.",eksisozluk
majezik,regl sancısı için süper bir ağrı kesici...  kısa zamanda kesin çözüm getiren tek ilaç sanırım... buscopan falan yalan!!,eksisozluk
majezik,regl sancısını geçiriyor geçirmesine de regl son ürünlerinin daha sulu ve daha fazla olmasına neden oluyor diyor hatunlar ben onların yalancısıyım...,eksisozluk
majezik,"bas, dis, karin agrisina gayet iyi gelen bir  sanovel  urunu ilac.",eksisozluk
majezik,"endikasyonlar : çeşitli nedenlere bağlı baş ve diş ağrıları, nevraljiler, adet sancıları, romatoid artrit, osteoartrit, ankilozan spondilit, akut gut artriti, eklem romatizmaları, artrozlar, lumbago ve şiddetli radikülaljilerin akut ve uzun süreli semptomatik tedavileri, çeşitli cerrahi operasyonlar, yumuşak doku travmalarına bağlı ağrı ve enflamatuar semptomların giderilmesi, k.b.b. ve stomatolojik rahatsızlıklardaki ağrı ve enflamasyonun giderilmesinde endikedir. kontrendikasyonlar : flurbiprofen'e karşı aşırı duyarlılığı olan kişilerde kontrendikedir. flurbiprofen, aspirin ve diğer nonsteroidal antienflamatuar ilaçların astım, ürtiker veya diğer allerjik reaksiyonlara yol açtığı bilinen kişilerde kontrendikedir. yan etkiler : flurbiprofen tedavisi ile seyrek olarak görülen yan etkiler hafif şiddette, doza bağlı ve geçicidir. dispepsi, bulantı, kusma, abdominal ağrı, gaz şikayetleri, diyare, konstipasyon, ürtiker, baş dönmesi, sinirlilik, kulak çınlaması, bulanık görme, rinit, vücut ağırlığı değişimleri gibi yan etkiler görülebilir.  dozaj : tavsiye edilen günlük doz : bölünmüş dozlar halinde 150 mg - 200 mg'dır. semptomların şiddetine göre günlük doz toplam 300 mg'a çıkarılabilir. adet sancılarında, semptomların başlangıcında 100 mg, bunu takiben 4-6 saatte bir 50 mg - 100 mg'dır. maksimum günlük doz ise, 300 mg'dır.",eksisozluk
majezik,"en kucuk bir agrida, hemen basvurdugum  basucu  ilaci..",eksisozluk
majezik,regl in kesin cozumu majezik arayan bir kadin gordumuzde  regl  oldugunu annamamizi saglayan ilac..  *,eksisozluk
majezik,ağrıdan başını duvarlara vurma noktasına gelenler için en iyi ilaç.yarım saat içinde en dayanılmaz ağrıdan kurtarıyor kıvranan bünyeyi...diğer ağrı kesicilere oranla biraz pahalı ama migren benzeri ağrılarda bile başarılı olduğu düşünülürse kesinlikle fiyatını hak ediyor.,eksisozluk
majezik,orta etkide bir  analjezik . yan etkisinin neredeyse hiç olmaması da bu orta etkililiğinden kaynak alıyor. unutulmamalıdır ki gerçekten etkili olan  ilacın çoğu zaman yan etkisi de olur. etkili bir analjezik için: (bkz:  apranax fort ) *,eksisozluk
majezik,"genelde mide problemi(gastrit,ülser) yaşayan ademoğulları, her painkiller ı öyle kolay alamazlar.(misal;vermidon) bu tarz mide problemi olanların çekinmeden kullanabileceği süper bi ağrı kesicidir. 100 mg lık 20 tabletten oluşan kutucuklar halinde satılan şekli en yaygınıdır. fiyatı da sanırım 12-13 ytl civarlarındadır.",eksisozluk
majezik,regl sancısı için süper bir ağrı kesici...  kısa zamanda kesin çözüm getiren tek ilaç sanırım... buscopan falan yalan!!,eksisozluk
majezik,regl sancısını geçiriyor geçirmesine de regl son ürünlerinin daha sulu ve daha fazla olmasına neden oluyor diyor hatunlar ben onların yalancısıyım...,eksisozluk
majezik,"bas, dis, karin agrisina gayet iyi gelen bir  sanovel  urunu ilac.",eksisozluk
majezik,"endikasyonlar : çeşitli nedenlere bağlı baş ve diş ağrıları, nevraljiler, adet sancıları, romatoid artrit, osteoartrit, ankilozan spondilit, akut gut artriti, eklem romatizmaları, artrozlar, lumbago ve şiddetli radikülaljilerin akut ve uzun süreli semptomatik tedavileri, çeşitli cerrahi operasyonlar, yumuşak doku travmalarına bağlı ağrı ve enflamatuar semptomların giderilmesi, k.b.b. ve stomatolojik rahatsızlıklardaki ağrı ve enflamasyonun giderilmesinde endikedir. kontrendikasyonlar : flurbiprofen'e karşı aşırı duyarlılığı olan kişilerde kontrendikedir. flurbiprofen, aspirin ve diğer nonsteroidal antienflamatuar ilaçların astım, ürtiker veya diğer allerjik reaksiyonlara yol açtığı bilinen kişilerde kontrendikedir. yan etkiler : flurbiprofen tedavisi ile seyrek olarak görülen yan etkiler hafif şiddette, doza bağlı ve geçicidir. dispepsi, bulantı, kusma, abdominal ağrı, gaz şikayetleri, diyare, konstipasyon, ürtiker, baş dönmesi, sinirlilik, kulak çınlaması, bulanık görme, rinit, vücut ağırlığı değişimleri gibi yan etkiler görülebilir.  dozaj : tavsiye edilen günlük doz : bölünmüş dozlar halinde 150 mg - 200 mg'dır. semptomların şiddetine göre günlük doz toplam 300 mg'a çıkarılabilir. adet sancılarında, semptomların başlangıcında 100 mg, bunu takiben 4-6 saatte bir 50 mg - 100 mg'dır. maksimum günlük doz ise, 300 mg'dır.",eksisozluk
majezik,"en kucuk bir agrida, hemen basvurdugum  basucu  ilaci..",eksisozluk
majezik,regl in kesin cozumu majezik arayan bir kadin gordumuzde  regl  oldugunu annamamizi saglayan ilac..  *,eksisozluk
majezik,ağrıdan başını duvarlara vurma noktasına gelenler için en iyi ilaç.yarım saat içinde en dayanılmaz ağrıdan kurtarıyor kıvranan bünyeyi...diğer ağrı kesicilere oranla biraz pahalı ama migren benzeri ağrılarda bile başarılı olduğu düşünülürse kesinlikle fiyatını hak ediyor.,eksisozluk
majezik,orta etkide bir  analjezik . yan etkisinin neredeyse hiç olmaması da bu orta etkililiğinden kaynak alıyor. unutulmamalıdır ki gerçekten etkili olan  ilacın çoğu zaman yan etkisi de olur. etkili bir analjezik için: (bkz:  apranax fort ) *,eksisozluk
majezik,"genelde mide problemi(gastrit,ülser) yaşayan ademoğulları, her painkiller ı öyle kolay alamazlar.(misal;vermidon) bu tarz mide problemi olanların çekinmeden kullanabileceği süper bi ağrı kesicidir. 100 mg lık 20 tabletten oluşan kutucuklar halinde satılan şekli en yaygınıdır. fiyatı da sanırım 12-13 ytl civarlarındadır.",eksisozluk
majezik,regl sancısı için süper bir ağrı kesici...  kısa zamanda kesin çözüm getiren tek ilaç sanırım... buscopan falan yalan!!,eksisozluk
majezik,regl sancısını geçiriyor geçirmesine de regl son ürünlerinin daha sulu ve daha fazla olmasına neden oluyor diyor hatunlar ben onların yalancısıyım...,eksisozluk
majezik,"bas, dis, karin agrisina gayet iyi gelen bir  sanovel  urunu ilac.",eksisozluk
majezik,"endikasyonlar : çeşitli nedenlere bağlı baş ve diş ağrıları, nevraljiler, adet sancıları, romatoid artrit, osteoartrit, ankilozan spondilit, akut gut artriti, eklem romatizmaları, artrozlar, lumbago ve şiddetli radikülaljilerin akut ve uzun süreli semptomatik tedavileri, çeşitli cerrahi operasyonlar, yumuşak doku travmalarına bağlı ağrı ve enflamatuar semptomların giderilmesi, k.b.b. ve stomatolojik rahatsızlıklardaki ağrı ve enflamasyonun giderilmesinde endikedir. kontrendikasyonlar : flurbiprofen'e karşı aşırı duyarlılığı olan kişilerde kontrendikedir. flurbiprofen, aspirin ve diğer nonsteroidal antienflamatuar ilaçların astım, ürtiker veya diğer allerjik reaksiyonlara yol açtığı bilinen kişilerde kontrendikedir. yan etkiler : flurbiprofen tedavisi ile seyrek olarak görülen yan etkiler hafif şiddette, doza bağlı ve geçicidir. dispepsi, bulantı, kusma, abdominal ağrı, gaz şikayetleri, diyare, konstipasyon, ürtiker, baş dönmesi, sinirlilik, kulak çınlaması, bulanık görme, rinit, vücut ağırlığı değişimleri gibi yan etkiler görülebilir.  dozaj : tavsiye edilen günlük doz : bölünmüş dozlar halinde 150 mg - 200 mg'dır. semptomların şiddetine göre günlük doz toplam 300 mg'a çıkarılabilir. adet sancılarında, semptomların başlangıcında 100 mg, bunu takiben 4-6 saatte bir 50 mg - 100 mg'dır. maksimum günlük doz ise, 300 mg'dır.",eksisozluk
majezik,"en kucuk bir agrida, hemen basvurdugum  basucu  ilaci..",eksisozluk
majezik,regl in kesin cozumu majezik arayan bir kadin gordumuzde  regl  oldugunu annamamizi saglayan ilac..  *,eksisozluk
majezik,ağrıdan başını duvarlara vurma noktasına gelenler için en iyi ilaç.yarım saat içinde en dayanılmaz ağrıdan kurtarıyor kıvranan bünyeyi...diğer ağrı kesicilere oranla biraz pahalı ama migren benzeri ağrılarda bile başarılı olduğu düşünülürse kesinlikle fiyatını hak ediyor.,eksisozluk
majezik,orta etkide bir  analjezik . yan etkisinin neredeyse hiç olmaması da bu orta etkililiğinden kaynak alıyor. unutulmamalıdır ki gerçekten etkili olan  ilacın çoğu zaman yan etkisi de olur. etkili bir analjezik için: (bkz:  apranax fort ) *,eksisozluk
majezik,"genelde mide problemi(gastrit,ülser) yaşayan ademoğulları, her painkiller ı öyle kolay alamazlar.(misal;vermidon) bu tarz mide problemi olanların çekinmeden kullanabileceği süper bi ağrı kesicidir. 100 mg lık 20 tabletten oluşan kutucuklar halinde satılan şekli en yaygınıdır. fiyatı da sanırım 12-13 ytl civarlarındadır.",eksisozluk
majezik,regl sancısı için süper bir ağrı kesici...  kısa zamanda kesin çözüm getiren tek ilaç sanırım... buscopan falan yalan!!,eksisozluk
majezik,regl sancısını geçiriyor geçirmesine de regl son ürünlerinin daha sulu ve daha fazla olmasına neden oluyor diyor hatunlar ben onların yalancısıyım...,eksisozluk
majezik,"bas, dis, karin agrisina gayet iyi gelen bir  sanovel  urunu ilac.",eksisozluk
majezik,"endikasyonlar : çeşitli nedenlere bağlı baş ve diş ağrıları, nevraljiler, adet sancıları, romatoid artrit, osteoartrit, ankilozan spondilit, akut gut artriti, eklem romatizmaları, artrozlar, lumbago ve şiddetli radikülaljilerin akut ve uzun süreli semptomatik tedavileri, çeşitli cerrahi operasyonlar, yumuşak doku travmalarına bağlı ağrı ve enflamatuar semptomların giderilmesi, k.b.b. ve stomatolojik rahatsızlıklardaki ağrı ve enflamasyonun giderilmesinde endikedir. kontrendikasyonlar : flurbiprofen'e karşı aşırı duyarlılığı olan kişilerde kontrendikedir. flurbiprofen, aspirin ve diğer nonsteroidal antienflamatuar ilaçların astım, ürtiker veya diğer allerjik reaksiyonlara yol açtığı bilinen kişilerde kontrendikedir. yan etkiler : flurbiprofen tedavisi ile seyrek olarak görülen yan etkiler hafif şiddette, doza bağlı ve geçicidir. dispepsi, bulantı, kusma, abdominal ağrı, gaz şikayetleri, diyare, konstipasyon, ürtiker, baş dönmesi, sinirlilik, kulak çınlaması, bulanık görme, rinit, vücut ağırlığı değişimleri gibi yan etkiler görülebilir.  dozaj : tavsiye edilen günlük doz : bölünmüş dozlar halinde 150 mg - 200 mg'dır. semptomların şiddetine göre günlük doz toplam 300 mg'a çıkarılabilir. adet sancılarında, semptomların başlangıcında 100 mg, bunu takiben 4-6 saatte bir 50 mg - 100 mg'dır. maksimum günlük doz ise, 300 mg'dır.",eksisozluk
majezik,"en kucuk bir agrida, hemen basvurdugum  basucu  ilaci..",eksisozluk
majezik,regl in kesin cozumu majezik arayan bir kadin gordumuzde  regl  oldugunu annamamizi saglayan ilac..  *,eksisozluk
majezik,ağrıdan başını duvarlara vurma noktasına gelenler için en iyi ilaç.yarım saat içinde en dayanılmaz ağrıdan kurtarıyor kıvranan bünyeyi...diğer ağrı kesicilere oranla biraz pahalı ama migren benzeri ağrılarda bile başarılı olduğu düşünülürse kesinlikle fiyatını hak ediyor.,eksisozluk
majezik,orta etkide bir  analjezik . yan etkisinin neredeyse hiç olmaması da bu orta etkililiğinden kaynak alıyor. unutulmamalıdır ki gerçekten etkili olan  ilacın çoğu zaman yan etkisi de olur. etkili bir analjezik için: (bkz:  apranax fort ) *,eksisozluk
majezik,"genelde mide problemi(gastrit,ülser) yaşayan ademoğulları, her painkiller ı öyle kolay alamazlar.(misal;vermidon) bu tarz mide problemi olanların çekinmeden kullanabileceği süper bi ağrı kesicidir. 100 mg lık 20 tabletten oluşan kutucuklar halinde satılan şekli en yaygınıdır. fiyatı da sanırım 12-13 ytl civarlarındadır.",eksisozluk
majezik,regl sancısı için süper bir ağrı kesici...  kısa zamanda kesin çözüm getiren tek ilaç sanırım... buscopan falan yalan!!,eksisozluk
majezik,regl sancısını geçiriyor geçirmesine de regl son ürünlerinin daha sulu ve daha fazla olmasına neden oluyor diyor hatunlar ben onların yalancısıyım...,eksisozluk
majezik,"bas, dis, karin agrisina gayet iyi gelen bir  sanovel  urunu ilac.",eksisozluk
majezik,"endikasyonlar : çeşitli nedenlere bağlı baş ve diş ağrıları, nevraljiler, adet sancıları, romatoid artrit, osteoartrit, ankilozan spondilit, akut gut artriti, eklem romatizmaları, artrozlar, lumbago ve şiddetli radikülaljilerin akut ve uzun süreli semptomatik tedavileri, çeşitli cerrahi operasyonlar, yumuşak doku travmalarına bağlı ağrı ve enflamatuar semptomların giderilmesi, k.b.b. ve stomatolojik rahatsızlıklardaki ağrı ve enflamasyonun giderilmesinde endikedir. kontrendikasyonlar : flurbiprofen'e karşı aşırı duyarlılığı olan kişilerde kontrendikedir. flurbiprofen, aspirin ve diğer nonsteroidal antienflamatuar ilaçların astım, ürtiker veya diğer allerjik reaksiyonlara yol açtığı bilinen kişilerde kontrendikedir. yan etkiler : flurbiprofen tedavisi ile seyrek olarak görülen yan etkiler hafif şiddette, doza bağlı ve geçicidir. dispepsi, bulantı, kusma, abdominal ağrı, gaz şikayetleri, diyare, konstipasyon, ürtiker, baş dönmesi, sinirlilik, kulak çınlaması, bulanık görme, rinit, vücut ağırlığı değişimleri gibi yan etkiler görülebilir.  dozaj : tavsiye edilen günlük doz : bölünmüş dozlar halinde 150 mg - 200 mg'dır. semptomların şiddetine göre günlük doz toplam 300 mg'a çıkarılabilir. adet sancılarında, semptomların başlangıcında 100 mg, bunu takiben 4-6 saatte bir 50 mg - 100 mg'dır. maksimum günlük doz ise, 300 mg'dır.",eksisozluk
majezik,"en kucuk bir agrida, hemen basvurdugum  basucu  ilaci..",eksisozluk
majezik,regl in kesin cozumu majezik arayan bir kadin gordumuzde  regl  oldugunu annamamizi saglayan ilac..  *,eksisozluk
majezik,ağrıdan başını duvarlara vurma noktasına gelenler için en iyi ilaç.yarım saat içinde en dayanılmaz ağrıdan kurtarıyor kıvranan bünyeyi...diğer ağrı kesicilere oranla biraz pahalı ama migren benzeri ağrılarda bile başarılı olduğu düşünülürse kesinlikle fiyatını hak ediyor.,eksisozluk
majezik,orta etkide bir  analjezik . yan etkisinin neredeyse hiç olmaması da bu orta etkililiğinden kaynak alıyor. unutulmamalıdır ki gerçekten etkili olan  ilacın çoğu zaman yan etkisi de olur. etkili bir analjezik için: (bkz:  apranax fort ) *,eksisozluk
majezik,"genelde mide problemi(gastrit,ülser) yaşayan ademoğulları, her painkiller ı öyle kolay alamazlar.(misal;vermidon) bu tarz mide problemi olanların çekinmeden kullanabileceği süper bi ağrı kesicidir. 100 mg lık 20 tabletten oluşan kutucuklar halinde satılan şekli en yaygınıdır. fiyatı da sanırım 12-13 ytl civarlarındadır.",eksisozluk
majezik,regl sancısı için süper bir ağrı kesici...  kısa zamanda kesin çözüm getiren tek ilaç sanırım... buscopan falan yalan!!,eksisozluk
majezik,regl sancısını geçiriyor geçirmesine de regl son ürünlerinin daha sulu ve daha fazla olmasına neden oluyor diyor hatunlar ben onların yalancısıyım...,eksisozluk
parol,paracetamol  içerikli ağrı kesici,eksisozluk
parol,özellikle  baş ağrısı  için tavsiye edilir.  mide ülseri olanların da rahatlıkla kullandığı ağrı kesicilerdendir. (bkz:  gripin ),eksisozluk
parol,"şu sıralar eczanelerden pek alınmaması gereken ağrı kesici. ""kıl"" içermekteymiş ve halen emir olmasına rağmen piyasadan çekilmemiş.  http://www.beo.org.tr/…e=news&file=article&sid=1307",eksisozluk
parol,ağrıyan  yirmi yaş dişi me  hele otur bi soluklan yiğenim  diyen ilaç. *  belki de psikolojiktir bilemem.,eksisozluk
parol,ağrı kesicili ateş düşürücü..,eksisozluk
parol,"alkolle etkileşimini henüz görmediğim, akşam edit yapabilirsem bana bişey yapmadığını söyleyebileceğim ilaç. edit: rahatça içiniz. postedit: ilk editimi akşamına yapmışım, kafam hala güzelmiş herhalde. yazılır mı böyle şey. düzeltiyorum: ben öldüm, siz de içip ölmeyin.",eksisozluk
parol,"migren tedavisinde atak gelmeden önce iki tane alınması doktor tarafından tavsiye edilen ağrı kesici,ateş düşürücü",eksisozluk
parol,hamilelerin içebileceği bebeğe zarar vermeyen yegane tek ilaç.  (bkz:  hamileyim ) (bkz:  ordan biliyorum ),eksisozluk
parol,paracetamol  içerikli ağrı kesici,eksisozluk
parol,özellikle  baş ağrısı  için tavsiye edilir.  mide ülseri olanların da rahatlıkla kullandığı ağrı kesicilerdendir. (bkz:  gripin ),eksisozluk
parol,"şu sıralar eczanelerden pek alınmaması gereken ağrı kesici. ""kıl"" içermekteymiş ve halen emir olmasına rağmen piyasadan çekilmemiş.  http://www.beo.org.tr/…e=news&file=article&sid=1307",eksisozluk
parol,ağrıyan  yirmi yaş dişi me  hele otur bi soluklan yiğenim  diyen ilaç. *  belki de psikolojiktir bilemem.,eksisozluk
parol,ağrı kesicili ateş düşürücü..,eksisozluk
parol,"alkolle etkileşimini henüz görmediğim, akşam edit yapabilirsem bana bişey yapmadığını söyleyebileceğim ilaç. edit: rahatça içiniz. postedit: ilk editimi akşamına yapmışım, kafam hala güzelmiş herhalde. yazılır mı böyle şey. düzeltiyorum: ben öldüm, siz de içip ölmeyin.",eksisozluk
parol,"migren tedavisinde atak gelmeden önce iki tane alınması doktor tarafından tavsiye edilen ağrı kesici,ateş düşürücü",eksisozluk
parol,hamilelerin içebileceği bebeğe zarar vermeyen yegane tek ilaç.  (bkz:  hamileyim ) (bkz:  ordan biliyorum ),eksisozluk
parol,paracetamol  içerikli ağrı kesici,eksisozluk
parol,özellikle  baş ağrısı  için tavsiye edilir.  mide ülseri olanların da rahatlıkla kullandığı ağrı kesicilerdendir. (bkz:  gripin ),eksisozluk
parol,"şu sıralar eczanelerden pek alınmaması gereken ağrı kesici. ""kıl"" içermekteymiş ve halen emir olmasına rağmen piyasadan çekilmemiş.  http://www.beo.org.tr/…e=news&file=article&sid=1307",eksisozluk
parol,ağrıyan  yirmi yaş dişi me  hele otur bi soluklan yiğenim  diyen ilaç. *  belki de psikolojiktir bilemem.,eksisozluk
parol,ağrı kesicili ateş düşürücü..,eksisozluk
parol,"alkolle etkileşimini henüz görmediğim, akşam edit yapabilirsem bana bişey yapmadığını söyleyebileceğim ilaç. edit: rahatça içiniz. postedit: ilk editimi akşamına yapmışım, kafam hala güzelmiş herhalde. yazılır mı böyle şey. düzeltiyorum: ben öldüm, siz de içip ölmeyin.",eksisozluk
parol,"migren tedavisinde atak gelmeden önce iki tane alınması doktor tarafından tavsiye edilen ağrı kesici,ateş düşürücü",eksisozluk
parol,hamilelerin içebileceği bebeğe zarar vermeyen yegane tek ilaç.  (bkz:  hamileyim ) (bkz:  ordan biliyorum ),eksisozluk
parol,paracetamol  içerikli ağrı kesici,eksisozluk
parol,özellikle  baş ağrısı  için tavsiye edilir.  mide ülseri olanların da rahatlıkla kullandığı ağrı kesicilerdendir. (bkz:  gripin ),eksisozluk
parol,"şu sıralar eczanelerden pek alınmaması gereken ağrı kesici. ""kıl"" içermekteymiş ve halen emir olmasına rağmen piyasadan çekilmemiş.  http://www.beo.org.tr/…e=news&file=article&sid=1307",eksisozluk
parol,ağrıyan  yirmi yaş dişi me  hele otur bi soluklan yiğenim  diyen ilaç. *  belki de psikolojiktir bilemem.,eksisozluk
parol,ağrı kesicili ateş düşürücü..,eksisozluk
parol,"alkolle etkileşimini henüz görmediğim, akşam edit yapabilirsem bana bişey yapmadığını söyleyebileceğim ilaç. edit: rahatça içiniz. postedit: ilk editimi akşamına yapmışım, kafam hala güzelmiş herhalde. yazılır mı böyle şey. düzeltiyorum: ben öldüm, siz de içip ölmeyin.",eksisozluk
parol,"migren tedavisinde atak gelmeden önce iki tane alınması doktor tarafından tavsiye edilen ağrı kesici,ateş düşürücü",eksisozluk
parol,hamilelerin içebileceği bebeğe zarar vermeyen yegane tek ilaç.  (bkz:  hamileyim ) (bkz:  ordan biliyorum ),eksisozluk
parol,paracetamol  içerikli ağrı kesici,eksisozluk
parol,özellikle  baş ağrısı  için tavsiye edilir.  mide ülseri olanların da rahatlıkla kullandığı ağrı kesicilerdendir. (bkz:  gripin ),eksisozluk
parol,"şu sıralar eczanelerden pek alınmaması gereken ağrı kesici. ""kıl"" içermekteymiş ve halen emir olmasına rağmen piyasadan çekilmemiş.  http://www.beo.org.tr/…e=news&file=article&sid=1307",eksisozluk
parol,ağrıyan  yirmi yaş dişi me  hele otur bi soluklan yiğenim  diyen ilaç. *  belki de psikolojiktir bilemem.,eksisozluk
parol,ağrı kesicili ateş düşürücü..,eksisozluk
parol,"alkolle etkileşimini henüz görmediğim, akşam edit yapabilirsem bana bişey yapmadığını söyleyebileceğim ilaç. edit: rahatça içiniz. postedit: ilk editimi akşamına yapmışım, kafam hala güzelmiş herhalde. yazılır mı böyle şey. düzeltiyorum: ben öldüm, siz de içip ölmeyin.",eksisozluk
parol,"migren tedavisinde atak gelmeden önce iki tane alınması doktor tarafından tavsiye edilen ağrı kesici,ateş düşürücü",eksisozluk
parol,hamilelerin içebileceği bebeğe zarar vermeyen yegane tek ilaç.  (bkz:  hamileyim ) (bkz:  ordan biliyorum ),eksisozluk
parol,paracetamol  içerikli ağrı kesici,eksisozluk
parol,özellikle  baş ağrısı  için tavsiye edilir.  mide ülseri olanların da rahatlıkla kullandığı ağrı kesicilerdendir. (bkz:  gripin ),eksisozluk
parol,"şu sıralar eczanelerden pek alınmaması gereken ağrı kesici. ""kıl"" içermekteymiş ve halen emir olmasına rağmen piyasadan çekilmemiş.  http://www.beo.org.tr/…e=news&file=article&sid=1307",eksisozluk
parol,ağrıyan  yirmi yaş dişi me  hele otur bi soluklan yiğenim  diyen ilaç. *  belki de psikolojiktir bilemem.,eksisozluk
parol,ağrı kesicili ateş düşürücü..,eksisozluk
parol,"alkolle etkileşimini henüz görmediğim, akşam edit yapabilirsem bana bişey yapmadığını söyleyebileceğim ilaç. edit: rahatça içiniz. postedit: ilk editimi akşamına yapmışım, kafam hala güzelmiş herhalde. yazılır mı böyle şey. düzeltiyorum: ben öldüm, siz de içip ölmeyin.",eksisozluk
parol,"migren tedavisinde atak gelmeden önce iki tane alınması doktor tarafından tavsiye edilen ağrı kesici,ateş düşürücü",eksisozluk
parol,hamilelerin içebileceği bebeğe zarar vermeyen yegane tek ilaç.  (bkz:  hamileyim ) (bkz:  ordan biliyorum ),eksisozluk
parol,paracetamol  içerikli ağrı kesici,eksisozluk
parol,özellikle  baş ağrısı  için tavsiye edilir.  mide ülseri olanların da rahatlıkla kullandığı ağrı kesicilerdendir. (bkz:  gripin ),eksisozluk
parol,"şu sıralar eczanelerden pek alınmaması gereken ağrı kesici. ""kıl"" içermekteymiş ve halen emir olmasına rağmen piyasadan çekilmemiş.  http://www.beo.org.tr/…e=news&file=article&sid=1307",eksisozluk
parol,ağrıyan  yirmi yaş dişi me  hele otur bi soluklan yiğenim  diyen ilaç. *  belki de psikolojiktir bilemem.,eksisozluk
parol,ağrı kesicili ateş düşürücü..,eksisozluk
parol,"alkolle etkileşimini henüz görmediğim, akşam edit yapabilirsem bana bişey yapmadığını söyleyebileceğim ilaç. edit: rahatça içiniz. postedit: ilk editimi akşamına yapmışım, kafam hala güzelmiş herhalde. yazılır mı böyle şey. düzeltiyorum: ben öldüm, siz de içip ölmeyin.",eksisozluk
parol,"migren tedavisinde atak gelmeden önce iki tane alınması doktor tarafından tavsiye edilen ağrı kesici,ateş düşürücü",eksisozluk
parol,hamilelerin içebileceği bebeğe zarar vermeyen yegane tek ilaç.  (bkz:  hamileyim ) (bkz:  ordan biliyorum ),eksisozluk
parol,paracetamol  içerikli ağrı kesici,eksisozluk
parol,özellikle  baş ağrısı  için tavsiye edilir.  mide ülseri olanların da rahatlıkla kullandığı ağrı kesicilerdendir. (bkz:  gripin ),eksisozluk
parol,"şu sıralar eczanelerden pek alınmaması gereken ağrı kesici. ""kıl"" içermekteymiş ve halen emir olmasına rağmen piyasadan çekilmemiş.  http://www.beo.org.tr/…e=news&file=article&sid=1307",eksisozluk
parol,ağrıyan  yirmi yaş dişi me  hele otur bi soluklan yiğenim  diyen ilaç. *  belki de psikolojiktir bilemem.,eksisozluk
parol,ağrı kesicili ateş düşürücü..,eksisozluk
parol,"alkolle etkileşimini henüz görmediğim, akşam edit yapabilirsem bana bişey yapmadığını söyleyebileceğim ilaç. edit: rahatça içiniz. postedit: ilk editimi akşamına yapmışım, kafam hala güzelmiş herhalde. yazılır mı böyle şey. düzeltiyorum: ben öldüm, siz de içip ölmeyin.",eksisozluk
parol,"migren tedavisinde atak gelmeden önce iki tane alınması doktor tarafından tavsiye edilen ağrı kesici,ateş düşürücü",eksisozluk
parol,hamilelerin içebileceği bebeğe zarar vermeyen yegane tek ilaç.  (bkz:  hamileyim ) (bkz:  ordan biliyorum ),eksisozluk
parol,paracetamol  içerikli ağrı kesici,eksisozluk
parol,özellikle  baş ağrısı  için tavsiye edilir.  mide ülseri olanların da rahatlıkla kullandığı ağrı kesicilerdendir. (bkz:  gripin ),eksisozluk
parol,"şu sıralar eczanelerden pek alınmaması gereken ağrı kesici. ""kıl"" içermekteymiş ve halen emir olmasına rağmen piyasadan çekilmemiş.  http://www.beo.org.tr/…e=news&file=article&sid=1307",eksisozluk
parol,ağrıyan  yirmi yaş dişi me  hele otur bi soluklan yiğenim  diyen ilaç. *  belki de psikolojiktir bilemem.,eksisozluk
parol,ağrı kesicili ateş düşürücü..,eksisozluk
parol,"alkolle etkileşimini henüz görmediğim, akşam edit yapabilirsem bana bişey yapmadığını söyleyebileceğim ilaç. edit: rahatça içiniz. postedit: ilk editimi akşamına yapmışım, kafam hala güzelmiş herhalde. yazılır mı böyle şey. düzeltiyorum: ben öldüm, siz de içip ölmeyin.",eksisozluk
parol,"migren tedavisinde atak gelmeden önce iki tane alınması doktor tarafından tavsiye edilen ağrı kesici,ateş düşürücü",eksisozluk
parol,hamilelerin içebileceği bebeğe zarar vermeyen yegane tek ilaç.  (bkz:  hamileyim ) (bkz:  ordan biliyorum ),eksisozluk
parol,paracetamol  içerikli ağrı kesici,eksisozluk
parol,özellikle  baş ağrısı  için tavsiye edilir.  mide ülseri olanların da rahatlıkla kullandığı ağrı kesicilerdendir. (bkz:  gripin ),eksisozluk
parol,"şu sıralar eczanelerden pek alınmaması gereken ağrı kesici. ""kıl"" içermekteymiş ve halen emir olmasına rağmen piyasadan çekilmemiş.  http://www.beo.org.tr/…e=news&file=article&sid=1307",eksisozluk
parol,ağrıyan  yirmi yaş dişi me  hele otur bi soluklan yiğenim  diyen ilaç. *  belki de psikolojiktir bilemem.,eksisozluk
parol,ağrı kesicili ateş düşürücü..,eksisozluk
parol,"alkolle etkileşimini henüz görmediğim, akşam edit yapabilirsem bana bişey yapmadığını söyleyebileceğim ilaç. edit: rahatça içiniz. postedit: ilk editimi akşamına yapmışım, kafam hala güzelmiş herhalde. yazılır mı böyle şey. düzeltiyorum: ben öldüm, siz de içip ölmeyin.",eksisozluk
parol,"migren tedavisinde atak gelmeden önce iki tane alınması doktor tarafından tavsiye edilen ağrı kesici,ateş düşürücü",eksisozluk
parol,hamilelerin içebileceği bebeğe zarar vermeyen yegane tek ilaç.  (bkz:  hamileyim ) (bkz:  ordan biliyorum ),eksisozluk
parol,paracetamol  içerikli ağrı kesici,eksisozluk
parol,özellikle  baş ağrısı  için tavsiye edilir.  mide ülseri olanların da rahatlıkla kullandığı ağrı kesicilerdendir. (bkz:  gripin ),eksisozluk
parol,"şu sıralar eczanelerden pek alınmaması gereken ağrı kesici. ""kıl"" içermekteymiş ve halen emir olmasına rağmen piyasadan çekilmemiş.  http://www.beo.org.tr/…e=news&file=article&sid=1307",eksisozluk
parol,ağrıyan  yirmi yaş dişi me  hele otur bi soluklan yiğenim  diyen ilaç. *  belki de psikolojiktir bilemem.,eksisozluk
parol,ağrı kesicili ateş düşürücü..,eksisozluk
parol,"alkolle etkileşimini henüz görmediğim, akşam edit yapabilirsem bana bişey yapmadığını söyleyebileceğim ilaç. edit: rahatça içiniz. postedit: ilk editimi akşamına yapmışım, kafam hala güzelmiş herhalde. yazılır mı böyle şey. düzeltiyorum: ben öldüm, siz de içip ölmeyin.",eksisozluk
parol,"migren tedavisinde atak gelmeden önce iki tane alınması doktor tarafından tavsiye edilen ağrı kesici,ateş düşürücü",eksisozluk
parol,hamilelerin içebileceği bebeğe zarar vermeyen yegane tek ilaç.  (bkz:  hamileyim ) (bkz:  ordan biliyorum ),eksisozluk
parol,paracetamol  içerikli ağrı kesici,eksisozluk
parol,özellikle  baş ağrısı  için tavsiye edilir.  mide ülseri olanların da rahatlıkla kullandığı ağrı kesicilerdendir. (bkz:  gripin ),eksisozluk
parol,"şu sıralar eczanelerden pek alınmaması gereken ağrı kesici. ""kıl"" içermekteymiş ve halen emir olmasına rağmen piyasadan çekilmemiş.  http://www.beo.org.tr/…e=news&file=article&sid=1307",eksisozluk
parol,ağrıyan  yirmi yaş dişi me  hele otur bi soluklan yiğenim  diyen ilaç. *  belki de psikolojiktir bilemem.,eksisozluk
parol,ağrı kesicili ateş düşürücü..,eksisozluk
parol,"alkolle etkileşimini henüz görmediğim, akşam edit yapabilirsem bana bişey yapmadığını söyleyebileceğim ilaç. edit: rahatça içiniz. postedit: ilk editimi akşamına yapmışım, kafam hala güzelmiş herhalde. yazılır mı böyle şey. düzeltiyorum: ben öldüm, siz de içip ölmeyin.",eksisozluk
parol,"migren tedavisinde atak gelmeden önce iki tane alınması doktor tarafından tavsiye edilen ağrı kesici,ateş düşürücü",eksisozluk
parol,hamilelerin içebileceği bebeğe zarar vermeyen yegane tek ilaç.  (bkz:  hamileyim ) (bkz:  ordan biliyorum ),eksisozluk
parol,paracetamol  içerikli ağrı kesici,eksisozluk
parol,özellikle  baş ağrısı  için tavsiye edilir.  mide ülseri olanların da rahatlıkla kullandığı ağrı kesicilerdendir. (bkz:  gripin ),eksisozluk
parol,"şu sıralar eczanelerden pek alınmaması gereken ağrı kesici. ""kıl"" içermekteymiş ve halen emir olmasına rağmen piyasadan çekilmemiş.  http://www.beo.org.tr/…e=news&file=article&sid=1307",eksisozluk
parol,ağrıyan  yirmi yaş dişi me  hele otur bi soluklan yiğenim  diyen ilaç. *  belki de psikolojiktir bilemem.,eksisozluk
parol,ağrı kesicili ateş düşürücü..,eksisozluk
parol,"alkolle etkileşimini henüz görmediğim, akşam edit yapabilirsem bana bişey yapmadığını söyleyebileceğim ilaç. edit: rahatça içiniz. postedit: ilk editimi akşamına yapmışım, kafam hala güzelmiş herhalde. yazılır mı böyle şey. düzeltiyorum: ben öldüm, siz de içip ölmeyin.",eksisozluk
parol,"migren tedavisinde atak gelmeden önce iki tane alınması doktor tarafından tavsiye edilen ağrı kesici,ateş düşürücü",eksisozluk
parol,hamilelerin içebileceği bebeğe zarar vermeyen yegane tek ilaç.  (bkz:  hamileyim ) (bkz:  ordan biliyorum ),eksisozluk
parol,paracetamol  içerikli ağrı kesici,eksisozluk
parol,özellikle  baş ağrısı  için tavsiye edilir.  mide ülseri olanların da rahatlıkla kullandığı ağrı kesicilerdendir. (bkz:  gripin ),eksisozluk
parol,"şu sıralar eczanelerden pek alınmaması gereken ağrı kesici. ""kıl"" içermekteymiş ve halen emir olmasına rağmen piyasadan çekilmemiş.  http://www.beo.org.tr/…e=news&file=article&sid=1307",eksisozluk
parol,ağrıyan  yirmi yaş dişi me  hele otur bi soluklan yiğenim  diyen ilaç. *  belki de psikolojiktir bilemem.,eksisozluk
parol,ağrı kesicili ateş düşürücü..,eksisozluk
parol,"alkolle etkileşimini henüz görmediğim, akşam edit yapabilirsem bana bişey yapmadığını söyleyebileceğim ilaç. edit: rahatça içiniz. postedit: ilk editimi akşamına yapmışım, kafam hala güzelmiş herhalde. yazılır mı böyle şey. düzeltiyorum: ben öldüm, siz de içip ölmeyin.",eksisozluk
parol,"migren tedavisinde atak gelmeden önce iki tane alınması doktor tarafından tavsiye edilen ağrı kesici,ateş düşürücü",eksisozluk
parol,hamilelerin içebileceği bebeğe zarar vermeyen yegane tek ilaç.  (bkz:  hamileyim ) (bkz:  ordan biliyorum ),eksisozluk
parol,paracetamol  içerikli ağrı kesici,eksisozluk
parol,özellikle  baş ağrısı  için tavsiye edilir.  mide ülseri olanların da rahatlıkla kullandığı ağrı kesicilerdendir. (bkz:  gripin ),eksisozluk
parol,"şu sıralar eczanelerden pek alınmaması gereken ağrı kesici. ""kıl"" içermekteymiş ve halen emir olmasına rağmen piyasadan çekilmemiş.  http://www.beo.org.tr/…e=news&file=article&sid=1307",eksisozluk
parol,ağrıyan  yirmi yaş dişi me  hele otur bi soluklan yiğenim  diyen ilaç. *  belki de psikolojiktir bilemem.,eksisozluk
parol,ağrı kesicili ateş düşürücü..,eksisozluk
parol,"alkolle etkileşimini henüz görmediğim, akşam edit yapabilirsem bana bişey yapmadığını söyleyebileceğim ilaç. edit: rahatça içiniz. postedit: ilk editimi akşamına yapmışım, kafam hala güzelmiş herhalde. yazılır mı böyle şey. düzeltiyorum: ben öldüm, siz de içip ölmeyin.",eksisozluk
parol,"migren tedavisinde atak gelmeden önce iki tane alınması doktor tarafından tavsiye edilen ağrı kesici,ateş düşürücü",eksisozluk
parol,hamilelerin içebileceği bebeğe zarar vermeyen yegane tek ilaç.  (bkz:  hamileyim ) (bkz:  ordan biliyorum ),eksisozluk
parol,paracetamol  içerikli ağrı kesici,eksisozluk
parol,özellikle  baş ağrısı  için tavsiye edilir.  mide ülseri olanların da rahatlıkla kullandığı ağrı kesicilerdendir. (bkz:  gripin ),eksisozluk
parol,"şu sıralar eczanelerden pek alınmaması gereken ağrı kesici. ""kıl"" içermekteymiş ve halen emir olmasına rağmen piyasadan çekilmemiş.  http://www.beo.org.tr/…e=news&file=article&sid=1307",eksisozluk
parol,ağrıyan  yirmi yaş dişi me  hele otur bi soluklan yiğenim  diyen ilaç. *  belki de psikolojiktir bilemem.,eksisozluk
parol,ağrı kesicili ateş düşürücü..,eksisozluk
parol,"alkolle etkileşimini henüz görmediğim, akşam edit yapabilirsem bana bişey yapmadığını söyleyebileceğim ilaç. edit: rahatça içiniz. postedit: ilk editimi akşamına yapmışım, kafam hala güzelmiş herhalde. yazılır mı böyle şey. düzeltiyorum: ben öldüm, siz de içip ölmeyin.",eksisozluk
parol,"migren tedavisinde atak gelmeden önce iki tane alınması doktor tarafından tavsiye edilen ağrı kesici,ateş düşürücü",eksisozluk
parol,hamilelerin içebileceği bebeğe zarar vermeyen yegane tek ilaç.  (bkz:  hamileyim ) (bkz:  ordan biliyorum ),eksisozluk
parol,paracetamol  içerikli ağrı kesici,eksisozluk
parol,özellikle  baş ağrısı  için tavsiye edilir.  mide ülseri olanların da rahatlıkla kullandığı ağrı kesicilerdendir. (bkz:  gripin ),eksisozluk
parol,"şu sıralar eczanelerden pek alınmaması gereken ağrı kesici. ""kıl"" içermekteymiş ve halen emir olmasına rağmen piyasadan çekilmemiş.  http://www.beo.org.tr/…e=news&file=article&sid=1307",eksisozluk
parol,ağrıyan  yirmi yaş dişi me  hele otur bi soluklan yiğenim  diyen ilaç. *  belki de psikolojiktir bilemem.,eksisozluk
parol,ağrı kesicili ateş düşürücü..,eksisozluk
parol,"alkolle etkileşimini henüz görmediğim, akşam edit yapabilirsem bana bişey yapmadığını söyleyebileceğim ilaç. edit: rahatça içiniz. postedit: ilk editimi akşamına yapmışım, kafam hala güzelmiş herhalde. yazılır mı böyle şey. düzeltiyorum: ben öldüm, siz de içip ölmeyin.",eksisozluk
parol,"migren tedavisinde atak gelmeden önce iki tane alınması doktor tarafından tavsiye edilen ağrı kesici,ateş düşürücü",eksisozluk
parol,hamilelerin içebileceği bebeğe zarar vermeyen yegane tek ilaç.  (bkz:  hamileyim ) (bkz:  ordan biliyorum ),eksisozluk
parol,paracetamol  içerikli ağrı kesici,eksisozluk
parol,özellikle  baş ağrısı  için tavsiye edilir.  mide ülseri olanların da rahatlıkla kullandığı ağrı kesicilerdendir. (bkz:  gripin ),eksisozluk
parol,"şu sıralar eczanelerden pek alınmaması gereken ağrı kesici. ""kıl"" içermekteymiş ve halen emir olmasına rağmen piyasadan çekilmemiş.  http://www.beo.org.tr/…e=news&file=article&sid=1307",eksisozluk
parol,ağrıyan  yirmi yaş dişi me  hele otur bi soluklan yiğenim  diyen ilaç. *  belki de psikolojiktir bilemem.,eksisozluk
parol,ağrı kesicili ateş düşürücü..,eksisozluk
parol,"alkolle etkileşimini henüz görmediğim, akşam edit yapabilirsem bana bişey yapmadığını söyleyebileceğim ilaç. edit: rahatça içiniz. postedit: ilk editimi akşamına yapmışım, kafam hala güzelmiş herhalde. yazılır mı böyle şey. düzeltiyorum: ben öldüm, siz de içip ölmeyin.",eksisozluk
parol,"migren tedavisinde atak gelmeden önce iki tane alınması doktor tarafından tavsiye edilen ağrı kesici,ateş düşürücü",eksisozluk
parol,hamilelerin içebileceği bebeğe zarar vermeyen yegane tek ilaç.  (bkz:  hamileyim ) (bkz:  ordan biliyorum ),eksisozluk
parol,paracetamol  içerikli ağrı kesici,eksisozluk
parol,özellikle  baş ağrısı  için tavsiye edilir.  mide ülseri olanların da rahatlıkla kullandığı ağrı kesicilerdendir. (bkz:  gripin ),eksisozluk
parol,"şu sıralar eczanelerden pek alınmaması gereken ağrı kesici. ""kıl"" içermekteymiş ve halen emir olmasına rağmen piyasadan çekilmemiş.  http://www.beo.org.tr/…e=news&file=article&sid=1307",eksisozluk
parol,ağrıyan  yirmi yaş dişi me  hele otur bi soluklan yiğenim  diyen ilaç. *  belki de psikolojiktir bilemem.,eksisozluk
parol,ağrı kesicili ateş düşürücü..,eksisozluk
parol,"alkolle etkileşimini henüz görmediğim, akşam edit yapabilirsem bana bişey yapmadığını söyleyebileceğim ilaç. edit: rahatça içiniz. postedit: ilk editimi akşamına yapmışım, kafam hala güzelmiş herhalde. yazılır mı böyle şey. düzeltiyorum: ben öldüm, siz de içip ölmeyin.",eksisozluk
parol,"migren tedavisinde atak gelmeden önce iki tane alınması doktor tarafından tavsiye edilen ağrı kesici,ateş düşürücü",eksisozluk
parol,hamilelerin içebileceği bebeğe zarar vermeyen yegane tek ilaç.  (bkz:  hamileyim ) (bkz:  ordan biliyorum ),eksisozluk
parol,paracetamol  içerikli ağrı kesici,eksisozluk
parol,özellikle  baş ağrısı  için tavsiye edilir.  mide ülseri olanların da rahatlıkla kullandığı ağrı kesicilerdendir. (bkz:  gripin ),eksisozluk
parol,"şu sıralar eczanelerden pek alınmaması gereken ağrı kesici. ""kıl"" içermekteymiş ve halen emir olmasına rağmen piyasadan çekilmemiş.  http://www.beo.org.tr/…e=news&file=article&sid=1307",eksisozluk
parol,ağrıyan  yirmi yaş dişi me  hele otur bi soluklan yiğenim  diyen ilaç. *  belki de psikolojiktir bilemem.,eksisozluk
parol,ağrı kesicili ateş düşürücü..,eksisozluk
parol,"alkolle etkileşimini henüz görmediğim, akşam edit yapabilirsem bana bişey yapmadığını söyleyebileceğim ilaç. edit: rahatça içiniz. postedit: ilk editimi akşamına yapmışım, kafam hala güzelmiş herhalde. yazılır mı böyle şey. düzeltiyorum: ben öldüm, siz de içip ölmeyin.",eksisozluk
parol,"migren tedavisinde atak gelmeden önce iki tane alınması doktor tarafından tavsiye edilen ağrı kesici,ateş düşürücü",eksisozluk
parol,hamilelerin içebileceği bebeğe zarar vermeyen yegane tek ilaç.  (bkz:  hamileyim ) (bkz:  ordan biliyorum ),eksisozluk
voltaren,"kas gevşetici romatizmal ağrılar için kullanılan  merhem , em ,  ilaç",eksisozluk
voltaren,kötü kokar. muadili rheumon tavsiye ediler.,eksisozluk
voltaren,kokusuz olan merhem ..kokulusu için (bkz:  bengay ),eksisozluk
voltaren,kokusu spor salonlarinin soyunma odalarini dolduran jel...,eksisozluk
voltaren,"merheminin yaninda ignesi de vardir, ozellikle  adet sancisi  ceken bayanlar, durum hakikaten elden ciktigi zaman kullanirlar.",eksisozluk
voltaren,"diflofenak sodyum içeren  antienflamatuar  ve  analjezik  olarak kullanılan bir ilaç; merhem , hap ve ampul formunda satılmaktadır.",eksisozluk
voltaren,"(bkz:  bilek burkulması ) durumlarında doktorlar tarafından tavsiye edilen, nane gibi kokan jel...",eksisozluk
voltaren,her türlü adele agrısına iyi gelen mucizevi bir ilactır bu...kremi cok etkilir ama ignesi bambaskadır.boynu tutulan kisinin hemen bu ilacın ignesi yaptırmalıdır.cok kısa bir süre icersinde tutulan boyun kendini bırakıcak ve yavsicaktır...,eksisozluk
voltaren,"kas gevşetici romatizmal ağrılar için kullanılan  merhem , em ,  ilaç",eksisozluk
voltaren,kötü kokar. muadili rheumon tavsiye ediler.,eksisozluk
voltaren,kokusuz olan merhem ..kokulusu için (bkz:  bengay ),eksisozluk
voltaren,kokusu spor salonlarinin soyunma odalarini dolduran jel...,eksisozluk
voltaren,"merheminin yaninda ignesi de vardir, ozellikle  adet sancisi  ceken bayanlar, durum hakikaten elden ciktigi zaman kullanirlar.",eksisozluk
voltaren,"diflofenak sodyum içeren  antienflamatuar  ve  analjezik  olarak kullanılan bir ilaç; merhem , hap ve ampul formunda satılmaktadır.",eksisozluk
voltaren,"(bkz:  bilek burkulması ) durumlarında doktorlar tarafından tavsiye edilen, nane gibi kokan jel...",eksisozluk
voltaren,her türlü adele agrısına iyi gelen mucizevi bir ilactır bu...kremi cok etkilir ama ignesi bambaskadır.boynu tutulan kisinin hemen bu ilacın ignesi yaptırmalıdır.cok kısa bir süre icersinde tutulan boyun kendini bırakıcak ve yavsicaktır...,eksisozluk
voltaren,"kas gevşetici romatizmal ağrılar için kullanılan  merhem , em ,  ilaç",eksisozluk
voltaren,kötü kokar. muadili rheumon tavsiye ediler.,eksisozluk
voltaren,kokusuz olan merhem ..kokulusu için (bkz:  bengay ),eksisozluk
voltaren,kokusu spor salonlarinin soyunma odalarini dolduran jel...,eksisozluk
voltaren,"merheminin yaninda ignesi de vardir, ozellikle  adet sancisi  ceken bayanlar, durum hakikaten elden ciktigi zaman kullanirlar.",eksisozluk
voltaren,"diflofenak sodyum içeren  antienflamatuar  ve  analjezik  olarak kullanılan bir ilaç; merhem , hap ve ampul formunda satılmaktadır.",eksisozluk
voltaren,"(bkz:  bilek burkulması ) durumlarında doktorlar tarafından tavsiye edilen, nane gibi kokan jel...",eksisozluk
voltaren,her türlü adele agrısına iyi gelen mucizevi bir ilactır bu...kremi cok etkilir ama ignesi bambaskadır.boynu tutulan kisinin hemen bu ilacın ignesi yaptırmalıdır.cok kısa bir süre icersinde tutulan boyun kendini bırakıcak ve yavsicaktır...,eksisozluk
voltaren,"kas gevşetici romatizmal ağrılar için kullanılan  merhem , em ,  ilaç",eksisozluk
voltaren,kötü kokar. muadili rheumon tavsiye ediler.,eksisozluk
voltaren,kokusuz olan merhem ..kokulusu için (bkz:  bengay ),eksisozluk
voltaren,kokusu spor salonlarinin soyunma odalarini dolduran jel...,eksisozluk
voltaren,"merheminin yaninda ignesi de vardir, ozellikle  adet sancisi  ceken bayanlar, durum hakikaten elden ciktigi zaman kullanirlar.",eksisozluk
voltaren,"diflofenak sodyum içeren  antienflamatuar  ve  analjezik  olarak kullanılan bir ilaç; merhem , hap ve ampul formunda satılmaktadır.",eksisozluk
voltaren,"(bkz:  bilek burkulması ) durumlarında doktorlar tarafından tavsiye edilen, nane gibi kokan jel...",eksisozluk
voltaren,her türlü adele agrısına iyi gelen mucizevi bir ilactır bu...kremi cok etkilir ama ignesi bambaskadır.boynu tutulan kisinin hemen bu ilacın ignesi yaptırmalıdır.cok kısa bir süre icersinde tutulan boyun kendini bırakıcak ve yavsicaktır...,eksisozluk
voltaren,"kas gevşetici romatizmal ağrılar için kullanılan  merhem , em ,  ilaç",eksisozluk
voltaren,kötü kokar. muadili rheumon tavsiye ediler.,eksisozluk
voltaren,kokusuz olan merhem ..kokulusu için (bkz:  bengay ),eksisozluk
voltaren,kokusu spor salonlarinin soyunma odalarini dolduran jel...,eksisozluk
voltaren,"merheminin yaninda ignesi de vardir, ozellikle  adet sancisi  ceken bayanlar, durum hakikaten elden ciktigi zaman kullanirlar.",eksisozluk
voltaren,"diflofenak sodyum içeren  antienflamatuar  ve  analjezik  olarak kullanılan bir ilaç; merhem , hap ve ampul formunda satılmaktadır.",eksisozluk
voltaren,"(bkz:  bilek burkulması ) durumlarında doktorlar tarafından tavsiye edilen, nane gibi kokan jel...",eksisozluk
voltaren,her türlü adele agrısına iyi gelen mucizevi bir ilactır bu...kremi cok etkilir ama ignesi bambaskadır.boynu tutulan kisinin hemen bu ilacın ignesi yaptırmalıdır.cok kısa bir süre icersinde tutulan boyun kendini bırakıcak ve yavsicaktır...,eksisozluk
voltaren,"kas gevşetici romatizmal ağrılar için kullanılan  merhem , em ,  ilaç",eksisozluk
voltaren,kötü kokar. muadili rheumon tavsiye ediler.,eksisozluk
voltaren,kokusuz olan merhem ..kokulusu için (bkz:  bengay ),eksisozluk
voltaren,kokusu spor salonlarinin soyunma odalarini dolduran jel...,eksisozluk
voltaren,"merheminin yaninda ignesi de vardir, ozellikle  adet sancisi  ceken bayanlar, durum hakikaten elden ciktigi zaman kullanirlar.",eksisozluk
voltaren,"diflofenak sodyum içeren  antienflamatuar  ve  analjezik  olarak kullanılan bir ilaç; merhem , hap ve ampul formunda satılmaktadır.",eksisozluk
voltaren,"(bkz:  bilek burkulması ) durumlarında doktorlar tarafından tavsiye edilen, nane gibi kokan jel...",eksisozluk
voltaren,her türlü adele agrısına iyi gelen mucizevi bir ilactır bu...kremi cok etkilir ama ignesi bambaskadır.boynu tutulan kisinin hemen bu ilacın ignesi yaptırmalıdır.cok kısa bir süre icersinde tutulan boyun kendini bırakıcak ve yavsicaktır...,eksisozluk
voltaren,"kas gevşetici romatizmal ağrılar için kullanılan  merhem , em ,  ilaç",eksisozluk
voltaren,kötü kokar. muadili rheumon tavsiye ediler.,eksisozluk
voltaren,kokusuz olan merhem ..kokulusu için (bkz:  bengay ),eksisozluk
voltaren,kokusu spor salonlarinin soyunma odalarini dolduran jel...,eksisozluk
voltaren,"merheminin yaninda ignesi de vardir, ozellikle  adet sancisi  ceken bayanlar, durum hakikaten elden ciktigi zaman kullanirlar.",eksisozluk
voltaren,"diflofenak sodyum içeren  antienflamatuar  ve  analjezik  olarak kullanılan bir ilaç; merhem , hap ve ampul formunda satılmaktadır.",eksisozluk
voltaren,"(bkz:  bilek burkulması ) durumlarında doktorlar tarafından tavsiye edilen, nane gibi kokan jel...",eksisozluk
voltaren,her türlü adele agrısına iyi gelen mucizevi bir ilactır bu...kremi cok etkilir ama ignesi bambaskadır.boynu tutulan kisinin hemen bu ilacın ignesi yaptırmalıdır.cok kısa bir süre icersinde tutulan boyun kendini bırakıcak ve yavsicaktır...,eksisozluk
voltaren,"kas gevşetici romatizmal ağrılar için kullanılan  merhem , em ,  ilaç",eksisozluk
voltaren,kötü kokar. muadili rheumon tavsiye ediler.,eksisozluk
voltaren,kokusuz olan merhem ..kokulusu için (bkz:  bengay ),eksisozluk
voltaren,kokusu spor salonlarinin soyunma odalarini dolduran jel...,eksisozluk
voltaren,"merheminin yaninda ignesi de vardir, ozellikle  adet sancisi  ceken bayanlar, durum hakikaten elden ciktigi zaman kullanirlar.",eksisozluk
voltaren,"diflofenak sodyum içeren  antienflamatuar  ve  analjezik  olarak kullanılan bir ilaç; merhem , hap ve ampul formunda satılmaktadır.",eksisozluk
voltaren,"(bkz:  bilek burkulması ) durumlarında doktorlar tarafından tavsiye edilen, nane gibi kokan jel...",eksisozluk
voltaren,her türlü adele agrısına iyi gelen mucizevi bir ilactır bu...kremi cok etkilir ama ignesi bambaskadır.boynu tutulan kisinin hemen bu ilacın ignesi yaptırmalıdır.cok kısa bir süre icersinde tutulan boyun kendini bırakıcak ve yavsicaktır...,eksisozluk
voltaren,"kas gevşetici romatizmal ağrılar için kullanılan  merhem , em ,  ilaç",eksisozluk
voltaren,kötü kokar. muadili rheumon tavsiye ediler.,eksisozluk
voltaren,kokusuz olan merhem ..kokulusu için (bkz:  bengay ),eksisozluk
voltaren,kokusu spor salonlarinin soyunma odalarini dolduran jel...,eksisozluk
voltaren,"merheminin yaninda ignesi de vardir, ozellikle  adet sancisi  ceken bayanlar, durum hakikaten elden ciktigi zaman kullanirlar.",eksisozluk
voltaren,"diflofenak sodyum içeren  antienflamatuar  ve  analjezik  olarak kullanılan bir ilaç; merhem , hap ve ampul formunda satılmaktadır.",eksisozluk
voltaren,"(bkz:  bilek burkulması ) durumlarında doktorlar tarafından tavsiye edilen, nane gibi kokan jel...",eksisozluk
voltaren,her türlü adele agrısına iyi gelen mucizevi bir ilactır bu...kremi cok etkilir ama ignesi bambaskadır.boynu tutulan kisinin hemen bu ilacın ignesi yaptırmalıdır.cok kısa bir süre icersinde tutulan boyun kendini bırakıcak ve yavsicaktır...,eksisozluk
voltaren,"kas gevşetici romatizmal ağrılar için kullanılan  merhem , em ,  ilaç",eksisozluk
voltaren,kötü kokar. muadili rheumon tavsiye ediler.,eksisozluk
voltaren,kokusuz olan merhem ..kokulusu için (bkz:  bengay ),eksisozluk
voltaren,kokusu spor salonlarinin soyunma odalarini dolduran jel...,eksisozluk
voltaren,"merheminin yaninda ignesi de vardir, ozellikle  adet sancisi  ceken bayanlar, durum hakikaten elden ciktigi zaman kullanirlar.",eksisozluk
voltaren,"diflofenak sodyum içeren  antienflamatuar  ve  analjezik  olarak kullanılan bir ilaç; merhem , hap ve ampul formunda satılmaktadır.",eksisozluk
voltaren,"(bkz:  bilek burkulması ) durumlarında doktorlar tarafından tavsiye edilen, nane gibi kokan jel...",eksisozluk
voltaren,her türlü adele agrısına iyi gelen mucizevi bir ilactır bu...kremi cok etkilir ama ignesi bambaskadır.boynu tutulan kisinin hemen bu ilacın ignesi yaptırmalıdır.cok kısa bir süre icersinde tutulan boyun kendini bırakıcak ve yavsicaktır...,eksisozluk
voltaren,"kas gevşetici romatizmal ağrılar için kullanılan  merhem , em ,  ilaç",eksisozluk
voltaren,kötü kokar. muadili rheumon tavsiye ediler.,eksisozluk
voltaren,kokusuz olan merhem ..kokulusu için (bkz:  bengay ),eksisozluk
voltaren,kokusu spor salonlarinin soyunma odalarini dolduran jel...,eksisozluk
voltaren,"merheminin yaninda ignesi de vardir, ozellikle  adet sancisi  ceken bayanlar, durum hakikaten elden ciktigi zaman kullanirlar.",eksisozluk
voltaren,"diflofenak sodyum içeren  antienflamatuar  ve  analjezik  olarak kullanılan bir ilaç; merhem , hap ve ampul formunda satılmaktadır.",eksisozluk
voltaren,"(bkz:  bilek burkulması ) durumlarında doktorlar tarafından tavsiye edilen, nane gibi kokan jel...",eksisozluk
voltaren,her türlü adele agrısına iyi gelen mucizevi bir ilactır bu...kremi cok etkilir ama ignesi bambaskadır.boynu tutulan kisinin hemen bu ilacın ignesi yaptırmalıdır.cok kısa bir süre icersinde tutulan boyun kendini bırakıcak ve yavsicaktır...,eksisozluk
voltaren,"kas gevşetici romatizmal ağrılar için kullanılan  merhem , em ,  ilaç",eksisozluk
voltaren,kötü kokar. muadili rheumon tavsiye ediler.,eksisozluk
voltaren,kokusuz olan merhem ..kokulusu için (bkz:  bengay ),eksisozluk
voltaren,kokusu spor salonlarinin soyunma odalarini dolduran jel...,eksisozluk
voltaren,"merheminin yaninda ignesi de vardir, ozellikle  adet sancisi  ceken bayanlar, durum hakikaten elden ciktigi zaman kullanirlar.",eksisozluk
voltaren,"diflofenak sodyum içeren  antienflamatuar  ve  analjezik  olarak kullanılan bir ilaç; merhem , hap ve ampul formunda satılmaktadır.",eksisozluk
voltaren,"(bkz:  bilek burkulması ) durumlarında doktorlar tarafından tavsiye edilen, nane gibi kokan jel...",eksisozluk
voltaren,her türlü adele agrısına iyi gelen mucizevi bir ilactır bu...kremi cok etkilir ama ignesi bambaskadır.boynu tutulan kisinin hemen bu ilacın ignesi yaptırmalıdır.cok kısa bir süre icersinde tutulan boyun kendini bırakıcak ve yavsicaktır...,eksisozluk
voltaren,"kas gevşetici romatizmal ağrılar için kullanılan  merhem , em ,  ilaç",eksisozluk
voltaren,kötü kokar. muadili rheumon tavsiye ediler.,eksisozluk
voltaren,kokusuz olan merhem ..kokulusu için (bkz:  bengay ),eksisozluk
voltaren,kokusu spor salonlarinin soyunma odalarini dolduran jel...,eksisozluk
voltaren,"merheminin yaninda ignesi de vardir, ozellikle  adet sancisi  ceken bayanlar, durum hakikaten elden ciktigi zaman kullanirlar.",eksisozluk
voltaren,"diflofenak sodyum içeren  antienflamatuar  ve  analjezik  olarak kullanılan bir ilaç; merhem , hap ve ampul formunda satılmaktadır.",eksisozluk
voltaren,"(bkz:  bilek burkulması ) durumlarında doktorlar tarafından tavsiye edilen, nane gibi kokan jel...",eksisozluk
voltaren,her türlü adele agrısına iyi gelen mucizevi bir ilactır bu...kremi cok etkilir ama ignesi bambaskadır.boynu tutulan kisinin hemen bu ilacın ignesi yaptırmalıdır.cok kısa bir süre icersinde tutulan boyun kendini bırakıcak ve yavsicaktır...,eksisozluk
voltaren,"kas gevşetici romatizmal ağrılar için kullanılan  merhem , em ,  ilaç",eksisozluk
voltaren,kötü kokar. muadili rheumon tavsiye ediler.,eksisozluk
voltaren,kokusuz olan merhem ..kokulusu için (bkz:  bengay ),eksisozluk
voltaren,kokusu spor salonlarinin soyunma odalarini dolduran jel...,eksisozluk
voltaren,"merheminin yaninda ignesi de vardir, ozellikle  adet sancisi  ceken bayanlar, durum hakikaten elden ciktigi zaman kullanirlar.",eksisozluk
voltaren,"diflofenak sodyum içeren  antienflamatuar  ve  analjezik  olarak kullanılan bir ilaç; merhem , hap ve ampul formunda satılmaktadır.",eksisozluk
voltaren,"(bkz:  bilek burkulması ) durumlarında doktorlar tarafından tavsiye edilen, nane gibi kokan jel...",eksisozluk
voltaren,her türlü adele agrısına iyi gelen mucizevi bir ilactır bu...kremi cok etkilir ama ignesi bambaskadır.boynu tutulan kisinin hemen bu ilacın ignesi yaptırmalıdır.cok kısa bir süre icersinde tutulan boyun kendini bırakıcak ve yavsicaktır...,eksisozluk
voltaren,"kas gevşetici romatizmal ağrılar için kullanılan  merhem , em ,  ilaç",eksisozluk
voltaren,kötü kokar. muadili rheumon tavsiye ediler.,eksisozluk
voltaren,kokusuz olan merhem ..kokulusu için (bkz:  bengay ),eksisozluk
voltaren,kokusu spor salonlarinin soyunma odalarini dolduran jel...,eksisozluk
voltaren,"merheminin yaninda ignesi de vardir, ozellikle  adet sancisi  ceken bayanlar, durum hakikaten elden ciktigi zaman kullanirlar.",eksisozluk
voltaren,"diflofenak sodyum içeren  antienflamatuar  ve  analjezik  olarak kullanılan bir ilaç; merhem , hap ve ampul formunda satılmaktadır.",eksisozluk
voltaren,"(bkz:  bilek burkulması ) durumlarında doktorlar tarafından tavsiye edilen, nane gibi kokan jel...",eksisozluk
voltaren,her türlü adele agrısına iyi gelen mucizevi bir ilactır bu...kremi cok etkilir ama ignesi bambaskadır.boynu tutulan kisinin hemen bu ilacın ignesi yaptırmalıdır.cok kısa bir süre icersinde tutulan boyun kendini bırakıcak ve yavsicaktır...,eksisozluk
voltaren,"kas gevşetici romatizmal ağrılar için kullanılan  merhem , em ,  ilaç",eksisozluk
voltaren,kötü kokar. muadili rheumon tavsiye ediler.,eksisozluk
voltaren,kokusuz olan merhem ..kokulusu için (bkz:  bengay ),eksisozluk
voltaren,kokusu spor salonlarinin soyunma odalarini dolduran jel...,eksisozluk
voltaren,"merheminin yaninda ignesi de vardir, ozellikle  adet sancisi  ceken bayanlar, durum hakikaten elden ciktigi zaman kullanirlar.",eksisozluk
voltaren,"diflofenak sodyum içeren  antienflamatuar  ve  analjezik  olarak kullanılan bir ilaç; merhem , hap ve ampul formunda satılmaktadır.",eksisozluk
voltaren,"(bkz:  bilek burkulması ) durumlarında doktorlar tarafından tavsiye edilen, nane gibi kokan jel...",eksisozluk
voltaren,her türlü adele agrısına iyi gelen mucizevi bir ilactır bu...kremi cok etkilir ama ignesi bambaskadır.boynu tutulan kisinin hemen bu ilacın ignesi yaptırmalıdır.cok kısa bir süre icersinde tutulan boyun kendini bırakıcak ve yavsicaktır...,eksisozluk
voltaren,"kas gevşetici romatizmal ağrılar için kullanılan  merhem , em ,  ilaç",eksisozluk
voltaren,kötü kokar. muadili rheumon tavsiye ediler.,eksisozluk
voltaren,kokusuz olan merhem ..kokulusu için (bkz:  bengay ),eksisozluk
voltaren,kokusu spor salonlarinin soyunma odalarini dolduran jel...,eksisozluk
voltaren,"merheminin yaninda ignesi de vardir, ozellikle  adet sancisi  ceken bayanlar, durum hakikaten elden ciktigi zaman kullanirlar.",eksisozluk
voltaren,"diflofenak sodyum içeren  antienflamatuar  ve  analjezik  olarak kullanılan bir ilaç; merhem , hap ve ampul formunda satılmaktadır.",eksisozluk
voltaren,"(bkz:  bilek burkulması ) durumlarında doktorlar tarafından tavsiye edilen, nane gibi kokan jel...",eksisozluk
voltaren,her türlü adele agrısına iyi gelen mucizevi bir ilactır bu...kremi cok etkilir ama ignesi bambaskadır.boynu tutulan kisinin hemen bu ilacın ignesi yaptırmalıdır.cok kısa bir süre icersinde tutulan boyun kendini bırakıcak ve yavsicaktır...,eksisozluk
voltaren,"kas gevşetici romatizmal ağrılar için kullanılan  merhem , em ,  ilaç",eksisozluk
voltaren,kötü kokar. muadili rheumon tavsiye ediler.,eksisozluk
voltaren,kokusuz olan merhem ..kokulusu için (bkz:  bengay ),eksisozluk
voltaren,kokusu spor salonlarinin soyunma odalarini dolduran jel...,eksisozluk
voltaren,"merheminin yaninda ignesi de vardir, ozellikle  adet sancisi  ceken bayanlar, durum hakikaten elden ciktigi zaman kullanirlar.",eksisozluk
voltaren,"diflofenak sodyum içeren  antienflamatuar  ve  analjezik  olarak kullanılan bir ilaç; merhem , hap ve ampul formunda satılmaktadır.",eksisozluk
voltaren,"(bkz:  bilek burkulması ) durumlarında doktorlar tarafından tavsiye edilen, nane gibi kokan jel...",eksisozluk
voltaren,her türlü adele agrısına iyi gelen mucizevi bir ilactır bu...kremi cok etkilir ama ignesi bambaskadır.boynu tutulan kisinin hemen bu ilacın ignesi yaptırmalıdır.cok kısa bir süre icersinde tutulan boyun kendini bırakıcak ve yavsicaktır...,eksisozluk
voltaren,"kas gevşetici romatizmal ağrılar için kullanılan  merhem , em ,  ilaç",eksisozluk
voltaren,kötü kokar. muadili rheumon tavsiye ediler.,eksisozluk
voltaren,kokusuz olan merhem ..kokulusu için (bkz:  bengay ),eksisozluk
voltaren,kokusu spor salonlarinin soyunma odalarini dolduran jel...,eksisozluk
voltaren,"merheminin yaninda ignesi de vardir, ozellikle  adet sancisi  ceken bayanlar, durum hakikaten elden ciktigi zaman kullanirlar.",eksisozluk
voltaren,"diflofenak sodyum içeren  antienflamatuar  ve  analjezik  olarak kullanılan bir ilaç; merhem , hap ve ampul formunda satılmaktadır.",eksisozluk
voltaren,"(bkz:  bilek burkulması ) durumlarında doktorlar tarafından tavsiye edilen, nane gibi kokan jel...",eksisozluk
voltaren,her türlü adele agrısına iyi gelen mucizevi bir ilactır bu...kremi cok etkilir ama ignesi bambaskadır.boynu tutulan kisinin hemen bu ilacın ignesi yaptırmalıdır.cok kısa bir süre icersinde tutulan boyun kendini bırakıcak ve yavsicaktır...,eksisozluk
voltaren,"kas gevşetici romatizmal ağrılar için kullanılan  merhem , em ,  ilaç",eksisozluk
voltaren,kötü kokar. muadili rheumon tavsiye ediler.,eksisozluk
voltaren,kokusuz olan merhem ..kokulusu için (bkz:  bengay ),eksisozluk
voltaren,kokusu spor salonlarinin soyunma odalarini dolduran jel...,eksisozluk
voltaren,"merheminin yaninda ignesi de vardir, ozellikle  adet sancisi  ceken bayanlar, durum hakikaten elden ciktigi zaman kullanirlar.",eksisozluk
voltaren,"diflofenak sodyum içeren  antienflamatuar  ve  analjezik  olarak kullanılan bir ilaç; merhem , hap ve ampul formunda satılmaktadır.",eksisozluk
voltaren,"(bkz:  bilek burkulması ) durumlarında doktorlar tarafından tavsiye edilen, nane gibi kokan jel...",eksisozluk
voltaren,her türlü adele agrısına iyi gelen mucizevi bir ilactır bu...kremi cok etkilir ama ignesi bambaskadır.boynu tutulan kisinin hemen bu ilacın ignesi yaptırmalıdır.cok kısa bir süre icersinde tutulan boyun kendini bırakıcak ve yavsicaktır...,eksisozluk
arveles,dismenore  için önerilenilaçlardan biri yan etkilerinin arasında abdominal ağrı olmasıyla güldürmüş ilaç,eksisozluk
arveles,regl dönemlerinin kahramanı.,eksisozluk
arveles,şiddetli baş ağrılarında etkili olan ilaç. rahatça apranaxdan terfi edilebilir zira 500 mg almak yerine 25 mg ilaç alıyorsunuz şaaak diye kesiliyor ağrı.  ps: en azından bende,eksisozluk
arveles,diz ağrısı için kullanıldığı da görülmüştür.,eksisozluk
arveles,bazı bünyelere hiçbir şekilde işlemeyen ilaç (ben de dahilim bu güruha; bana mısın demedi) bence denemek istiyorsanız bir de çantanızda plan b analjezik de bulunsun; sürünmeyin.,eksisozluk
arveles,ibrahim etem ulagay - menarini ilaç grubunun ürettiği oldukça etkili bir ağrıkesicidir. hemen hemen tüm ağrılar için kullanılabilir. özellikle baş ağrılarında oldukça hızlı etkisini gösterir.,eksisozluk
arveles,herkes arvelesin bi özelliğini yazmış ben de kutusunun rengini söyliyeyim bari. efendim kutusu mavi beyazdır. beyaz kısmı mavi kısma doğru üçgen şeklinde girinti yapar. tablet formlarının kutusu dikdörtgen şeklindedir. ampul içeren kutuları yine dikdörtgen olmakla beraber biraz daha geniştir. ampuller hem im ( intramuscular) ( kas içine ) hem de iv (intravenöz) ( damar içine ) olarak kullanılabilir. ayrıca etken madde olarak deksketoprofen trometamol içerir diyerek sunumuma burada son vermek istiyorum sayın seyirciler. muhabiriniz nahiyyeaa eczaneden bildirdi ! esen kalın.,eksisozluk
arveles,ketoprofen  (bkz:  profenid ) isimli maddenin aktif enantiyomeri olan  deksketoprofen i içeren ilaç.,eksisozluk
arveles,"potansiyel, real madrid'te oynayan ispanyol sağ bek ismi.",eksisozluk
arveles,her satın almak istediğimde bana meksikalı bi kaçakçı ismine benzeyen alveres'i çağrıştıran ilaç adı.,eksisozluk
arveles,dismenore  için önerilenilaçlardan biri yan etkilerinin arasında abdominal ağrı olmasıyla güldürmüş ilaç,eksisozluk
arveles,regl dönemlerinin kahramanı.,eksisozluk
arveles,şiddetli baş ağrılarında etkili olan ilaç. rahatça apranaxdan terfi edilebilir zira 500 mg almak yerine 25 mg ilaç alıyorsunuz şaaak diye kesiliyor ağrı.  ps: en azından bende,eksisozluk
arveles,diz ağrısı için kullanıldığı da görülmüştür.,eksisozluk
arveles,bazı bünyelere hiçbir şekilde işlemeyen ilaç (ben de dahilim bu güruha; bana mısın demedi) bence denemek istiyorsanız bir de çantanızda plan b analjezik de bulunsun; sürünmeyin.,eksisozluk
arveles,ibrahim etem ulagay - menarini ilaç grubunun ürettiği oldukça etkili bir ağrıkesicidir. hemen hemen tüm ağrılar için kullanılabilir. özellikle baş ağrılarında oldukça hızlı etkisini gösterir.,eksisozluk
arveles,herkes arvelesin bi özelliğini yazmış ben de kutusunun rengini söyliyeyim bari. efendim kutusu mavi beyazdır. beyaz kısmı mavi kısma doğru üçgen şeklinde girinti yapar. tablet formlarının kutusu dikdörtgen şeklindedir. ampul içeren kutuları yine dikdörtgen olmakla beraber biraz daha geniştir. ampuller hem im ( intramuscular) ( kas içine ) hem de iv (intravenöz) ( damar içine ) olarak kullanılabilir. ayrıca etken madde olarak deksketoprofen trometamol içerir diyerek sunumuma burada son vermek istiyorum sayın seyirciler. muhabiriniz nahiyyeaa eczaneden bildirdi ! esen kalın.,eksisozluk
arveles,ketoprofen  (bkz:  profenid ) isimli maddenin aktif enantiyomeri olan  deksketoprofen i içeren ilaç.,eksisozluk
arveles,"potansiyel, real madrid'te oynayan ispanyol sağ bek ismi.",eksisozluk
arveles,her satın almak istediğimde bana meksikalı bi kaçakçı ismine benzeyen alveres'i çağrıştıran ilaç adı.,eksisozluk
arveles,dismenore  için önerilenilaçlardan biri yan etkilerinin arasında abdominal ağrı olmasıyla güldürmüş ilaç,eksisozluk
arveles,regl dönemlerinin kahramanı.,eksisozluk
arveles,şiddetli baş ağrılarında etkili olan ilaç. rahatça apranaxdan terfi edilebilir zira 500 mg almak yerine 25 mg ilaç alıyorsunuz şaaak diye kesiliyor ağrı.  ps: en azından bende,eksisozluk
arveles,diz ağrısı için kullanıldığı da görülmüştür.,eksisozluk
arveles,bazı bünyelere hiçbir şekilde işlemeyen ilaç (ben de dahilim bu güruha; bana mısın demedi) bence denemek istiyorsanız bir de çantanızda plan b analjezik de bulunsun; sürünmeyin.,eksisozluk
arveles,ibrahim etem ulagay - menarini ilaç grubunun ürettiği oldukça etkili bir ağrıkesicidir. hemen hemen tüm ağrılar için kullanılabilir. özellikle baş ağrılarında oldukça hızlı etkisini gösterir.,eksisozluk
arveles,herkes arvelesin bi özelliğini yazmış ben de kutusunun rengini söyliyeyim bari. efendim kutusu mavi beyazdır. beyaz kısmı mavi kısma doğru üçgen şeklinde girinti yapar. tablet formlarının kutusu dikdörtgen şeklindedir. ampul içeren kutuları yine dikdörtgen olmakla beraber biraz daha geniştir. ampuller hem im ( intramuscular) ( kas içine ) hem de iv (intravenöz) ( damar içine ) olarak kullanılabilir. ayrıca etken madde olarak deksketoprofen trometamol içerir diyerek sunumuma burada son vermek istiyorum sayın seyirciler. muhabiriniz nahiyyeaa eczaneden bildirdi ! esen kalın.,eksisozluk
arveles,ketoprofen  (bkz:  profenid ) isimli maddenin aktif enantiyomeri olan  deksketoprofen i içeren ilaç.,eksisozluk
arveles,"potansiyel, real madrid'te oynayan ispanyol sağ bek ismi.",eksisozluk
arveles,her satın almak istediğimde bana meksikalı bi kaçakçı ismine benzeyen alveres'i çağrıştıran ilaç adı.,eksisozluk
arveles,dismenore  için önerilenilaçlardan biri yan etkilerinin arasında abdominal ağrı olmasıyla güldürmüş ilaç,eksisozluk
arveles,regl dönemlerinin kahramanı.,eksisozluk
arveles,şiddetli baş ağrılarında etkili olan ilaç. rahatça apranaxdan terfi edilebilir zira 500 mg almak yerine 25 mg ilaç alıyorsunuz şaaak diye kesiliyor ağrı.  ps: en azından bende,eksisozluk
arveles,diz ağrısı için kullanıldığı da görülmüştür.,eksisozluk
arveles,bazı bünyelere hiçbir şekilde işlemeyen ilaç (ben de dahilim bu güruha; bana mısın demedi) bence denemek istiyorsanız bir de çantanızda plan b analjezik de bulunsun; sürünmeyin.,eksisozluk
arveles,ibrahim etem ulagay - menarini ilaç grubunun ürettiği oldukça etkili bir ağrıkesicidir. hemen hemen tüm ağrılar için kullanılabilir. özellikle baş ağrılarında oldukça hızlı etkisini gösterir.,eksisozluk
arveles,herkes arvelesin bi özelliğini yazmış ben de kutusunun rengini söyliyeyim bari. efendim kutusu mavi beyazdır. beyaz kısmı mavi kısma doğru üçgen şeklinde girinti yapar. tablet formlarının kutusu dikdörtgen şeklindedir. ampul içeren kutuları yine dikdörtgen olmakla beraber biraz daha geniştir. ampuller hem im ( intramuscular) ( kas içine ) hem de iv (intravenöz) ( damar içine ) olarak kullanılabilir. ayrıca etken madde olarak deksketoprofen trometamol içerir diyerek sunumuma burada son vermek istiyorum sayın seyirciler. muhabiriniz nahiyyeaa eczaneden bildirdi ! esen kalın.,eksisozluk
arveles,ketoprofen  (bkz:  profenid ) isimli maddenin aktif enantiyomeri olan  deksketoprofen i içeren ilaç.,eksisozluk
arveles,"potansiyel, real madrid'te oynayan ispanyol sağ bek ismi.",eksisozluk
arveles,her satın almak istediğimde bana meksikalı bi kaçakçı ismine benzeyen alveres'i çağrıştıran ilaç adı.,eksisozluk
arveles,dismenore  için önerilenilaçlardan biri yan etkilerinin arasında abdominal ağrı olmasıyla güldürmüş ilaç,eksisozluk
arveles,regl dönemlerinin kahramanı.,eksisozluk
arveles,şiddetli baş ağrılarında etkili olan ilaç. rahatça apranaxdan terfi edilebilir zira 500 mg almak yerine 25 mg ilaç alıyorsunuz şaaak diye kesiliyor ağrı.  ps: en azından bende,eksisozluk
arveles,diz ağrısı için kullanıldığı da görülmüştür.,eksisozluk
arveles,bazı bünyelere hiçbir şekilde işlemeyen ilaç (ben de dahilim bu güruha; bana mısın demedi) bence denemek istiyorsanız bir de çantanızda plan b analjezik de bulunsun; sürünmeyin.,eksisozluk
arveles,ibrahim etem ulagay - menarini ilaç grubunun ürettiği oldukça etkili bir ağrıkesicidir. hemen hemen tüm ağrılar için kullanılabilir. özellikle baş ağrılarında oldukça hızlı etkisini gösterir.,eksisozluk
arveles,herkes arvelesin bi özelliğini yazmış ben de kutusunun rengini söyliyeyim bari. efendim kutusu mavi beyazdır. beyaz kısmı mavi kısma doğru üçgen şeklinde girinti yapar. tablet formlarının kutusu dikdörtgen şeklindedir. ampul içeren kutuları yine dikdörtgen olmakla beraber biraz daha geniştir. ampuller hem im ( intramuscular) ( kas içine ) hem de iv (intravenöz) ( damar içine ) olarak kullanılabilir. ayrıca etken madde olarak deksketoprofen trometamol içerir diyerek sunumuma burada son vermek istiyorum sayın seyirciler. muhabiriniz nahiyyeaa eczaneden bildirdi ! esen kalın.,eksisozluk
arveles,ketoprofen  (bkz:  profenid ) isimli maddenin aktif enantiyomeri olan  deksketoprofen i içeren ilaç.,eksisozluk
arveles,"potansiyel, real madrid'te oynayan ispanyol sağ bek ismi.",eksisozluk
arveles,her satın almak istediğimde bana meksikalı bi kaçakçı ismine benzeyen alveres'i çağrıştıran ilaç adı.,eksisozluk
arveles,dismenore  için önerilenilaçlardan biri yan etkilerinin arasında abdominal ağrı olmasıyla güldürmüş ilaç,eksisozluk
arveles,regl dönemlerinin kahramanı.,eksisozluk
arveles,şiddetli baş ağrılarında etkili olan ilaç. rahatça apranaxdan terfi edilebilir zira 500 mg almak yerine 25 mg ilaç alıyorsunuz şaaak diye kesiliyor ağrı.  ps: en azından bende,eksisozluk
arveles,diz ağrısı için kullanıldığı da görülmüştür.,eksisozluk
arveles,bazı bünyelere hiçbir şekilde işlemeyen ilaç (ben de dahilim bu güruha; bana mısın demedi) bence denemek istiyorsanız bir de çantanızda plan b analjezik de bulunsun; sürünmeyin.,eksisozluk
arveles,ibrahim etem ulagay - menarini ilaç grubunun ürettiği oldukça etkili bir ağrıkesicidir. hemen hemen tüm ağrılar için kullanılabilir. özellikle baş ağrılarında oldukça hızlı etkisini gösterir.,eksisozluk
arveles,herkes arvelesin bi özelliğini yazmış ben de kutusunun rengini söyliyeyim bari. efendim kutusu mavi beyazdır. beyaz kısmı mavi kısma doğru üçgen şeklinde girinti yapar. tablet formlarının kutusu dikdörtgen şeklindedir. ampul içeren kutuları yine dikdörtgen olmakla beraber biraz daha geniştir. ampuller hem im ( intramuscular) ( kas içine ) hem de iv (intravenöz) ( damar içine ) olarak kullanılabilir. ayrıca etken madde olarak deksketoprofen trometamol içerir diyerek sunumuma burada son vermek istiyorum sayın seyirciler. muhabiriniz nahiyyeaa eczaneden bildirdi ! esen kalın.,eksisozluk
arveles,ketoprofen  (bkz:  profenid ) isimli maddenin aktif enantiyomeri olan  deksketoprofen i içeren ilaç.,eksisozluk
arveles,"potansiyel, real madrid'te oynayan ispanyol sağ bek ismi.",eksisozluk
arveles,her satın almak istediğimde bana meksikalı bi kaçakçı ismine benzeyen alveres'i çağrıştıran ilaç adı.,eksisozluk
arveles,dismenore  için önerilenilaçlardan biri yan etkilerinin arasında abdominal ağrı olmasıyla güldürmüş ilaç,eksisozluk
arveles,regl dönemlerinin kahramanı.,eksisozluk
arveles,şiddetli baş ağrılarında etkili olan ilaç. rahatça apranaxdan terfi edilebilir zira 500 mg almak yerine 25 mg ilaç alıyorsunuz şaaak diye kesiliyor ağrı.  ps: en azından bende,eksisozluk
arveles,diz ağrısı için kullanıldığı da görülmüştür.,eksisozluk
arveles,bazı bünyelere hiçbir şekilde işlemeyen ilaç (ben de dahilim bu güruha; bana mısın demedi) bence denemek istiyorsanız bir de çantanızda plan b analjezik de bulunsun; sürünmeyin.,eksisozluk
arveles,ibrahim etem ulagay - menarini ilaç grubunun ürettiği oldukça etkili bir ağrıkesicidir. hemen hemen tüm ağrılar için kullanılabilir. özellikle baş ağrılarında oldukça hızlı etkisini gösterir.,eksisozluk
arveles,herkes arvelesin bi özelliğini yazmış ben de kutusunun rengini söyliyeyim bari. efendim kutusu mavi beyazdır. beyaz kısmı mavi kısma doğru üçgen şeklinde girinti yapar. tablet formlarının kutusu dikdörtgen şeklindedir. ampul içeren kutuları yine dikdörtgen olmakla beraber biraz daha geniştir. ampuller hem im ( intramuscular) ( kas içine ) hem de iv (intravenöz) ( damar içine ) olarak kullanılabilir. ayrıca etken madde olarak deksketoprofen trometamol içerir diyerek sunumuma burada son vermek istiyorum sayın seyirciler. muhabiriniz nahiyyeaa eczaneden bildirdi ! esen kalın.,eksisozluk
arveles,ketoprofen  (bkz:  profenid ) isimli maddenin aktif enantiyomeri olan  deksketoprofen i içeren ilaç.,eksisozluk
arveles,"potansiyel, real madrid'te oynayan ispanyol sağ bek ismi.",eksisozluk
arveles,her satın almak istediğimde bana meksikalı bi kaçakçı ismine benzeyen alveres'i çağrıştıran ilaç adı.,eksisozluk
arveles,dismenore  için önerilenilaçlardan biri yan etkilerinin arasında abdominal ağrı olmasıyla güldürmüş ilaç,eksisozluk
arveles,regl dönemlerinin kahramanı.,eksisozluk
arveles,şiddetli baş ağrılarında etkili olan ilaç. rahatça apranaxdan terfi edilebilir zira 500 mg almak yerine 25 mg ilaç alıyorsunuz şaaak diye kesiliyor ağrı.  ps: en azından bende,eksisozluk
arveles,diz ağrısı için kullanıldığı da görülmüştür.,eksisozluk
arveles,bazı bünyelere hiçbir şekilde işlemeyen ilaç (ben de dahilim bu güruha; bana mısın demedi) bence denemek istiyorsanız bir de çantanızda plan b analjezik de bulunsun; sürünmeyin.,eksisozluk
arveles,ibrahim etem ulagay - menarini ilaç grubunun ürettiği oldukça etkili bir ağrıkesicidir. hemen hemen tüm ağrılar için kullanılabilir. özellikle baş ağrılarında oldukça hızlı etkisini gösterir.,eksisozluk
arveles,herkes arvelesin bi özelliğini yazmış ben de kutusunun rengini söyliyeyim bari. efendim kutusu mavi beyazdır. beyaz kısmı mavi kısma doğru üçgen şeklinde girinti yapar. tablet formlarının kutusu dikdörtgen şeklindedir. ampul içeren kutuları yine dikdörtgen olmakla beraber biraz daha geniştir. ampuller hem im ( intramuscular) ( kas içine ) hem de iv (intravenöz) ( damar içine ) olarak kullanılabilir. ayrıca etken madde olarak deksketoprofen trometamol içerir diyerek sunumuma burada son vermek istiyorum sayın seyirciler. muhabiriniz nahiyyeaa eczaneden bildirdi ! esen kalın.,eksisozluk
arveles,ketoprofen  (bkz:  profenid ) isimli maddenin aktif enantiyomeri olan  deksketoprofen i içeren ilaç.,eksisozluk
arveles,"potansiyel, real madrid'te oynayan ispanyol sağ bek ismi.",eksisozluk
arveles,her satın almak istediğimde bana meksikalı bi kaçakçı ismine benzeyen alveres'i çağrıştıran ilaç adı.,eksisozluk
arveles,dismenore  için önerilenilaçlardan biri yan etkilerinin arasında abdominal ağrı olmasıyla güldürmüş ilaç,eksisozluk
arveles,regl dönemlerinin kahramanı.,eksisozluk
arveles,şiddetli baş ağrılarında etkili olan ilaç. rahatça apranaxdan terfi edilebilir zira 500 mg almak yerine 25 mg ilaç alıyorsunuz şaaak diye kesiliyor ağrı.  ps: en azından bende,eksisozluk
arveles,diz ağrısı için kullanıldığı da görülmüştür.,eksisozluk
arveles,bazı bünyelere hiçbir şekilde işlemeyen ilaç (ben de dahilim bu güruha; bana mısın demedi) bence denemek istiyorsanız bir de çantanızda plan b analjezik de bulunsun; sürünmeyin.,eksisozluk
arveles,ibrahim etem ulagay - menarini ilaç grubunun ürettiği oldukça etkili bir ağrıkesicidir. hemen hemen tüm ağrılar için kullanılabilir. özellikle baş ağrılarında oldukça hızlı etkisini gösterir.,eksisozluk
arveles,herkes arvelesin bi özelliğini yazmış ben de kutusunun rengini söyliyeyim bari. efendim kutusu mavi beyazdır. beyaz kısmı mavi kısma doğru üçgen şeklinde girinti yapar. tablet formlarının kutusu dikdörtgen şeklindedir. ampul içeren kutuları yine dikdörtgen olmakla beraber biraz daha geniştir. ampuller hem im ( intramuscular) ( kas içine ) hem de iv (intravenöz) ( damar içine ) olarak kullanılabilir. ayrıca etken madde olarak deksketoprofen trometamol içerir diyerek sunumuma burada son vermek istiyorum sayın seyirciler. muhabiriniz nahiyyeaa eczaneden bildirdi ! esen kalın.,eksisozluk
arveles,ketoprofen  (bkz:  profenid ) isimli maddenin aktif enantiyomeri olan  deksketoprofen i içeren ilaç.,eksisozluk
arveles,"potansiyel, real madrid'te oynayan ispanyol sağ bek ismi.",eksisozluk
arveles,her satın almak istediğimde bana meksikalı bi kaçakçı ismine benzeyen alveres'i çağrıştıran ilaç adı.,eksisozluk
arveles,dismenore  için önerilenilaçlardan biri yan etkilerinin arasında abdominal ağrı olmasıyla güldürmüş ilaç,eksisozluk
arveles,regl dönemlerinin kahramanı.,eksisozluk
arveles,şiddetli baş ağrılarında etkili olan ilaç. rahatça apranaxdan terfi edilebilir zira 500 mg almak yerine 25 mg ilaç alıyorsunuz şaaak diye kesiliyor ağrı.  ps: en azından bende,eksisozluk
arveles,diz ağrısı için kullanıldığı da görülmüştür.,eksisozluk
arveles,bazı bünyelere hiçbir şekilde işlemeyen ilaç (ben de dahilim bu güruha; bana mısın demedi) bence denemek istiyorsanız bir de çantanızda plan b analjezik de bulunsun; sürünmeyin.,eksisozluk
arveles,ibrahim etem ulagay - menarini ilaç grubunun ürettiği oldukça etkili bir ağrıkesicidir. hemen hemen tüm ağrılar için kullanılabilir. özellikle baş ağrılarında oldukça hızlı etkisini gösterir.,eksisozluk
arveles,herkes arvelesin bi özelliğini yazmış ben de kutusunun rengini söyliyeyim bari. efendim kutusu mavi beyazdır. beyaz kısmı mavi kısma doğru üçgen şeklinde girinti yapar. tablet formlarının kutusu dikdörtgen şeklindedir. ampul içeren kutuları yine dikdörtgen olmakla beraber biraz daha geniştir. ampuller hem im ( intramuscular) ( kas içine ) hem de iv (intravenöz) ( damar içine ) olarak kullanılabilir. ayrıca etken madde olarak deksketoprofen trometamol içerir diyerek sunumuma burada son vermek istiyorum sayın seyirciler. muhabiriniz nahiyyeaa eczaneden bildirdi ! esen kalın.,eksisozluk
arveles,ketoprofen  (bkz:  profenid ) isimli maddenin aktif enantiyomeri olan  deksketoprofen i içeren ilaç.,eksisozluk
arveles,"potansiyel, real madrid'te oynayan ispanyol sağ bek ismi.",eksisozluk
arveles,her satın almak istediğimde bana meksikalı bi kaçakçı ismine benzeyen alveres'i çağrıştıran ilaç adı.,eksisozluk
arveles,dismenore  için önerilenilaçlardan biri yan etkilerinin arasında abdominal ağrı olmasıyla güldürmüş ilaç,eksisozluk
arveles,regl dönemlerinin kahramanı.,eksisozluk
arveles,şiddetli baş ağrılarında etkili olan ilaç. rahatça apranaxdan terfi edilebilir zira 500 mg almak yerine 25 mg ilaç alıyorsunuz şaaak diye kesiliyor ağrı.  ps: en azından bende,eksisozluk
arveles,diz ağrısı için kullanıldığı da görülmüştür.,eksisozluk
arveles,bazı bünyelere hiçbir şekilde işlemeyen ilaç (ben de dahilim bu güruha; bana mısın demedi) bence denemek istiyorsanız bir de çantanızda plan b analjezik de bulunsun; sürünmeyin.,eksisozluk
arveles,ibrahim etem ulagay - menarini ilaç grubunun ürettiği oldukça etkili bir ağrıkesicidir. hemen hemen tüm ağrılar için kullanılabilir. özellikle baş ağrılarında oldukça hızlı etkisini gösterir.,eksisozluk
arveles,herkes arvelesin bi özelliğini yazmış ben de kutusunun rengini söyliyeyim bari. efendim kutusu mavi beyazdır. beyaz kısmı mavi kısma doğru üçgen şeklinde girinti yapar. tablet formlarının kutusu dikdörtgen şeklindedir. ampul içeren kutuları yine dikdörtgen olmakla beraber biraz daha geniştir. ampuller hem im ( intramuscular) ( kas içine ) hem de iv (intravenöz) ( damar içine ) olarak kullanılabilir. ayrıca etken madde olarak deksketoprofen trometamol içerir diyerek sunumuma burada son vermek istiyorum sayın seyirciler. muhabiriniz nahiyyeaa eczaneden bildirdi ! esen kalın.,eksisozluk
arveles,ketoprofen  (bkz:  profenid ) isimli maddenin aktif enantiyomeri olan  deksketoprofen i içeren ilaç.,eksisozluk
arveles,"potansiyel, real madrid'te oynayan ispanyol sağ bek ismi.",eksisozluk
arveles,her satın almak istediğimde bana meksikalı bi kaçakçı ismine benzeyen alveres'i çağrıştıran ilaç adı.,eksisozluk
arveles,dismenore  için önerilenilaçlardan biri yan etkilerinin arasında abdominal ağrı olmasıyla güldürmüş ilaç,eksisozluk
arveles,regl dönemlerinin kahramanı.,eksisozluk
arveles,şiddetli baş ağrılarında etkili olan ilaç. rahatça apranaxdan terfi edilebilir zira 500 mg almak yerine 25 mg ilaç alıyorsunuz şaaak diye kesiliyor ağrı.  ps: en azından bende,eksisozluk
arveles,diz ağrısı için kullanıldığı da görülmüştür.,eksisozluk
arveles,bazı bünyelere hiçbir şekilde işlemeyen ilaç (ben de dahilim bu güruha; bana mısın demedi) bence denemek istiyorsanız bir de çantanızda plan b analjezik de bulunsun; sürünmeyin.,eksisozluk
arveles,ibrahim etem ulagay - menarini ilaç grubunun ürettiği oldukça etkili bir ağrıkesicidir. hemen hemen tüm ağrılar için kullanılabilir. özellikle baş ağrılarında oldukça hızlı etkisini gösterir.,eksisozluk
arveles,herkes arvelesin bi özelliğini yazmış ben de kutusunun rengini söyliyeyim bari. efendim kutusu mavi beyazdır. beyaz kısmı mavi kısma doğru üçgen şeklinde girinti yapar. tablet formlarının kutusu dikdörtgen şeklindedir. ampul içeren kutuları yine dikdörtgen olmakla beraber biraz daha geniştir. ampuller hem im ( intramuscular) ( kas içine ) hem de iv (intravenöz) ( damar içine ) olarak kullanılabilir. ayrıca etken madde olarak deksketoprofen trometamol içerir diyerek sunumuma burada son vermek istiyorum sayın seyirciler. muhabiriniz nahiyyeaa eczaneden bildirdi ! esen kalın.,eksisozluk
arveles,ketoprofen  (bkz:  profenid ) isimli maddenin aktif enantiyomeri olan  deksketoprofen i içeren ilaç.,eksisozluk
arveles,"potansiyel, real madrid'te oynayan ispanyol sağ bek ismi.",eksisozluk
arveles,her satın almak istediğimde bana meksikalı bi kaçakçı ismine benzeyen alveres'i çağrıştıran ilaç adı.,eksisozluk
arveles,dismenore  için önerilenilaçlardan biri yan etkilerinin arasında abdominal ağrı olmasıyla güldürmüş ilaç,eksisozluk
arveles,regl dönemlerinin kahramanı.,eksisozluk
arveles,şiddetli baş ağrılarında etkili olan ilaç. rahatça apranaxdan terfi edilebilir zira 500 mg almak yerine 25 mg ilaç alıyorsunuz şaaak diye kesiliyor ağrı.  ps: en azından bende,eksisozluk
arveles,diz ağrısı için kullanıldığı da görülmüştür.,eksisozluk
arveles,bazı bünyelere hiçbir şekilde işlemeyen ilaç (ben de dahilim bu güruha; bana mısın demedi) bence denemek istiyorsanız bir de çantanızda plan b analjezik de bulunsun; sürünmeyin.,eksisozluk
arveles,ibrahim etem ulagay - menarini ilaç grubunun ürettiği oldukça etkili bir ağrıkesicidir. hemen hemen tüm ağrılar için kullanılabilir. özellikle baş ağrılarında oldukça hızlı etkisini gösterir.,eksisozluk
arveles,herkes arvelesin bi özelliğini yazmış ben de kutusunun rengini söyliyeyim bari. efendim kutusu mavi beyazdır. beyaz kısmı mavi kısma doğru üçgen şeklinde girinti yapar. tablet formlarının kutusu dikdörtgen şeklindedir. ampul içeren kutuları yine dikdörtgen olmakla beraber biraz daha geniştir. ampuller hem im ( intramuscular) ( kas içine ) hem de iv (intravenöz) ( damar içine ) olarak kullanılabilir. ayrıca etken madde olarak deksketoprofen trometamol içerir diyerek sunumuma burada son vermek istiyorum sayın seyirciler. muhabiriniz nahiyyeaa eczaneden bildirdi ! esen kalın.,eksisozluk
arveles,ketoprofen  (bkz:  profenid ) isimli maddenin aktif enantiyomeri olan  deksketoprofen i içeren ilaç.,eksisozluk
arveles,"potansiyel, real madrid'te oynayan ispanyol sağ bek ismi.",eksisozluk
arveles,her satın almak istediğimde bana meksikalı bi kaçakçı ismine benzeyen alveres'i çağrıştıran ilaç adı.,eksisozluk
arveles,dismenore  için önerilenilaçlardan biri yan etkilerinin arasında abdominal ağrı olmasıyla güldürmüş ilaç,eksisozluk
arveles,regl dönemlerinin kahramanı.,eksisozluk
arveles,şiddetli baş ağrılarında etkili olan ilaç. rahatça apranaxdan terfi edilebilir zira 500 mg almak yerine 25 mg ilaç alıyorsunuz şaaak diye kesiliyor ağrı.  ps: en azından bende,eksisozluk
arveles,diz ağrısı için kullanıldığı da görülmüştür.,eksisozluk
arveles,bazı bünyelere hiçbir şekilde işlemeyen ilaç (ben de dahilim bu güruha; bana mısın demedi) bence denemek istiyorsanız bir de çantanızda plan b analjezik de bulunsun; sürünmeyin.,eksisozluk
arveles,ibrahim etem ulagay - menarini ilaç grubunun ürettiği oldukça etkili bir ağrıkesicidir. hemen hemen tüm ağrılar için kullanılabilir. özellikle baş ağrılarında oldukça hızlı etkisini gösterir.,eksisozluk
arveles,herkes arvelesin bi özelliğini yazmış ben de kutusunun rengini söyliyeyim bari. efendim kutusu mavi beyazdır. beyaz kısmı mavi kısma doğru üçgen şeklinde girinti yapar. tablet formlarının kutusu dikdörtgen şeklindedir. ampul içeren kutuları yine dikdörtgen olmakla beraber biraz daha geniştir. ampuller hem im ( intramuscular) ( kas içine ) hem de iv (intravenöz) ( damar içine ) olarak kullanılabilir. ayrıca etken madde olarak deksketoprofen trometamol içerir diyerek sunumuma burada son vermek istiyorum sayın seyirciler. muhabiriniz nahiyyeaa eczaneden bildirdi ! esen kalın.,eksisozluk
arveles,ketoprofen  (bkz:  profenid ) isimli maddenin aktif enantiyomeri olan  deksketoprofen i içeren ilaç.,eksisozluk
arveles,"potansiyel, real madrid'te oynayan ispanyol sağ bek ismi.",eksisozluk
arveles,her satın almak istediğimde bana meksikalı bi kaçakçı ismine benzeyen alveres'i çağrıştıran ilaç adı.,eksisozluk
arveles,dismenore  için önerilenilaçlardan biri yan etkilerinin arasında abdominal ağrı olmasıyla güldürmüş ilaç,eksisozluk
arveles,regl dönemlerinin kahramanı.,eksisozluk
arveles,şiddetli baş ağrılarında etkili olan ilaç. rahatça apranaxdan terfi edilebilir zira 500 mg almak yerine 25 mg ilaç alıyorsunuz şaaak diye kesiliyor ağrı.  ps: en azından bende,eksisozluk
arveles,diz ağrısı için kullanıldığı da görülmüştür.,eksisozluk
arveles,bazı bünyelere hiçbir şekilde işlemeyen ilaç (ben de dahilim bu güruha; bana mısın demedi) bence denemek istiyorsanız bir de çantanızda plan b analjezik de bulunsun; sürünmeyin.,eksisozluk
arveles,ibrahim etem ulagay - menarini ilaç grubunun ürettiği oldukça etkili bir ağrıkesicidir. hemen hemen tüm ağrılar için kullanılabilir. özellikle baş ağrılarında oldukça hızlı etkisini gösterir.,eksisozluk
arveles,herkes arvelesin bi özelliğini yazmış ben de kutusunun rengini söyliyeyim bari. efendim kutusu mavi beyazdır. beyaz kısmı mavi kısma doğru üçgen şeklinde girinti yapar. tablet formlarının kutusu dikdörtgen şeklindedir. ampul içeren kutuları yine dikdörtgen olmakla beraber biraz daha geniştir. ampuller hem im ( intramuscular) ( kas içine ) hem de iv (intravenöz) ( damar içine ) olarak kullanılabilir. ayrıca etken madde olarak deksketoprofen trometamol içerir diyerek sunumuma burada son vermek istiyorum sayın seyirciler. muhabiriniz nahiyyeaa eczaneden bildirdi ! esen kalın.,eksisozluk
arveles,ketoprofen  (bkz:  profenid ) isimli maddenin aktif enantiyomeri olan  deksketoprofen i içeren ilaç.,eksisozluk
arveles,"potansiyel, real madrid'te oynayan ispanyol sağ bek ismi.",eksisozluk
arveles,her satın almak istediğimde bana meksikalı bi kaçakçı ismine benzeyen alveres'i çağrıştıran ilaç adı.,eksisozluk
arveles,dismenore  için önerilenilaçlardan biri yan etkilerinin arasında abdominal ağrı olmasıyla güldürmüş ilaç,eksisozluk
arveles,regl dönemlerinin kahramanı.,eksisozluk
arveles,şiddetli baş ağrılarında etkili olan ilaç. rahatça apranaxdan terfi edilebilir zira 500 mg almak yerine 25 mg ilaç alıyorsunuz şaaak diye kesiliyor ağrı.  ps: en azından bende,eksisozluk
arveles,diz ağrısı için kullanıldığı da görülmüştür.,eksisozluk
arveles,bazı bünyelere hiçbir şekilde işlemeyen ilaç (ben de dahilim bu güruha; bana mısın demedi) bence denemek istiyorsanız bir de çantanızda plan b analjezik de bulunsun; sürünmeyin.,eksisozluk
arveles,ibrahim etem ulagay - menarini ilaç grubunun ürettiği oldukça etkili bir ağrıkesicidir. hemen hemen tüm ağrılar için kullanılabilir. özellikle baş ağrılarında oldukça hızlı etkisini gösterir.,eksisozluk
arveles,herkes arvelesin bi özelliğini yazmış ben de kutusunun rengini söyliyeyim bari. efendim kutusu mavi beyazdır. beyaz kısmı mavi kısma doğru üçgen şeklinde girinti yapar. tablet formlarının kutusu dikdörtgen şeklindedir. ampul içeren kutuları yine dikdörtgen olmakla beraber biraz daha geniştir. ampuller hem im ( intramuscular) ( kas içine ) hem de iv (intravenöz) ( damar içine ) olarak kullanılabilir. ayrıca etken madde olarak deksketoprofen trometamol içerir diyerek sunumuma burada son vermek istiyorum sayın seyirciler. muhabiriniz nahiyyeaa eczaneden bildirdi ! esen kalın.,eksisozluk
arveles,ketoprofen  (bkz:  profenid ) isimli maddenin aktif enantiyomeri olan  deksketoprofen i içeren ilaç.,eksisozluk
arveles,"potansiyel, real madrid'te oynayan ispanyol sağ bek ismi.",eksisozluk
arveles,her satın almak istediğimde bana meksikalı bi kaçakçı ismine benzeyen alveres'i çağrıştıran ilaç adı.,eksisozluk
arveles,dismenore  için önerilenilaçlardan biri yan etkilerinin arasında abdominal ağrı olmasıyla güldürmüş ilaç,eksisozluk
arveles,regl dönemlerinin kahramanı.,eksisozluk
arveles,şiddetli baş ağrılarında etkili olan ilaç. rahatça apranaxdan terfi edilebilir zira 500 mg almak yerine 25 mg ilaç alıyorsunuz şaaak diye kesiliyor ağrı.  ps: en azından bende,eksisozluk
arveles,diz ağrısı için kullanıldığı da görülmüştür.,eksisozluk
arveles,bazı bünyelere hiçbir şekilde işlemeyen ilaç (ben de dahilim bu güruha; bana mısın demedi) bence denemek istiyorsanız bir de çantanızda plan b analjezik de bulunsun; sürünmeyin.,eksisozluk
arveles,ibrahim etem ulagay - menarini ilaç grubunun ürettiği oldukça etkili bir ağrıkesicidir. hemen hemen tüm ağrılar için kullanılabilir. özellikle baş ağrılarında oldukça hızlı etkisini gösterir.,eksisozluk
arveles,herkes arvelesin bi özelliğini yazmış ben de kutusunun rengini söyliyeyim bari. efendim kutusu mavi beyazdır. beyaz kısmı mavi kısma doğru üçgen şeklinde girinti yapar. tablet formlarının kutusu dikdörtgen şeklindedir. ampul içeren kutuları yine dikdörtgen olmakla beraber biraz daha geniştir. ampuller hem im ( intramuscular) ( kas içine ) hem de iv (intravenöz) ( damar içine ) olarak kullanılabilir. ayrıca etken madde olarak deksketoprofen trometamol içerir diyerek sunumuma burada son vermek istiyorum sayın seyirciler. muhabiriniz nahiyyeaa eczaneden bildirdi ! esen kalın.,eksisozluk
arveles,ketoprofen  (bkz:  profenid ) isimli maddenin aktif enantiyomeri olan  deksketoprofen i içeren ilaç.,eksisozluk
arveles,"potansiyel, real madrid'te oynayan ispanyol sağ bek ismi.",eksisozluk
arveles,her satın almak istediğimde bana meksikalı bi kaçakçı ismine benzeyen alveres'i çağrıştıran ilaç adı.,eksisozluk
arveles,dismenore  için önerilenilaçlardan biri yan etkilerinin arasında abdominal ağrı olmasıyla güldürmüş ilaç,eksisozluk
arveles,regl dönemlerinin kahramanı.,eksisozluk
arveles,şiddetli baş ağrılarında etkili olan ilaç. rahatça apranaxdan terfi edilebilir zira 500 mg almak yerine 25 mg ilaç alıyorsunuz şaaak diye kesiliyor ağrı.  ps: en azından bende,eksisozluk
arveles,diz ağrısı için kullanıldığı da görülmüştür.,eksisozluk
arveles,bazı bünyelere hiçbir şekilde işlemeyen ilaç (ben de dahilim bu güruha; bana mısın demedi) bence denemek istiyorsanız bir de çantanızda plan b analjezik de bulunsun; sürünmeyin.,eksisozluk
arveles,ibrahim etem ulagay - menarini ilaç grubunun ürettiği oldukça etkili bir ağrıkesicidir. hemen hemen tüm ağrılar için kullanılabilir. özellikle baş ağrılarında oldukça hızlı etkisini gösterir.,eksisozluk
arveles,herkes arvelesin bi özelliğini yazmış ben de kutusunun rengini söyliyeyim bari. efendim kutusu mavi beyazdır. beyaz kısmı mavi kısma doğru üçgen şeklinde girinti yapar. tablet formlarının kutusu dikdörtgen şeklindedir. ampul içeren kutuları yine dikdörtgen olmakla beraber biraz daha geniştir. ampuller hem im ( intramuscular) ( kas içine ) hem de iv (intravenöz) ( damar içine ) olarak kullanılabilir. ayrıca etken madde olarak deksketoprofen trometamol içerir diyerek sunumuma burada son vermek istiyorum sayın seyirciler. muhabiriniz nahiyyeaa eczaneden bildirdi ! esen kalın.,eksisozluk
arveles,ketoprofen  (bkz:  profenid ) isimli maddenin aktif enantiyomeri olan  deksketoprofen i içeren ilaç.,eksisozluk
arveles,"potansiyel, real madrid'te oynayan ispanyol sağ bek ismi.",eksisozluk
arveles,her satın almak istediğimde bana meksikalı bi kaçakçı ismine benzeyen alveres'i çağrıştıran ilaç adı.,eksisozluk
arveles,dismenore  için önerilenilaçlardan biri yan etkilerinin arasında abdominal ağrı olmasıyla güldürmüş ilaç,eksisozluk
arveles,regl dönemlerinin kahramanı.,eksisozluk
arveles,şiddetli baş ağrılarında etkili olan ilaç. rahatça apranaxdan terfi edilebilir zira 500 mg almak yerine 25 mg ilaç alıyorsunuz şaaak diye kesiliyor ağrı.  ps: en azından bende,eksisozluk
arveles,diz ağrısı için kullanıldığı da görülmüştür.,eksisozluk
arveles,bazı bünyelere hiçbir şekilde işlemeyen ilaç (ben de dahilim bu güruha; bana mısın demedi) bence denemek istiyorsanız bir de çantanızda plan b analjezik de bulunsun; sürünmeyin.,eksisozluk
arveles,ibrahim etem ulagay - menarini ilaç grubunun ürettiği oldukça etkili bir ağrıkesicidir. hemen hemen tüm ağrılar için kullanılabilir. özellikle baş ağrılarında oldukça hızlı etkisini gösterir.,eksisozluk
arveles,herkes arvelesin bi özelliğini yazmış ben de kutusunun rengini söyliyeyim bari. efendim kutusu mavi beyazdır. beyaz kısmı mavi kısma doğru üçgen şeklinde girinti yapar. tablet formlarının kutusu dikdörtgen şeklindedir. ampul içeren kutuları yine dikdörtgen olmakla beraber biraz daha geniştir. ampuller hem im ( intramuscular) ( kas içine ) hem de iv (intravenöz) ( damar içine ) olarak kullanılabilir. ayrıca etken madde olarak deksketoprofen trometamol içerir diyerek sunumuma burada son vermek istiyorum sayın seyirciler. muhabiriniz nahiyyeaa eczaneden bildirdi ! esen kalın.,eksisozluk
arveles,ketoprofen  (bkz:  profenid ) isimli maddenin aktif enantiyomeri olan  deksketoprofen i içeren ilaç.,eksisozluk
arveles,"potansiyel, real madrid'te oynayan ispanyol sağ bek ismi.",eksisozluk
arveles,her satın almak istediğimde bana meksikalı bi kaçakçı ismine benzeyen alveres'i çağrıştıran ilaç adı.,eksisozluk
arveles,dismenore  için önerilenilaçlardan biri yan etkilerinin arasında abdominal ağrı olmasıyla güldürmüş ilaç,eksisozluk
arveles,regl dönemlerinin kahramanı.,eksisozluk
arveles,şiddetli baş ağrılarında etkili olan ilaç. rahatça apranaxdan terfi edilebilir zira 500 mg almak yerine 25 mg ilaç alıyorsunuz şaaak diye kesiliyor ağrı.  ps: en azından bende,eksisozluk
arveles,diz ağrısı için kullanıldığı da görülmüştür.,eksisozluk
arveles,bazı bünyelere hiçbir şekilde işlemeyen ilaç (ben de dahilim bu güruha; bana mısın demedi) bence denemek istiyorsanız bir de çantanızda plan b analjezik de bulunsun; sürünmeyin.,eksisozluk
arveles,ibrahim etem ulagay - menarini ilaç grubunun ürettiği oldukça etkili bir ağrıkesicidir. hemen hemen tüm ağrılar için kullanılabilir. özellikle baş ağrılarında oldukça hızlı etkisini gösterir.,eksisozluk
arveles,herkes arvelesin bi özelliğini yazmış ben de kutusunun rengini söyliyeyim bari. efendim kutusu mavi beyazdır. beyaz kısmı mavi kısma doğru üçgen şeklinde girinti yapar. tablet formlarının kutusu dikdörtgen şeklindedir. ampul içeren kutuları yine dikdörtgen olmakla beraber biraz daha geniştir. ampuller hem im ( intramuscular) ( kas içine ) hem de iv (intravenöz) ( damar içine ) olarak kullanılabilir. ayrıca etken madde olarak deksketoprofen trometamol içerir diyerek sunumuma burada son vermek istiyorum sayın seyirciler. muhabiriniz nahiyyeaa eczaneden bildirdi ! esen kalın.,eksisozluk
arveles,ketoprofen  (bkz:  profenid ) isimli maddenin aktif enantiyomeri olan  deksketoprofen i içeren ilaç.,eksisozluk
arveles,"potansiyel, real madrid'te oynayan ispanyol sağ bek ismi.",eksisozluk
arveles,her satın almak istediğimde bana meksikalı bi kaçakçı ismine benzeyen alveres'i çağrıştıran ilaç adı.,eksisozluk
cipralex,"10 mg. escitalopram etken maddeli citalopramdan olma  cipram dan doğma yeni  ssri . cipramdan daha seçici olduğu bu yüzden de yan etkilerinin daha az olduğu ve daha hızlı etki ettiği  söyleniyor. citalopram etken maddesinin terapötik olarak inaktif olan r-citalopram komponenti uzaklaştırılarak elde edilmiş. işbu yüzden cipralex namlı yeni ilacın cipramdan daha düşük dozlarda daha etkili olacağı iddia ediliyor, bu da tedavi maliyetini düşüreceğe benziyor. cipralex şu an için cipramdan ucuz ve o da atası gibi 28 tabletlik paketlerde satılıyor. 2002 yılında  fda  onayı almış. doktorunuza danışmadan kullanmayınız.",eksisozluk
cipralex,ambalaj kutusunda olmadığı zaman (bkz:  cipram ) sanılan ilaç.,eksisozluk
cipralex,"fda in 1992 de ongordugu sekilde iki ayri izomerden etkisiz olaninin ayristirildiktan sonra kullanima sunulmasi gerekliligi ilkesini hice sayip  sitalopram i piyasaya veren  lundbeck  (bkz:  lombak ) firmasinin,  cipram in patent suresi dolduktan sonra ""aaaa bak biz ne bulduk"" diye zaten olmasi gereken sekliyle piyasaya sundugu ilac.",eksisozluk
cipralex,lundbeck  ilac firmasinin   ssk  ilac listesine giremediginden su anda ssk hastahanelerinde satilamayan antidepresani,eksisozluk
cipralex,ilaç fiyatlarında yapılan yeni düzenlemelerle fiyatı bayağı bir aşağı çekilen yeni nesil prozac.,eksisozluk
cipralex,"kullanmaya basladiktan yaklasik 2inci haftadan itibaren insandaki asiri heyecan, asiri sevinc, asiri uzuntu, asiri sinir, kisaca asiri tepkilerin tumunu ortalamaya ceken, bir nevi ruh torpusu ilac",eksisozluk
cipralex,"daha yavaş sinirlenmeyi sağlayan. insanın öfke kontrolünü kaybetmesini biraz daha gecikteren güzel ilaç. (bıraktığımda farkettim gerçekten etkisi var) daha rahat bir hayat sürmek için almak gerekebilir. (psikiyatrist in verirken söylediği cümle : depresyonda değilsin bu ilaç senin yaşam standartlarını artıracak, daha rahat hissetmeni sağlayacak)",eksisozluk
cipralex,"tepkileri törpüleyen, bazı bazı hissizleştiren, panik bozukluğun tedavisi için üç ay kullanılması gereken ilaç.",eksisozluk
cipralex,onun degil de bunun  huzur  oldugunu gosteren bir ilac.  savior . (savmior.),eksisozluk
cipralex,buğulu cam efekti veren küçük beyaz ilaç.,eksisozluk
cipralex,"10 mg. escitalopram etken maddeli citalopramdan olma  cipram dan doğma yeni  ssri . cipramdan daha seçici olduğu bu yüzden de yan etkilerinin daha az olduğu ve daha hızlı etki ettiği  söyleniyor. citalopram etken maddesinin terapötik olarak inaktif olan r-citalopram komponenti uzaklaştırılarak elde edilmiş. işbu yüzden cipralex namlı yeni ilacın cipramdan daha düşük dozlarda daha etkili olacağı iddia ediliyor, bu da tedavi maliyetini düşüreceğe benziyor. cipralex şu an için cipramdan ucuz ve o da atası gibi 28 tabletlik paketlerde satılıyor. 2002 yılında  fda  onayı almış. doktorunuza danışmadan kullanmayınız.",eksisozluk
cipralex,ambalaj kutusunda olmadığı zaman (bkz:  cipram ) sanılan ilaç.,eksisozluk
cipralex,"fda in 1992 de ongordugu sekilde iki ayri izomerden etkisiz olaninin ayristirildiktan sonra kullanima sunulmasi gerekliligi ilkesini hice sayip  sitalopram i piyasaya veren  lundbeck  (bkz:  lombak ) firmasinin,  cipram in patent suresi dolduktan sonra ""aaaa bak biz ne bulduk"" diye zaten olmasi gereken sekliyle piyasaya sundugu ilac.",eksisozluk
cipralex,lundbeck  ilac firmasinin   ssk  ilac listesine giremediginden su anda ssk hastahanelerinde satilamayan antidepresani,eksisozluk
cipralex,ilaç fiyatlarında yapılan yeni düzenlemelerle fiyatı bayağı bir aşağı çekilen yeni nesil prozac.,eksisozluk
cipralex,"kullanmaya basladiktan yaklasik 2inci haftadan itibaren insandaki asiri heyecan, asiri sevinc, asiri uzuntu, asiri sinir, kisaca asiri tepkilerin tumunu ortalamaya ceken, bir nevi ruh torpusu ilac",eksisozluk
cipralex,"daha yavaş sinirlenmeyi sağlayan. insanın öfke kontrolünü kaybetmesini biraz daha gecikteren güzel ilaç. (bıraktığımda farkettim gerçekten etkisi var) daha rahat bir hayat sürmek için almak gerekebilir. (psikiyatrist in verirken söylediği cümle : depresyonda değilsin bu ilaç senin yaşam standartlarını artıracak, daha rahat hissetmeni sağlayacak)",eksisozluk
cipralex,"tepkileri törpüleyen, bazı bazı hissizleştiren, panik bozukluğun tedavisi için üç ay kullanılması gereken ilaç.",eksisozluk
cipralex,onun degil de bunun  huzur  oldugunu gosteren bir ilac.  savior . (savmior.),eksisozluk
cipralex,buğulu cam efekti veren küçük beyaz ilaç.,eksisozluk
cipralex,"10 mg. escitalopram etken maddeli citalopramdan olma  cipram dan doğma yeni  ssri . cipramdan daha seçici olduğu bu yüzden de yan etkilerinin daha az olduğu ve daha hızlı etki ettiği  söyleniyor. citalopram etken maddesinin terapötik olarak inaktif olan r-citalopram komponenti uzaklaştırılarak elde edilmiş. işbu yüzden cipralex namlı yeni ilacın cipramdan daha düşük dozlarda daha etkili olacağı iddia ediliyor, bu da tedavi maliyetini düşüreceğe benziyor. cipralex şu an için cipramdan ucuz ve o da atası gibi 28 tabletlik paketlerde satılıyor. 2002 yılında  fda  onayı almış. doktorunuza danışmadan kullanmayınız.",eksisozluk
cipralex,ambalaj kutusunda olmadığı zaman (bkz:  cipram ) sanılan ilaç.,eksisozluk
cipralex,"fda in 1992 de ongordugu sekilde iki ayri izomerden etkisiz olaninin ayristirildiktan sonra kullanima sunulmasi gerekliligi ilkesini hice sayip  sitalopram i piyasaya veren  lundbeck  (bkz:  lombak ) firmasinin,  cipram in patent suresi dolduktan sonra ""aaaa bak biz ne bulduk"" diye zaten olmasi gereken sekliyle piyasaya sundugu ilac.",eksisozluk
cipralex,lundbeck  ilac firmasinin   ssk  ilac listesine giremediginden su anda ssk hastahanelerinde satilamayan antidepresani,eksisozluk
cipralex,ilaç fiyatlarında yapılan yeni düzenlemelerle fiyatı bayağı bir aşağı çekilen yeni nesil prozac.,eksisozluk
cipralex,"kullanmaya basladiktan yaklasik 2inci haftadan itibaren insandaki asiri heyecan, asiri sevinc, asiri uzuntu, asiri sinir, kisaca asiri tepkilerin tumunu ortalamaya ceken, bir nevi ruh torpusu ilac",eksisozluk
cipralex,"daha yavaş sinirlenmeyi sağlayan. insanın öfke kontrolünü kaybetmesini biraz daha gecikteren güzel ilaç. (bıraktığımda farkettim gerçekten etkisi var) daha rahat bir hayat sürmek için almak gerekebilir. (psikiyatrist in verirken söylediği cümle : depresyonda değilsin bu ilaç senin yaşam standartlarını artıracak, daha rahat hissetmeni sağlayacak)",eksisozluk
cipralex,"tepkileri törpüleyen, bazı bazı hissizleştiren, panik bozukluğun tedavisi için üç ay kullanılması gereken ilaç.",eksisozluk
cipralex,onun degil de bunun  huzur  oldugunu gosteren bir ilac.  savior . (savmior.),eksisozluk
cipralex,buğulu cam efekti veren küçük beyaz ilaç.,eksisozluk
cipralex,"10 mg. escitalopram etken maddeli citalopramdan olma  cipram dan doğma yeni  ssri . cipramdan daha seçici olduğu bu yüzden de yan etkilerinin daha az olduğu ve daha hızlı etki ettiği  söyleniyor. citalopram etken maddesinin terapötik olarak inaktif olan r-citalopram komponenti uzaklaştırılarak elde edilmiş. işbu yüzden cipralex namlı yeni ilacın cipramdan daha düşük dozlarda daha etkili olacağı iddia ediliyor, bu da tedavi maliyetini düşüreceğe benziyor. cipralex şu an için cipramdan ucuz ve o da atası gibi 28 tabletlik paketlerde satılıyor. 2002 yılında  fda  onayı almış. doktorunuza danışmadan kullanmayınız.",eksisozluk
cipralex,ambalaj kutusunda olmadığı zaman (bkz:  cipram ) sanılan ilaç.,eksisozluk
cipralex,"fda in 1992 de ongordugu sekilde iki ayri izomerden etkisiz olaninin ayristirildiktan sonra kullanima sunulmasi gerekliligi ilkesini hice sayip  sitalopram i piyasaya veren  lundbeck  (bkz:  lombak ) firmasinin,  cipram in patent suresi dolduktan sonra ""aaaa bak biz ne bulduk"" diye zaten olmasi gereken sekliyle piyasaya sundugu ilac.",eksisozluk
cipralex,lundbeck  ilac firmasinin   ssk  ilac listesine giremediginden su anda ssk hastahanelerinde satilamayan antidepresani,eksisozluk
cipralex,ilaç fiyatlarında yapılan yeni düzenlemelerle fiyatı bayağı bir aşağı çekilen yeni nesil prozac.,eksisozluk
cipralex,"kullanmaya basladiktan yaklasik 2inci haftadan itibaren insandaki asiri heyecan, asiri sevinc, asiri uzuntu, asiri sinir, kisaca asiri tepkilerin tumunu ortalamaya ceken, bir nevi ruh torpusu ilac",eksisozluk
cipralex,"daha yavaş sinirlenmeyi sağlayan. insanın öfke kontrolünü kaybetmesini biraz daha gecikteren güzel ilaç. (bıraktığımda farkettim gerçekten etkisi var) daha rahat bir hayat sürmek için almak gerekebilir. (psikiyatrist in verirken söylediği cümle : depresyonda değilsin bu ilaç senin yaşam standartlarını artıracak, daha rahat hissetmeni sağlayacak)",eksisozluk
cipralex,"tepkileri törpüleyen, bazı bazı hissizleştiren, panik bozukluğun tedavisi için üç ay kullanılması gereken ilaç.",eksisozluk
cipralex,onun degil de bunun  huzur  oldugunu gosteren bir ilac.  savior . (savmior.),eksisozluk
cipralex,buğulu cam efekti veren küçük beyaz ilaç.,eksisozluk
cipralex,"10 mg. escitalopram etken maddeli citalopramdan olma  cipram dan doğma yeni  ssri . cipramdan daha seçici olduğu bu yüzden de yan etkilerinin daha az olduğu ve daha hızlı etki ettiği  söyleniyor. citalopram etken maddesinin terapötik olarak inaktif olan r-citalopram komponenti uzaklaştırılarak elde edilmiş. işbu yüzden cipralex namlı yeni ilacın cipramdan daha düşük dozlarda daha etkili olacağı iddia ediliyor, bu da tedavi maliyetini düşüreceğe benziyor. cipralex şu an için cipramdan ucuz ve o da atası gibi 28 tabletlik paketlerde satılıyor. 2002 yılında  fda  onayı almış. doktorunuza danışmadan kullanmayınız.",eksisozluk
cipralex,ambalaj kutusunda olmadığı zaman (bkz:  cipram ) sanılan ilaç.,eksisozluk
cipralex,"fda in 1992 de ongordugu sekilde iki ayri izomerden etkisiz olaninin ayristirildiktan sonra kullanima sunulmasi gerekliligi ilkesini hice sayip  sitalopram i piyasaya veren  lundbeck  (bkz:  lombak ) firmasinin,  cipram in patent suresi dolduktan sonra ""aaaa bak biz ne bulduk"" diye zaten olmasi gereken sekliyle piyasaya sundugu ilac.",eksisozluk
cipralex,lundbeck  ilac firmasinin   ssk  ilac listesine giremediginden su anda ssk hastahanelerinde satilamayan antidepresani,eksisozluk
cipralex,ilaç fiyatlarında yapılan yeni düzenlemelerle fiyatı bayağı bir aşağı çekilen yeni nesil prozac.,eksisozluk
cipralex,"kullanmaya basladiktan yaklasik 2inci haftadan itibaren insandaki asiri heyecan, asiri sevinc, asiri uzuntu, asiri sinir, kisaca asiri tepkilerin tumunu ortalamaya ceken, bir nevi ruh torpusu ilac",eksisozluk
cipralex,"daha yavaş sinirlenmeyi sağlayan. insanın öfke kontrolünü kaybetmesini biraz daha gecikteren güzel ilaç. (bıraktığımda farkettim gerçekten etkisi var) daha rahat bir hayat sürmek için almak gerekebilir. (psikiyatrist in verirken söylediği cümle : depresyonda değilsin bu ilaç senin yaşam standartlarını artıracak, daha rahat hissetmeni sağlayacak)",eksisozluk
cipralex,"tepkileri törpüleyen, bazı bazı hissizleştiren, panik bozukluğun tedavisi için üç ay kullanılması gereken ilaç.",eksisozluk
cipralex,onun degil de bunun  huzur  oldugunu gosteren bir ilac.  savior . (savmior.),eksisozluk
cipralex,buğulu cam efekti veren küçük beyaz ilaç.,eksisozluk
cipralex,"10 mg. escitalopram etken maddeli citalopramdan olma  cipram dan doğma yeni  ssri . cipramdan daha seçici olduğu bu yüzden de yan etkilerinin daha az olduğu ve daha hızlı etki ettiği  söyleniyor. citalopram etken maddesinin terapötik olarak inaktif olan r-citalopram komponenti uzaklaştırılarak elde edilmiş. işbu yüzden cipralex namlı yeni ilacın cipramdan daha düşük dozlarda daha etkili olacağı iddia ediliyor, bu da tedavi maliyetini düşüreceğe benziyor. cipralex şu an için cipramdan ucuz ve o da atası gibi 28 tabletlik paketlerde satılıyor. 2002 yılında  fda  onayı almış. doktorunuza danışmadan kullanmayınız.",eksisozluk
cipralex,ambalaj kutusunda olmadığı zaman (bkz:  cipram ) sanılan ilaç.,eksisozluk
cipralex,"fda in 1992 de ongordugu sekilde iki ayri izomerden etkisiz olaninin ayristirildiktan sonra kullanima sunulmasi gerekliligi ilkesini hice sayip  sitalopram i piyasaya veren  lundbeck  (bkz:  lombak ) firmasinin,  cipram in patent suresi dolduktan sonra ""aaaa bak biz ne bulduk"" diye zaten olmasi gereken sekliyle piyasaya sundugu ilac.",eksisozluk
cipralex,lundbeck  ilac firmasinin   ssk  ilac listesine giremediginden su anda ssk hastahanelerinde satilamayan antidepresani,eksisozluk
cipralex,ilaç fiyatlarında yapılan yeni düzenlemelerle fiyatı bayağı bir aşağı çekilen yeni nesil prozac.,eksisozluk
cipralex,"kullanmaya basladiktan yaklasik 2inci haftadan itibaren insandaki asiri heyecan, asiri sevinc, asiri uzuntu, asiri sinir, kisaca asiri tepkilerin tumunu ortalamaya ceken, bir nevi ruh torpusu ilac",eksisozluk
cipralex,"daha yavaş sinirlenmeyi sağlayan. insanın öfke kontrolünü kaybetmesini biraz daha gecikteren güzel ilaç. (bıraktığımda farkettim gerçekten etkisi var) daha rahat bir hayat sürmek için almak gerekebilir. (psikiyatrist in verirken söylediği cümle : depresyonda değilsin bu ilaç senin yaşam standartlarını artıracak, daha rahat hissetmeni sağlayacak)",eksisozluk
cipralex,"tepkileri törpüleyen, bazı bazı hissizleştiren, panik bozukluğun tedavisi için üç ay kullanılması gereken ilaç.",eksisozluk
cipralex,onun degil de bunun  huzur  oldugunu gosteren bir ilac.  savior . (savmior.),eksisozluk
cipralex,buğulu cam efekti veren küçük beyaz ilaç.,eksisozluk
cipralex,"10 mg. escitalopram etken maddeli citalopramdan olma  cipram dan doğma yeni  ssri . cipramdan daha seçici olduğu bu yüzden de yan etkilerinin daha az olduğu ve daha hızlı etki ettiği  söyleniyor. citalopram etken maddesinin terapötik olarak inaktif olan r-citalopram komponenti uzaklaştırılarak elde edilmiş. işbu yüzden cipralex namlı yeni ilacın cipramdan daha düşük dozlarda daha etkili olacağı iddia ediliyor, bu da tedavi maliyetini düşüreceğe benziyor. cipralex şu an için cipramdan ucuz ve o da atası gibi 28 tabletlik paketlerde satılıyor. 2002 yılında  fda  onayı almış. doktorunuza danışmadan kullanmayınız.",eksisozluk
cipralex,ambalaj kutusunda olmadığı zaman (bkz:  cipram ) sanılan ilaç.,eksisozluk
cipralex,"fda in 1992 de ongordugu sekilde iki ayri izomerden etkisiz olaninin ayristirildiktan sonra kullanima sunulmasi gerekliligi ilkesini hice sayip  sitalopram i piyasaya veren  lundbeck  (bkz:  lombak ) firmasinin,  cipram in patent suresi dolduktan sonra ""aaaa bak biz ne bulduk"" diye zaten olmasi gereken sekliyle piyasaya sundugu ilac.",eksisozluk
cipralex,lundbeck  ilac firmasinin   ssk  ilac listesine giremediginden su anda ssk hastahanelerinde satilamayan antidepresani,eksisozluk
cipralex,ilaç fiyatlarında yapılan yeni düzenlemelerle fiyatı bayağı bir aşağı çekilen yeni nesil prozac.,eksisozluk
cipralex,"kullanmaya basladiktan yaklasik 2inci haftadan itibaren insandaki asiri heyecan, asiri sevinc, asiri uzuntu, asiri sinir, kisaca asiri tepkilerin tumunu ortalamaya ceken, bir nevi ruh torpusu ilac",eksisozluk
cipralex,"daha yavaş sinirlenmeyi sağlayan. insanın öfke kontrolünü kaybetmesini biraz daha gecikteren güzel ilaç. (bıraktığımda farkettim gerçekten etkisi var) daha rahat bir hayat sürmek için almak gerekebilir. (psikiyatrist in verirken söylediği cümle : depresyonda değilsin bu ilaç senin yaşam standartlarını artıracak, daha rahat hissetmeni sağlayacak)",eksisozluk
cipralex,"tepkileri törpüleyen, bazı bazı hissizleştiren, panik bozukluğun tedavisi için üç ay kullanılması gereken ilaç.",eksisozluk
cipralex,onun degil de bunun  huzur  oldugunu gosteren bir ilac.  savior . (savmior.),eksisozluk
cipralex,buğulu cam efekti veren küçük beyaz ilaç.,eksisozluk
cipralex,"10 mg. escitalopram etken maddeli citalopramdan olma  cipram dan doğma yeni  ssri . cipramdan daha seçici olduğu bu yüzden de yan etkilerinin daha az olduğu ve daha hızlı etki ettiği  söyleniyor. citalopram etken maddesinin terapötik olarak inaktif olan r-citalopram komponenti uzaklaştırılarak elde edilmiş. işbu yüzden cipralex namlı yeni ilacın cipramdan daha düşük dozlarda daha etkili olacağı iddia ediliyor, bu da tedavi maliyetini düşüreceğe benziyor. cipralex şu an için cipramdan ucuz ve o da atası gibi 28 tabletlik paketlerde satılıyor. 2002 yılında  fda  onayı almış. doktorunuza danışmadan kullanmayınız.",eksisozluk
cipralex,ambalaj kutusunda olmadığı zaman (bkz:  cipram ) sanılan ilaç.,eksisozluk
cipralex,"fda in 1992 de ongordugu sekilde iki ayri izomerden etkisiz olaninin ayristirildiktan sonra kullanima sunulmasi gerekliligi ilkesini hice sayip  sitalopram i piyasaya veren  lundbeck  (bkz:  lombak ) firmasinin,  cipram in patent suresi dolduktan sonra ""aaaa bak biz ne bulduk"" diye zaten olmasi gereken sekliyle piyasaya sundugu ilac.",eksisozluk
cipralex,lundbeck  ilac firmasinin   ssk  ilac listesine giremediginden su anda ssk hastahanelerinde satilamayan antidepresani,eksisozluk
cipralex,ilaç fiyatlarında yapılan yeni düzenlemelerle fiyatı bayağı bir aşağı çekilen yeni nesil prozac.,eksisozluk
cipralex,"kullanmaya basladiktan yaklasik 2inci haftadan itibaren insandaki asiri heyecan, asiri sevinc, asiri uzuntu, asiri sinir, kisaca asiri tepkilerin tumunu ortalamaya ceken, bir nevi ruh torpusu ilac",eksisozluk
cipralex,"daha yavaş sinirlenmeyi sağlayan. insanın öfke kontrolünü kaybetmesini biraz daha gecikteren güzel ilaç. (bıraktığımda farkettim gerçekten etkisi var) daha rahat bir hayat sürmek için almak gerekebilir. (psikiyatrist in verirken söylediği cümle : depresyonda değilsin bu ilaç senin yaşam standartlarını artıracak, daha rahat hissetmeni sağlayacak)",eksisozluk
cipralex,"tepkileri törpüleyen, bazı bazı hissizleştiren, panik bozukluğun tedavisi için üç ay kullanılması gereken ilaç.",eksisozluk
cipralex,onun degil de bunun  huzur  oldugunu gosteren bir ilac.  savior . (savmior.),eksisozluk
cipralex,buğulu cam efekti veren küçük beyaz ilaç.,eksisozluk
cipralex,"10 mg. escitalopram etken maddeli citalopramdan olma  cipram dan doğma yeni  ssri . cipramdan daha seçici olduğu bu yüzden de yan etkilerinin daha az olduğu ve daha hızlı etki ettiği  söyleniyor. citalopram etken maddesinin terapötik olarak inaktif olan r-citalopram komponenti uzaklaştırılarak elde edilmiş. işbu yüzden cipralex namlı yeni ilacın cipramdan daha düşük dozlarda daha etkili olacağı iddia ediliyor, bu da tedavi maliyetini düşüreceğe benziyor. cipralex şu an için cipramdan ucuz ve o da atası gibi 28 tabletlik paketlerde satılıyor. 2002 yılında  fda  onayı almış. doktorunuza danışmadan kullanmayınız.",eksisozluk
cipralex,ambalaj kutusunda olmadığı zaman (bkz:  cipram ) sanılan ilaç.,eksisozluk
cipralex,"fda in 1992 de ongordugu sekilde iki ayri izomerden etkisiz olaninin ayristirildiktan sonra kullanima sunulmasi gerekliligi ilkesini hice sayip  sitalopram i piyasaya veren  lundbeck  (bkz:  lombak ) firmasinin,  cipram in patent suresi dolduktan sonra ""aaaa bak biz ne bulduk"" diye zaten olmasi gereken sekliyle piyasaya sundugu ilac.",eksisozluk
cipralex,lundbeck  ilac firmasinin   ssk  ilac listesine giremediginden su anda ssk hastahanelerinde satilamayan antidepresani,eksisozluk
cipralex,ilaç fiyatlarında yapılan yeni düzenlemelerle fiyatı bayağı bir aşağı çekilen yeni nesil prozac.,eksisozluk
cipralex,"kullanmaya basladiktan yaklasik 2inci haftadan itibaren insandaki asiri heyecan, asiri sevinc, asiri uzuntu, asiri sinir, kisaca asiri tepkilerin tumunu ortalamaya ceken, bir nevi ruh torpusu ilac",eksisozluk
cipralex,"daha yavaş sinirlenmeyi sağlayan. insanın öfke kontrolünü kaybetmesini biraz daha gecikteren güzel ilaç. (bıraktığımda farkettim gerçekten etkisi var) daha rahat bir hayat sürmek için almak gerekebilir. (psikiyatrist in verirken söylediği cümle : depresyonda değilsin bu ilaç senin yaşam standartlarını artıracak, daha rahat hissetmeni sağlayacak)",eksisozluk
cipralex,"tepkileri törpüleyen, bazı bazı hissizleştiren, panik bozukluğun tedavisi için üç ay kullanılması gereken ilaç.",eksisozluk
cipralex,onun degil de bunun  huzur  oldugunu gosteren bir ilac.  savior . (savmior.),eksisozluk
cipralex,buğulu cam efekti veren küçük beyaz ilaç.,eksisozluk
cipralex,"10 mg. escitalopram etken maddeli citalopramdan olma  cipram dan doğma yeni  ssri . cipramdan daha seçici olduğu bu yüzden de yan etkilerinin daha az olduğu ve daha hızlı etki ettiği  söyleniyor. citalopram etken maddesinin terapötik olarak inaktif olan r-citalopram komponenti uzaklaştırılarak elde edilmiş. işbu yüzden cipralex namlı yeni ilacın cipramdan daha düşük dozlarda daha etkili olacağı iddia ediliyor, bu da tedavi maliyetini düşüreceğe benziyor. cipralex şu an için cipramdan ucuz ve o da atası gibi 28 tabletlik paketlerde satılıyor. 2002 yılında  fda  onayı almış. doktorunuza danışmadan kullanmayınız.",eksisozluk
cipralex,ambalaj kutusunda olmadığı zaman (bkz:  cipram ) sanılan ilaç.,eksisozluk
cipralex,"fda in 1992 de ongordugu sekilde iki ayri izomerden etkisiz olaninin ayristirildiktan sonra kullanima sunulmasi gerekliligi ilkesini hice sayip  sitalopram i piyasaya veren  lundbeck  (bkz:  lombak ) firmasinin,  cipram in patent suresi dolduktan sonra ""aaaa bak biz ne bulduk"" diye zaten olmasi gereken sekliyle piyasaya sundugu ilac.",eksisozluk
cipralex,lundbeck  ilac firmasinin   ssk  ilac listesine giremediginden su anda ssk hastahanelerinde satilamayan antidepresani,eksisozluk
cipralex,ilaç fiyatlarında yapılan yeni düzenlemelerle fiyatı bayağı bir aşağı çekilen yeni nesil prozac.,eksisozluk
cipralex,"kullanmaya basladiktan yaklasik 2inci haftadan itibaren insandaki asiri heyecan, asiri sevinc, asiri uzuntu, asiri sinir, kisaca asiri tepkilerin tumunu ortalamaya ceken, bir nevi ruh torpusu ilac",eksisozluk
cipralex,"daha yavaş sinirlenmeyi sağlayan. insanın öfke kontrolünü kaybetmesini biraz daha gecikteren güzel ilaç. (bıraktığımda farkettim gerçekten etkisi var) daha rahat bir hayat sürmek için almak gerekebilir. (psikiyatrist in verirken söylediği cümle : depresyonda değilsin bu ilaç senin yaşam standartlarını artıracak, daha rahat hissetmeni sağlayacak)",eksisozluk
cipralex,"tepkileri törpüleyen, bazı bazı hissizleştiren, panik bozukluğun tedavisi için üç ay kullanılması gereken ilaç.",eksisozluk
cipralex,onun degil de bunun  huzur  oldugunu gosteren bir ilac.  savior . (savmior.),eksisozluk
cipralex,buğulu cam efekti veren küçük beyaz ilaç.,eksisozluk
cipralex,"10 mg. escitalopram etken maddeli citalopramdan olma  cipram dan doğma yeni  ssri . cipramdan daha seçici olduğu bu yüzden de yan etkilerinin daha az olduğu ve daha hızlı etki ettiği  söyleniyor. citalopram etken maddesinin terapötik olarak inaktif olan r-citalopram komponenti uzaklaştırılarak elde edilmiş. işbu yüzden cipralex namlı yeni ilacın cipramdan daha düşük dozlarda daha etkili olacağı iddia ediliyor, bu da tedavi maliyetini düşüreceğe benziyor. cipralex şu an için cipramdan ucuz ve o da atası gibi 28 tabletlik paketlerde satılıyor. 2002 yılında  fda  onayı almış. doktorunuza danışmadan kullanmayınız.",eksisozluk
cipralex,ambalaj kutusunda olmadığı zaman (bkz:  cipram ) sanılan ilaç.,eksisozluk
cipralex,"fda in 1992 de ongordugu sekilde iki ayri izomerden etkisiz olaninin ayristirildiktan sonra kullanima sunulmasi gerekliligi ilkesini hice sayip  sitalopram i piyasaya veren  lundbeck  (bkz:  lombak ) firmasinin,  cipram in patent suresi dolduktan sonra ""aaaa bak biz ne bulduk"" diye zaten olmasi gereken sekliyle piyasaya sundugu ilac.",eksisozluk
cipralex,lundbeck  ilac firmasinin   ssk  ilac listesine giremediginden su anda ssk hastahanelerinde satilamayan antidepresani,eksisozluk
cipralex,ilaç fiyatlarında yapılan yeni düzenlemelerle fiyatı bayağı bir aşağı çekilen yeni nesil prozac.,eksisozluk
cipralex,"kullanmaya basladiktan yaklasik 2inci haftadan itibaren insandaki asiri heyecan, asiri sevinc, asiri uzuntu, asiri sinir, kisaca asiri tepkilerin tumunu ortalamaya ceken, bir nevi ruh torpusu ilac",eksisozluk
cipralex,"daha yavaş sinirlenmeyi sağlayan. insanın öfke kontrolünü kaybetmesini biraz daha gecikteren güzel ilaç. (bıraktığımda farkettim gerçekten etkisi var) daha rahat bir hayat sürmek için almak gerekebilir. (psikiyatrist in verirken söylediği cümle : depresyonda değilsin bu ilaç senin yaşam standartlarını artıracak, daha rahat hissetmeni sağlayacak)",eksisozluk
cipralex,"tepkileri törpüleyen, bazı bazı hissizleştiren, panik bozukluğun tedavisi için üç ay kullanılması gereken ilaç.",eksisozluk
cipralex,onun degil de bunun  huzur  oldugunu gosteren bir ilac.  savior . (savmior.),eksisozluk
cipralex,buğulu cam efekti veren küçük beyaz ilaç.,eksisozluk
cipralex,"10 mg. escitalopram etken maddeli citalopramdan olma  cipram dan doğma yeni  ssri . cipramdan daha seçici olduğu bu yüzden de yan etkilerinin daha az olduğu ve daha hızlı etki ettiği  söyleniyor. citalopram etken maddesinin terapötik olarak inaktif olan r-citalopram komponenti uzaklaştırılarak elde edilmiş. işbu yüzden cipralex namlı yeni ilacın cipramdan daha düşük dozlarda daha etkili olacağı iddia ediliyor, bu da tedavi maliyetini düşüreceğe benziyor. cipralex şu an için cipramdan ucuz ve o da atası gibi 28 tabletlik paketlerde satılıyor. 2002 yılında  fda  onayı almış. doktorunuza danışmadan kullanmayınız.",eksisozluk
cipralex,ambalaj kutusunda olmadığı zaman (bkz:  cipram ) sanılan ilaç.,eksisozluk
cipralex,"fda in 1992 de ongordugu sekilde iki ayri izomerden etkisiz olaninin ayristirildiktan sonra kullanima sunulmasi gerekliligi ilkesini hice sayip  sitalopram i piyasaya veren  lundbeck  (bkz:  lombak ) firmasinin,  cipram in patent suresi dolduktan sonra ""aaaa bak biz ne bulduk"" diye zaten olmasi gereken sekliyle piyasaya sundugu ilac.",eksisozluk
cipralex,lundbeck  ilac firmasinin   ssk  ilac listesine giremediginden su anda ssk hastahanelerinde satilamayan antidepresani,eksisozluk
cipralex,ilaç fiyatlarında yapılan yeni düzenlemelerle fiyatı bayağı bir aşağı çekilen yeni nesil prozac.,eksisozluk
cipralex,"kullanmaya basladiktan yaklasik 2inci haftadan itibaren insandaki asiri heyecan, asiri sevinc, asiri uzuntu, asiri sinir, kisaca asiri tepkilerin tumunu ortalamaya ceken, bir nevi ruh torpusu ilac",eksisozluk
cipralex,"daha yavaş sinirlenmeyi sağlayan. insanın öfke kontrolünü kaybetmesini biraz daha gecikteren güzel ilaç. (bıraktığımda farkettim gerçekten etkisi var) daha rahat bir hayat sürmek için almak gerekebilir. (psikiyatrist in verirken söylediği cümle : depresyonda değilsin bu ilaç senin yaşam standartlarını artıracak, daha rahat hissetmeni sağlayacak)",eksisozluk
cipralex,"tepkileri törpüleyen, bazı bazı hissizleştiren, panik bozukluğun tedavisi için üç ay kullanılması gereken ilaç.",eksisozluk
cipralex,onun degil de bunun  huzur  oldugunu gosteren bir ilac.  savior . (savmior.),eksisozluk
cipralex,buğulu cam efekti veren küçük beyaz ilaç.,eksisozluk
cipralex,"10 mg. escitalopram etken maddeli citalopramdan olma  cipram dan doğma yeni  ssri . cipramdan daha seçici olduğu bu yüzden de yan etkilerinin daha az olduğu ve daha hızlı etki ettiği  söyleniyor. citalopram etken maddesinin terapötik olarak inaktif olan r-citalopram komponenti uzaklaştırılarak elde edilmiş. işbu yüzden cipralex namlı yeni ilacın cipramdan daha düşük dozlarda daha etkili olacağı iddia ediliyor, bu da tedavi maliyetini düşüreceğe benziyor. cipralex şu an için cipramdan ucuz ve o da atası gibi 28 tabletlik paketlerde satılıyor. 2002 yılında  fda  onayı almış. doktorunuza danışmadan kullanmayınız.",eksisozluk
cipralex,ambalaj kutusunda olmadığı zaman (bkz:  cipram ) sanılan ilaç.,eksisozluk
cipralex,"fda in 1992 de ongordugu sekilde iki ayri izomerden etkisiz olaninin ayristirildiktan sonra kullanima sunulmasi gerekliligi ilkesini hice sayip  sitalopram i piyasaya veren  lundbeck  (bkz:  lombak ) firmasinin,  cipram in patent suresi dolduktan sonra ""aaaa bak biz ne bulduk"" diye zaten olmasi gereken sekliyle piyasaya sundugu ilac.",eksisozluk
cipralex,lundbeck  ilac firmasinin   ssk  ilac listesine giremediginden su anda ssk hastahanelerinde satilamayan antidepresani,eksisozluk
cipralex,ilaç fiyatlarında yapılan yeni düzenlemelerle fiyatı bayağı bir aşağı çekilen yeni nesil prozac.,eksisozluk
cipralex,"kullanmaya basladiktan yaklasik 2inci haftadan itibaren insandaki asiri heyecan, asiri sevinc, asiri uzuntu, asiri sinir, kisaca asiri tepkilerin tumunu ortalamaya ceken, bir nevi ruh torpusu ilac",eksisozluk
cipralex,"daha yavaş sinirlenmeyi sağlayan. insanın öfke kontrolünü kaybetmesini biraz daha gecikteren güzel ilaç. (bıraktığımda farkettim gerçekten etkisi var) daha rahat bir hayat sürmek için almak gerekebilir. (psikiyatrist in verirken söylediği cümle : depresyonda değilsin bu ilaç senin yaşam standartlarını artıracak, daha rahat hissetmeni sağlayacak)",eksisozluk
cipralex,"tepkileri törpüleyen, bazı bazı hissizleştiren, panik bozukluğun tedavisi için üç ay kullanılması gereken ilaç.",eksisozluk
cipralex,onun degil de bunun  huzur  oldugunu gosteren bir ilac.  savior . (savmior.),eksisozluk
cipralex,buğulu cam efekti veren küçük beyaz ilaç.,eksisozluk
cipralex,"10 mg. escitalopram etken maddeli citalopramdan olma  cipram dan doğma yeni  ssri . cipramdan daha seçici olduğu bu yüzden de yan etkilerinin daha az olduğu ve daha hızlı etki ettiği  söyleniyor. citalopram etken maddesinin terapötik olarak inaktif olan r-citalopram komponenti uzaklaştırılarak elde edilmiş. işbu yüzden cipralex namlı yeni ilacın cipramdan daha düşük dozlarda daha etkili olacağı iddia ediliyor, bu da tedavi maliyetini düşüreceğe benziyor. cipralex şu an için cipramdan ucuz ve o da atası gibi 28 tabletlik paketlerde satılıyor. 2002 yılında  fda  onayı almış. doktorunuza danışmadan kullanmayınız.",eksisozluk
cipralex,ambalaj kutusunda olmadığı zaman (bkz:  cipram ) sanılan ilaç.,eksisozluk
cipralex,"fda in 1992 de ongordugu sekilde iki ayri izomerden etkisiz olaninin ayristirildiktan sonra kullanima sunulmasi gerekliligi ilkesini hice sayip  sitalopram i piyasaya veren  lundbeck  (bkz:  lombak ) firmasinin,  cipram in patent suresi dolduktan sonra ""aaaa bak biz ne bulduk"" diye zaten olmasi gereken sekliyle piyasaya sundugu ilac.",eksisozluk
cipralex,lundbeck  ilac firmasinin   ssk  ilac listesine giremediginden su anda ssk hastahanelerinde satilamayan antidepresani,eksisozluk
cipralex,ilaç fiyatlarında yapılan yeni düzenlemelerle fiyatı bayağı bir aşağı çekilen yeni nesil prozac.,eksisozluk
cipralex,"kullanmaya basladiktan yaklasik 2inci haftadan itibaren insandaki asiri heyecan, asiri sevinc, asiri uzuntu, asiri sinir, kisaca asiri tepkilerin tumunu ortalamaya ceken, bir nevi ruh torpusu ilac",eksisozluk
cipralex,"daha yavaş sinirlenmeyi sağlayan. insanın öfke kontrolünü kaybetmesini biraz daha gecikteren güzel ilaç. (bıraktığımda farkettim gerçekten etkisi var) daha rahat bir hayat sürmek için almak gerekebilir. (psikiyatrist in verirken söylediği cümle : depresyonda değilsin bu ilaç senin yaşam standartlarını artıracak, daha rahat hissetmeni sağlayacak)",eksisozluk
cipralex,"tepkileri törpüleyen, bazı bazı hissizleştiren, panik bozukluğun tedavisi için üç ay kullanılması gereken ilaç.",eksisozluk
cipralex,onun degil de bunun  huzur  oldugunu gosteren bir ilac.  savior . (savmior.),eksisozluk
cipralex,buğulu cam efekti veren küçük beyaz ilaç.,eksisozluk
cipralex,"10 mg. escitalopram etken maddeli citalopramdan olma  cipram dan doğma yeni  ssri . cipramdan daha seçici olduğu bu yüzden de yan etkilerinin daha az olduğu ve daha hızlı etki ettiği  söyleniyor. citalopram etken maddesinin terapötik olarak inaktif olan r-citalopram komponenti uzaklaştırılarak elde edilmiş. işbu yüzden cipralex namlı yeni ilacın cipramdan daha düşük dozlarda daha etkili olacağı iddia ediliyor, bu da tedavi maliyetini düşüreceğe benziyor. cipralex şu an için cipramdan ucuz ve o da atası gibi 28 tabletlik paketlerde satılıyor. 2002 yılında  fda  onayı almış. doktorunuza danışmadan kullanmayınız.",eksisozluk
cipralex,ambalaj kutusunda olmadığı zaman (bkz:  cipram ) sanılan ilaç.,eksisozluk
cipralex,"fda in 1992 de ongordugu sekilde iki ayri izomerden etkisiz olaninin ayristirildiktan sonra kullanima sunulmasi gerekliligi ilkesini hice sayip  sitalopram i piyasaya veren  lundbeck  (bkz:  lombak ) firmasinin,  cipram in patent suresi dolduktan sonra ""aaaa bak biz ne bulduk"" diye zaten olmasi gereken sekliyle piyasaya sundugu ilac.",eksisozluk
cipralex,lundbeck  ilac firmasinin   ssk  ilac listesine giremediginden su anda ssk hastahanelerinde satilamayan antidepresani,eksisozluk
cipralex,ilaç fiyatlarında yapılan yeni düzenlemelerle fiyatı bayağı bir aşağı çekilen yeni nesil prozac.,eksisozluk
cipralex,"kullanmaya basladiktan yaklasik 2inci haftadan itibaren insandaki asiri heyecan, asiri sevinc, asiri uzuntu, asiri sinir, kisaca asiri tepkilerin tumunu ortalamaya ceken, bir nevi ruh torpusu ilac",eksisozluk
cipralex,"daha yavaş sinirlenmeyi sağlayan. insanın öfke kontrolünü kaybetmesini biraz daha gecikteren güzel ilaç. (bıraktığımda farkettim gerçekten etkisi var) daha rahat bir hayat sürmek için almak gerekebilir. (psikiyatrist in verirken söylediği cümle : depresyonda değilsin bu ilaç senin yaşam standartlarını artıracak, daha rahat hissetmeni sağlayacak)",eksisozluk
cipralex,"tepkileri törpüleyen, bazı bazı hissizleştiren, panik bozukluğun tedavisi için üç ay kullanılması gereken ilaç.",eksisozluk
cipralex,onun degil de bunun  huzur  oldugunu gosteren bir ilac.  savior . (savmior.),eksisozluk
cipralex,buğulu cam efekti veren küçük beyaz ilaç.,eksisozluk
cipralex,"10 mg. escitalopram etken maddeli citalopramdan olma  cipram dan doğma yeni  ssri . cipramdan daha seçici olduğu bu yüzden de yan etkilerinin daha az olduğu ve daha hızlı etki ettiği  söyleniyor. citalopram etken maddesinin terapötik olarak inaktif olan r-citalopram komponenti uzaklaştırılarak elde edilmiş. işbu yüzden cipralex namlı yeni ilacın cipramdan daha düşük dozlarda daha etkili olacağı iddia ediliyor, bu da tedavi maliyetini düşüreceğe benziyor. cipralex şu an için cipramdan ucuz ve o da atası gibi 28 tabletlik paketlerde satılıyor. 2002 yılında  fda  onayı almış. doktorunuza danışmadan kullanmayınız.",eksisozluk
cipralex,ambalaj kutusunda olmadığı zaman (bkz:  cipram ) sanılan ilaç.,eksisozluk
cipralex,"fda in 1992 de ongordugu sekilde iki ayri izomerden etkisiz olaninin ayristirildiktan sonra kullanima sunulmasi gerekliligi ilkesini hice sayip  sitalopram i piyasaya veren  lundbeck  (bkz:  lombak ) firmasinin,  cipram in patent suresi dolduktan sonra ""aaaa bak biz ne bulduk"" diye zaten olmasi gereken sekliyle piyasaya sundugu ilac.",eksisozluk
cipralex,lundbeck  ilac firmasinin   ssk  ilac listesine giremediginden su anda ssk hastahanelerinde satilamayan antidepresani,eksisozluk
cipralex,ilaç fiyatlarında yapılan yeni düzenlemelerle fiyatı bayağı bir aşağı çekilen yeni nesil prozac.,eksisozluk
cipralex,"kullanmaya basladiktan yaklasik 2inci haftadan itibaren insandaki asiri heyecan, asiri sevinc, asiri uzuntu, asiri sinir, kisaca asiri tepkilerin tumunu ortalamaya ceken, bir nevi ruh torpusu ilac",eksisozluk
cipralex,"daha yavaş sinirlenmeyi sağlayan. insanın öfke kontrolünü kaybetmesini biraz daha gecikteren güzel ilaç. (bıraktığımda farkettim gerçekten etkisi var) daha rahat bir hayat sürmek için almak gerekebilir. (psikiyatrist in verirken söylediği cümle : depresyonda değilsin bu ilaç senin yaşam standartlarını artıracak, daha rahat hissetmeni sağlayacak)",eksisozluk
cipralex,"tepkileri törpüleyen, bazı bazı hissizleştiren, panik bozukluğun tedavisi için üç ay kullanılması gereken ilaç.",eksisozluk
cipralex,onun degil de bunun  huzur  oldugunu gosteren bir ilac.  savior . (savmior.),eksisozluk
cipralex,buğulu cam efekti veren küçük beyaz ilaç.,eksisozluk
cipralex,"10 mg. escitalopram etken maddeli citalopramdan olma  cipram dan doğma yeni  ssri . cipramdan daha seçici olduğu bu yüzden de yan etkilerinin daha az olduğu ve daha hızlı etki ettiği  söyleniyor. citalopram etken maddesinin terapötik olarak inaktif olan r-citalopram komponenti uzaklaştırılarak elde edilmiş. işbu yüzden cipralex namlı yeni ilacın cipramdan daha düşük dozlarda daha etkili olacağı iddia ediliyor, bu da tedavi maliyetini düşüreceğe benziyor. cipralex şu an için cipramdan ucuz ve o da atası gibi 28 tabletlik paketlerde satılıyor. 2002 yılında  fda  onayı almış. doktorunuza danışmadan kullanmayınız.",eksisozluk
cipralex,ambalaj kutusunda olmadığı zaman (bkz:  cipram ) sanılan ilaç.,eksisozluk
cipralex,"fda in 1992 de ongordugu sekilde iki ayri izomerden etkisiz olaninin ayristirildiktan sonra kullanima sunulmasi gerekliligi ilkesini hice sayip  sitalopram i piyasaya veren  lundbeck  (bkz:  lombak ) firmasinin,  cipram in patent suresi dolduktan sonra ""aaaa bak biz ne bulduk"" diye zaten olmasi gereken sekliyle piyasaya sundugu ilac.",eksisozluk
cipralex,lundbeck  ilac firmasinin   ssk  ilac listesine giremediginden su anda ssk hastahanelerinde satilamayan antidepresani,eksisozluk
cipralex,ilaç fiyatlarında yapılan yeni düzenlemelerle fiyatı bayağı bir aşağı çekilen yeni nesil prozac.,eksisozluk
cipralex,"kullanmaya basladiktan yaklasik 2inci haftadan itibaren insandaki asiri heyecan, asiri sevinc, asiri uzuntu, asiri sinir, kisaca asiri tepkilerin tumunu ortalamaya ceken, bir nevi ruh torpusu ilac",eksisozluk
cipralex,"daha yavaş sinirlenmeyi sağlayan. insanın öfke kontrolünü kaybetmesini biraz daha gecikteren güzel ilaç. (bıraktığımda farkettim gerçekten etkisi var) daha rahat bir hayat sürmek için almak gerekebilir. (psikiyatrist in verirken söylediği cümle : depresyonda değilsin bu ilaç senin yaşam standartlarını artıracak, daha rahat hissetmeni sağlayacak)",eksisozluk
cipralex,"tepkileri törpüleyen, bazı bazı hissizleştiren, panik bozukluğun tedavisi için üç ay kullanılması gereken ilaç.",eksisozluk
cipralex,onun degil de bunun  huzur  oldugunu gosteren bir ilac.  savior . (savmior.),eksisozluk
cipralex,buğulu cam efekti veren küçük beyaz ilaç.,eksisozluk
cipralex,"10 mg. escitalopram etken maddeli citalopramdan olma  cipram dan doğma yeni  ssri . cipramdan daha seçici olduğu bu yüzden de yan etkilerinin daha az olduğu ve daha hızlı etki ettiği  söyleniyor. citalopram etken maddesinin terapötik olarak inaktif olan r-citalopram komponenti uzaklaştırılarak elde edilmiş. işbu yüzden cipralex namlı yeni ilacın cipramdan daha düşük dozlarda daha etkili olacağı iddia ediliyor, bu da tedavi maliyetini düşüreceğe benziyor. cipralex şu an için cipramdan ucuz ve o da atası gibi 28 tabletlik paketlerde satılıyor. 2002 yılında  fda  onayı almış. doktorunuza danışmadan kullanmayınız.",eksisozluk
cipralex,ambalaj kutusunda olmadığı zaman (bkz:  cipram ) sanılan ilaç.,eksisozluk
cipralex,"fda in 1992 de ongordugu sekilde iki ayri izomerden etkisiz olaninin ayristirildiktan sonra kullanima sunulmasi gerekliligi ilkesini hice sayip  sitalopram i piyasaya veren  lundbeck  (bkz:  lombak ) firmasinin,  cipram in patent suresi dolduktan sonra ""aaaa bak biz ne bulduk"" diye zaten olmasi gereken sekliyle piyasaya sundugu ilac.",eksisozluk
cipralex,lundbeck  ilac firmasinin   ssk  ilac listesine giremediginden su anda ssk hastahanelerinde satilamayan antidepresani,eksisozluk
cipralex,ilaç fiyatlarında yapılan yeni düzenlemelerle fiyatı bayağı bir aşağı çekilen yeni nesil prozac.,eksisozluk
cipralex,"kullanmaya basladiktan yaklasik 2inci haftadan itibaren insandaki asiri heyecan, asiri sevinc, asiri uzuntu, asiri sinir, kisaca asiri tepkilerin tumunu ortalamaya ceken, bir nevi ruh torpusu ilac",eksisozluk
cipralex,"daha yavaş sinirlenmeyi sağlayan. insanın öfke kontrolünü kaybetmesini biraz daha gecikteren güzel ilaç. (bıraktığımda farkettim gerçekten etkisi var) daha rahat bir hayat sürmek için almak gerekebilir. (psikiyatrist in verirken söylediği cümle : depresyonda değilsin bu ilaç senin yaşam standartlarını artıracak, daha rahat hissetmeni sağlayacak)",eksisozluk
cipralex,"tepkileri törpüleyen, bazı bazı hissizleştiren, panik bozukluğun tedavisi için üç ay kullanılması gereken ilaç.",eksisozluk
cipralex,onun degil de bunun  huzur  oldugunu gosteren bir ilac.  savior . (savmior.),eksisozluk
cipralex,buğulu cam efekti veren küçük beyaz ilaç.,eksisozluk
cipralex,"10 mg. escitalopram etken maddeli citalopramdan olma  cipram dan doğma yeni  ssri . cipramdan daha seçici olduğu bu yüzden de yan etkilerinin daha az olduğu ve daha hızlı etki ettiği  söyleniyor. citalopram etken maddesinin terapötik olarak inaktif olan r-citalopram komponenti uzaklaştırılarak elde edilmiş. işbu yüzden cipralex namlı yeni ilacın cipramdan daha düşük dozlarda daha etkili olacağı iddia ediliyor, bu da tedavi maliyetini düşüreceğe benziyor. cipralex şu an için cipramdan ucuz ve o da atası gibi 28 tabletlik paketlerde satılıyor. 2002 yılında  fda  onayı almış. doktorunuza danışmadan kullanmayınız.",eksisozluk
cipralex,ambalaj kutusunda olmadığı zaman (bkz:  cipram ) sanılan ilaç.,eksisozluk
cipralex,"fda in 1992 de ongordugu sekilde iki ayri izomerden etkisiz olaninin ayristirildiktan sonra kullanima sunulmasi gerekliligi ilkesini hice sayip  sitalopram i piyasaya veren  lundbeck  (bkz:  lombak ) firmasinin,  cipram in patent suresi dolduktan sonra ""aaaa bak biz ne bulduk"" diye zaten olmasi gereken sekliyle piyasaya sundugu ilac.",eksisozluk
cipralex,lundbeck  ilac firmasinin   ssk  ilac listesine giremediginden su anda ssk hastahanelerinde satilamayan antidepresani,eksisozluk
cipralex,ilaç fiyatlarında yapılan yeni düzenlemelerle fiyatı bayağı bir aşağı çekilen yeni nesil prozac.,eksisozluk
cipralex,"kullanmaya basladiktan yaklasik 2inci haftadan itibaren insandaki asiri heyecan, asiri sevinc, asiri uzuntu, asiri sinir, kisaca asiri tepkilerin tumunu ortalamaya ceken, bir nevi ruh torpusu ilac",eksisozluk
cipralex,"daha yavaş sinirlenmeyi sağlayan. insanın öfke kontrolünü kaybetmesini biraz daha gecikteren güzel ilaç. (bıraktığımda farkettim gerçekten etkisi var) daha rahat bir hayat sürmek için almak gerekebilir. (psikiyatrist in verirken söylediği cümle : depresyonda değilsin bu ilaç senin yaşam standartlarını artıracak, daha rahat hissetmeni sağlayacak)",eksisozluk
cipralex,"tepkileri törpüleyen, bazı bazı hissizleştiren, panik bozukluğun tedavisi için üç ay kullanılması gereken ilaç.",eksisozluk
cipralex,onun degil de bunun  huzur  oldugunu gosteren bir ilac.  savior . (savmior.),eksisozluk
cipralex,buğulu cam efekti veren küçük beyaz ilaç.,eksisozluk
cipralex,"10 mg. escitalopram etken maddeli citalopramdan olma  cipram dan doğma yeni  ssri . cipramdan daha seçici olduğu bu yüzden de yan etkilerinin daha az olduğu ve daha hızlı etki ettiği  söyleniyor. citalopram etken maddesinin terapötik olarak inaktif olan r-citalopram komponenti uzaklaştırılarak elde edilmiş. işbu yüzden cipralex namlı yeni ilacın cipramdan daha düşük dozlarda daha etkili olacağı iddia ediliyor, bu da tedavi maliyetini düşüreceğe benziyor. cipralex şu an için cipramdan ucuz ve o da atası gibi 28 tabletlik paketlerde satılıyor. 2002 yılında  fda  onayı almış. doktorunuza danışmadan kullanmayınız.",eksisozluk
cipralex,ambalaj kutusunda olmadığı zaman (bkz:  cipram ) sanılan ilaç.,eksisozluk
cipralex,"fda in 1992 de ongordugu sekilde iki ayri izomerden etkisiz olaninin ayristirildiktan sonra kullanima sunulmasi gerekliligi ilkesini hice sayip  sitalopram i piyasaya veren  lundbeck  (bkz:  lombak ) firmasinin,  cipram in patent suresi dolduktan sonra ""aaaa bak biz ne bulduk"" diye zaten olmasi gereken sekliyle piyasaya sundugu ilac.",eksisozluk
cipralex,lundbeck  ilac firmasinin   ssk  ilac listesine giremediginden su anda ssk hastahanelerinde satilamayan antidepresani,eksisozluk
cipralex,ilaç fiyatlarında yapılan yeni düzenlemelerle fiyatı bayağı bir aşağı çekilen yeni nesil prozac.,eksisozluk
cipralex,"kullanmaya basladiktan yaklasik 2inci haftadan itibaren insandaki asiri heyecan, asiri sevinc, asiri uzuntu, asiri sinir, kisaca asiri tepkilerin tumunu ortalamaya ceken, bir nevi ruh torpusu ilac",eksisozluk
cipralex,"daha yavaş sinirlenmeyi sağlayan. insanın öfke kontrolünü kaybetmesini biraz daha gecikteren güzel ilaç. (bıraktığımda farkettim gerçekten etkisi var) daha rahat bir hayat sürmek için almak gerekebilir. (psikiyatrist in verirken söylediği cümle : depresyonda değilsin bu ilaç senin yaşam standartlarını artıracak, daha rahat hissetmeni sağlayacak)",eksisozluk
cipralex,"tepkileri törpüleyen, bazı bazı hissizleştiren, panik bozukluğun tedavisi için üç ay kullanılması gereken ilaç.",eksisozluk
cipralex,onun degil de bunun  huzur  oldugunu gosteren bir ilac.  savior . (savmior.),eksisozluk
cipralex,buğulu cam efekti veren küçük beyaz ilaç.,eksisozluk
prozac,yatistirici sakinle$tirici yasal uyu$turucu edit: külliyen yanlış olabilir bilgi sahibi değilim.,eksisozluk
prozac,mutlu olmanın kacınılmaz yolu...,eksisozluk
prozac,kullanmayi biraktiginda hayati zehir zemberek yapan ilac..,eksisozluk
prozac,"prozac mutsuz bir insani mutlu yapmaz, seretonin dengesi bozuk olmayan insanlarda da jelibom yese daha etkili olur. kümülatif etkili bir ilac olup derin depresyon hallerinde 3-6 ay boyunca kullanmak gerekir. sindirim sistemine acaip etkileri vardir maksimum yogunlukta aromalı osuruklara sebep olabilir...",eksisozluk
prozac,prozacın antidepresan olarak etkisini gösterebilmesi için bir süre düzenli olarak kullanmak gerekiyor.yan etkilerine bir göz atınca kötü hissettirmeyen bir yıkım olduğu düşünülebilir.asla bir uyuşturucu değil lafınıda en çok reçeteye procaz karalayan doktorlar kullanır...,eksisozluk
prozac,libido yu düşürdüğü ve antidepresan olduğu için öğrencilere sınav zamanı verilir (doktorlar tarafından) başta iştah kapar ve bu sebepten dolayı kilo verilebilir... ancak uzun vadede etkiler tarsine döner.. libido eskiden daha fazla olur (bkz:  duz duvara tirmanmak ) ve iştah açılır..,eksisozluk
prozac,(bkz:  prozac toplumu ),eksisozluk
prozac,"""sosyal endikasyon ve depresif hal"" teshisiyle eger depresyon durumunuz agır degilse günde tek doz kullanımının hayatınızı kurtardıgının farkına vardıgınızda doktora ettiginiz sesli ve sessiz küfürlerin tamamından utandıgınız, bırakmadan önce dozu yavas yavas azaltmanız gereken yoksa sizi daha kötü bir depresif hale sokacak olan, çogu zarar azı gercekten karar olan ilac..",eksisozluk
prozac,50 mg fluoksetin hidroklorür ün ilaç hallerinden biri diğerleri için bakınız (bkz:  fulsac ) (bkz:  depreks ),eksisozluk
prozac,yatistirici sakinle$tirici yasal uyu$turucu edit: külliyen yanlış olabilir bilgi sahibi değilim.,eksisozluk
prozac,mutlu olmanın kacınılmaz yolu...,eksisozluk
prozac,kullanmayi biraktiginda hayati zehir zemberek yapan ilac..,eksisozluk
prozac,"prozac mutsuz bir insani mutlu yapmaz, seretonin dengesi bozuk olmayan insanlarda da jelibom yese daha etkili olur. kümülatif etkili bir ilac olup derin depresyon hallerinde 3-6 ay boyunca kullanmak gerekir. sindirim sistemine acaip etkileri vardir maksimum yogunlukta aromalı osuruklara sebep olabilir...",eksisozluk
prozac,prozacın antidepresan olarak etkisini gösterebilmesi için bir süre düzenli olarak kullanmak gerekiyor.yan etkilerine bir göz atınca kötü hissettirmeyen bir yıkım olduğu düşünülebilir.asla bir uyuşturucu değil lafınıda en çok reçeteye procaz karalayan doktorlar kullanır...,eksisozluk
prozac,libido yu düşürdüğü ve antidepresan olduğu için öğrencilere sınav zamanı verilir (doktorlar tarafından) başta iştah kapar ve bu sebepten dolayı kilo verilebilir... ancak uzun vadede etkiler tarsine döner.. libido eskiden daha fazla olur (bkz:  duz duvara tirmanmak ) ve iştah açılır..,eksisozluk
prozac,(bkz:  prozac toplumu ),eksisozluk
prozac,"""sosyal endikasyon ve depresif hal"" teshisiyle eger depresyon durumunuz agır degilse günde tek doz kullanımının hayatınızı kurtardıgının farkına vardıgınızda doktora ettiginiz sesli ve sessiz küfürlerin tamamından utandıgınız, bırakmadan önce dozu yavas yavas azaltmanız gereken yoksa sizi daha kötü bir depresif hale sokacak olan, çogu zarar azı gercekten karar olan ilac..",eksisozluk
prozac,50 mg fluoksetin hidroklorür ün ilaç hallerinden biri diğerleri için bakınız (bkz:  fulsac ) (bkz:  depreks ),eksisozluk
prozac,yatistirici sakinle$tirici yasal uyu$turucu edit: külliyen yanlış olabilir bilgi sahibi değilim.,eksisozluk
prozac,mutlu olmanın kacınılmaz yolu...,eksisozluk
prozac,kullanmayi biraktiginda hayati zehir zemberek yapan ilac..,eksisozluk
prozac,"prozac mutsuz bir insani mutlu yapmaz, seretonin dengesi bozuk olmayan insanlarda da jelibom yese daha etkili olur. kümülatif etkili bir ilac olup derin depresyon hallerinde 3-6 ay boyunca kullanmak gerekir. sindirim sistemine acaip etkileri vardir maksimum yogunlukta aromalı osuruklara sebep olabilir...",eksisozluk
prozac,prozacın antidepresan olarak etkisini gösterebilmesi için bir süre düzenli olarak kullanmak gerekiyor.yan etkilerine bir göz atınca kötü hissettirmeyen bir yıkım olduğu düşünülebilir.asla bir uyuşturucu değil lafınıda en çok reçeteye procaz karalayan doktorlar kullanır...,eksisozluk
prozac,libido yu düşürdüğü ve antidepresan olduğu için öğrencilere sınav zamanı verilir (doktorlar tarafından) başta iştah kapar ve bu sebepten dolayı kilo verilebilir... ancak uzun vadede etkiler tarsine döner.. libido eskiden daha fazla olur (bkz:  duz duvara tirmanmak ) ve iştah açılır..,eksisozluk
prozac,(bkz:  prozac toplumu ),eksisozluk
prozac,"""sosyal endikasyon ve depresif hal"" teshisiyle eger depresyon durumunuz agır degilse günde tek doz kullanımının hayatınızı kurtardıgının farkına vardıgınızda doktora ettiginiz sesli ve sessiz küfürlerin tamamından utandıgınız, bırakmadan önce dozu yavas yavas azaltmanız gereken yoksa sizi daha kötü bir depresif hale sokacak olan, çogu zarar azı gercekten karar olan ilac..",eksisozluk
prozac,50 mg fluoksetin hidroklorür ün ilaç hallerinden biri diğerleri için bakınız (bkz:  fulsac ) (bkz:  depreks ),eksisozluk
prozac,yatistirici sakinle$tirici yasal uyu$turucu edit: külliyen yanlış olabilir bilgi sahibi değilim.,eksisozluk
prozac,mutlu olmanın kacınılmaz yolu...,eksisozluk
prozac,kullanmayi biraktiginda hayati zehir zemberek yapan ilac..,eksisozluk
prozac,"prozac mutsuz bir insani mutlu yapmaz, seretonin dengesi bozuk olmayan insanlarda da jelibom yese daha etkili olur. kümülatif etkili bir ilac olup derin depresyon hallerinde 3-6 ay boyunca kullanmak gerekir. sindirim sistemine acaip etkileri vardir maksimum yogunlukta aromalı osuruklara sebep olabilir...",eksisozluk
prozac,prozacın antidepresan olarak etkisini gösterebilmesi için bir süre düzenli olarak kullanmak gerekiyor.yan etkilerine bir göz atınca kötü hissettirmeyen bir yıkım olduğu düşünülebilir.asla bir uyuşturucu değil lafınıda en çok reçeteye procaz karalayan doktorlar kullanır...,eksisozluk
prozac,libido yu düşürdüğü ve antidepresan olduğu için öğrencilere sınav zamanı verilir (doktorlar tarafından) başta iştah kapar ve bu sebepten dolayı kilo verilebilir... ancak uzun vadede etkiler tarsine döner.. libido eskiden daha fazla olur (bkz:  duz duvara tirmanmak ) ve iştah açılır..,eksisozluk
prozac,(bkz:  prozac toplumu ),eksisozluk
prozac,"""sosyal endikasyon ve depresif hal"" teshisiyle eger depresyon durumunuz agır degilse günde tek doz kullanımının hayatınızı kurtardıgının farkına vardıgınızda doktora ettiginiz sesli ve sessiz küfürlerin tamamından utandıgınız, bırakmadan önce dozu yavas yavas azaltmanız gereken yoksa sizi daha kötü bir depresif hale sokacak olan, çogu zarar azı gercekten karar olan ilac..",eksisozluk
prozac,50 mg fluoksetin hidroklorür ün ilaç hallerinden biri diğerleri için bakınız (bkz:  fulsac ) (bkz:  depreks ),eksisozluk
prozac,yatistirici sakinle$tirici yasal uyu$turucu edit: külliyen yanlış olabilir bilgi sahibi değilim.,eksisozluk
prozac,mutlu olmanın kacınılmaz yolu...,eksisozluk
prozac,kullanmayi biraktiginda hayati zehir zemberek yapan ilac..,eksisozluk
prozac,"prozac mutsuz bir insani mutlu yapmaz, seretonin dengesi bozuk olmayan insanlarda da jelibom yese daha etkili olur. kümülatif etkili bir ilac olup derin depresyon hallerinde 3-6 ay boyunca kullanmak gerekir. sindirim sistemine acaip etkileri vardir maksimum yogunlukta aromalı osuruklara sebep olabilir...",eksisozluk
prozac,prozacın antidepresan olarak etkisini gösterebilmesi için bir süre düzenli olarak kullanmak gerekiyor.yan etkilerine bir göz atınca kötü hissettirmeyen bir yıkım olduğu düşünülebilir.asla bir uyuşturucu değil lafınıda en çok reçeteye procaz karalayan doktorlar kullanır...,eksisozluk
prozac,libido yu düşürdüğü ve antidepresan olduğu için öğrencilere sınav zamanı verilir (doktorlar tarafından) başta iştah kapar ve bu sebepten dolayı kilo verilebilir... ancak uzun vadede etkiler tarsine döner.. libido eskiden daha fazla olur (bkz:  duz duvara tirmanmak ) ve iştah açılır..,eksisozluk
prozac,(bkz:  prozac toplumu ),eksisozluk
prozac,"""sosyal endikasyon ve depresif hal"" teshisiyle eger depresyon durumunuz agır degilse günde tek doz kullanımının hayatınızı kurtardıgının farkına vardıgınızda doktora ettiginiz sesli ve sessiz küfürlerin tamamından utandıgınız, bırakmadan önce dozu yavas yavas azaltmanız gereken yoksa sizi daha kötü bir depresif hale sokacak olan, çogu zarar azı gercekten karar olan ilac..",eksisozluk
prozac,50 mg fluoksetin hidroklorür ün ilaç hallerinden biri diğerleri için bakınız (bkz:  fulsac ) (bkz:  depreks ),eksisozluk
prozac,yatistirici sakinle$tirici yasal uyu$turucu edit: külliyen yanlış olabilir bilgi sahibi değilim.,eksisozluk
prozac,mutlu olmanın kacınılmaz yolu...,eksisozluk
prozac,kullanmayi biraktiginda hayati zehir zemberek yapan ilac..,eksisozluk
prozac,"prozac mutsuz bir insani mutlu yapmaz, seretonin dengesi bozuk olmayan insanlarda da jelibom yese daha etkili olur. kümülatif etkili bir ilac olup derin depresyon hallerinde 3-6 ay boyunca kullanmak gerekir. sindirim sistemine acaip etkileri vardir maksimum yogunlukta aromalı osuruklara sebep olabilir...",eksisozluk
prozac,prozacın antidepresan olarak etkisini gösterebilmesi için bir süre düzenli olarak kullanmak gerekiyor.yan etkilerine bir göz atınca kötü hissettirmeyen bir yıkım olduğu düşünülebilir.asla bir uyuşturucu değil lafınıda en çok reçeteye procaz karalayan doktorlar kullanır...,eksisozluk
prozac,libido yu düşürdüğü ve antidepresan olduğu için öğrencilere sınav zamanı verilir (doktorlar tarafından) başta iştah kapar ve bu sebepten dolayı kilo verilebilir... ancak uzun vadede etkiler tarsine döner.. libido eskiden daha fazla olur (bkz:  duz duvara tirmanmak ) ve iştah açılır..,eksisozluk
prozac,(bkz:  prozac toplumu ),eksisozluk
prozac,"""sosyal endikasyon ve depresif hal"" teshisiyle eger depresyon durumunuz agır degilse günde tek doz kullanımının hayatınızı kurtardıgının farkına vardıgınızda doktora ettiginiz sesli ve sessiz küfürlerin tamamından utandıgınız, bırakmadan önce dozu yavas yavas azaltmanız gereken yoksa sizi daha kötü bir depresif hale sokacak olan, çogu zarar azı gercekten karar olan ilac..",eksisozluk
prozac,50 mg fluoksetin hidroklorür ün ilaç hallerinden biri diğerleri için bakınız (bkz:  fulsac ) (bkz:  depreks ),eksisozluk
prozac,yatistirici sakinle$tirici yasal uyu$turucu edit: külliyen yanlış olabilir bilgi sahibi değilim.,eksisozluk
prozac,mutlu olmanın kacınılmaz yolu...,eksisozluk
prozac,kullanmayi biraktiginda hayati zehir zemberek yapan ilac..,eksisozluk
prozac,"prozac mutsuz bir insani mutlu yapmaz, seretonin dengesi bozuk olmayan insanlarda da jelibom yese daha etkili olur. kümülatif etkili bir ilac olup derin depresyon hallerinde 3-6 ay boyunca kullanmak gerekir. sindirim sistemine acaip etkileri vardir maksimum yogunlukta aromalı osuruklara sebep olabilir...",eksisozluk
prozac,prozacın antidepresan olarak etkisini gösterebilmesi için bir süre düzenli olarak kullanmak gerekiyor.yan etkilerine bir göz atınca kötü hissettirmeyen bir yıkım olduğu düşünülebilir.asla bir uyuşturucu değil lafınıda en çok reçeteye procaz karalayan doktorlar kullanır...,eksisozluk
prozac,libido yu düşürdüğü ve antidepresan olduğu için öğrencilere sınav zamanı verilir (doktorlar tarafından) başta iştah kapar ve bu sebepten dolayı kilo verilebilir... ancak uzun vadede etkiler tarsine döner.. libido eskiden daha fazla olur (bkz:  duz duvara tirmanmak ) ve iştah açılır..,eksisozluk
prozac,(bkz:  prozac toplumu ),eksisozluk
prozac,"""sosyal endikasyon ve depresif hal"" teshisiyle eger depresyon durumunuz agır degilse günde tek doz kullanımının hayatınızı kurtardıgının farkına vardıgınızda doktora ettiginiz sesli ve sessiz küfürlerin tamamından utandıgınız, bırakmadan önce dozu yavas yavas azaltmanız gereken yoksa sizi daha kötü bir depresif hale sokacak olan, çogu zarar azı gercekten karar olan ilac..",eksisozluk
prozac,50 mg fluoksetin hidroklorür ün ilaç hallerinden biri diğerleri için bakınız (bkz:  fulsac ) (bkz:  depreks ),eksisozluk
prozac,yatistirici sakinle$tirici yasal uyu$turucu edit: külliyen yanlış olabilir bilgi sahibi değilim.,eksisozluk
prozac,mutlu olmanın kacınılmaz yolu...,eksisozluk
prozac,kullanmayi biraktiginda hayati zehir zemberek yapan ilac..,eksisozluk
prozac,"prozac mutsuz bir insani mutlu yapmaz, seretonin dengesi bozuk olmayan insanlarda da jelibom yese daha etkili olur. kümülatif etkili bir ilac olup derin depresyon hallerinde 3-6 ay boyunca kullanmak gerekir. sindirim sistemine acaip etkileri vardir maksimum yogunlukta aromalı osuruklara sebep olabilir...",eksisozluk
prozac,prozacın antidepresan olarak etkisini gösterebilmesi için bir süre düzenli olarak kullanmak gerekiyor.yan etkilerine bir göz atınca kötü hissettirmeyen bir yıkım olduğu düşünülebilir.asla bir uyuşturucu değil lafınıda en çok reçeteye procaz karalayan doktorlar kullanır...,eksisozluk
prozac,libido yu düşürdüğü ve antidepresan olduğu için öğrencilere sınav zamanı verilir (doktorlar tarafından) başta iştah kapar ve bu sebepten dolayı kilo verilebilir... ancak uzun vadede etkiler tarsine döner.. libido eskiden daha fazla olur (bkz:  duz duvara tirmanmak ) ve iştah açılır..,eksisozluk
prozac,(bkz:  prozac toplumu ),eksisozluk
prozac,"""sosyal endikasyon ve depresif hal"" teshisiyle eger depresyon durumunuz agır degilse günde tek doz kullanımının hayatınızı kurtardıgının farkına vardıgınızda doktora ettiginiz sesli ve sessiz küfürlerin tamamından utandıgınız, bırakmadan önce dozu yavas yavas azaltmanız gereken yoksa sizi daha kötü bir depresif hale sokacak olan, çogu zarar azı gercekten karar olan ilac..",eksisozluk
prozac,50 mg fluoksetin hidroklorür ün ilaç hallerinden biri diğerleri için bakınız (bkz:  fulsac ) (bkz:  depreks ),eksisozluk
prozac,yatistirici sakinle$tirici yasal uyu$turucu edit: külliyen yanlış olabilir bilgi sahibi değilim.,eksisozluk
prozac,mutlu olmanın kacınılmaz yolu...,eksisozluk
prozac,kullanmayi biraktiginda hayati zehir zemberek yapan ilac..,eksisozluk
prozac,"prozac mutsuz bir insani mutlu yapmaz, seretonin dengesi bozuk olmayan insanlarda da jelibom yese daha etkili olur. kümülatif etkili bir ilac olup derin depresyon hallerinde 3-6 ay boyunca kullanmak gerekir. sindirim sistemine acaip etkileri vardir maksimum yogunlukta aromalı osuruklara sebep olabilir...",eksisozluk
prozac,prozacın antidepresan olarak etkisini gösterebilmesi için bir süre düzenli olarak kullanmak gerekiyor.yan etkilerine bir göz atınca kötü hissettirmeyen bir yıkım olduğu düşünülebilir.asla bir uyuşturucu değil lafınıda en çok reçeteye procaz karalayan doktorlar kullanır...,eksisozluk
prozac,libido yu düşürdüğü ve antidepresan olduğu için öğrencilere sınav zamanı verilir (doktorlar tarafından) başta iştah kapar ve bu sebepten dolayı kilo verilebilir... ancak uzun vadede etkiler tarsine döner.. libido eskiden daha fazla olur (bkz:  duz duvara tirmanmak ) ve iştah açılır..,eksisozluk
prozac,(bkz:  prozac toplumu ),eksisozluk
prozac,"""sosyal endikasyon ve depresif hal"" teshisiyle eger depresyon durumunuz agır degilse günde tek doz kullanımının hayatınızı kurtardıgının farkına vardıgınızda doktora ettiginiz sesli ve sessiz küfürlerin tamamından utandıgınız, bırakmadan önce dozu yavas yavas azaltmanız gereken yoksa sizi daha kötü bir depresif hale sokacak olan, çogu zarar azı gercekten karar olan ilac..",eksisozluk
prozac,50 mg fluoksetin hidroklorür ün ilaç hallerinden biri diğerleri için bakınız (bkz:  fulsac ) (bkz:  depreks ),eksisozluk
prozac,yatistirici sakinle$tirici yasal uyu$turucu edit: külliyen yanlış olabilir bilgi sahibi değilim.,eksisozluk
prozac,mutlu olmanın kacınılmaz yolu...,eksisozluk
prozac,kullanmayi biraktiginda hayati zehir zemberek yapan ilac..,eksisozluk
prozac,"prozac mutsuz bir insani mutlu yapmaz, seretonin dengesi bozuk olmayan insanlarda da jelibom yese daha etkili olur. kümülatif etkili bir ilac olup derin depresyon hallerinde 3-6 ay boyunca kullanmak gerekir. sindirim sistemine acaip etkileri vardir maksimum yogunlukta aromalı osuruklara sebep olabilir...",eksisozluk
prozac,prozacın antidepresan olarak etkisini gösterebilmesi için bir süre düzenli olarak kullanmak gerekiyor.yan etkilerine bir göz atınca kötü hissettirmeyen bir yıkım olduğu düşünülebilir.asla bir uyuşturucu değil lafınıda en çok reçeteye procaz karalayan doktorlar kullanır...,eksisozluk
prozac,libido yu düşürdüğü ve antidepresan olduğu için öğrencilere sınav zamanı verilir (doktorlar tarafından) başta iştah kapar ve bu sebepten dolayı kilo verilebilir... ancak uzun vadede etkiler tarsine döner.. libido eskiden daha fazla olur (bkz:  duz duvara tirmanmak ) ve iştah açılır..,eksisozluk
prozac,(bkz:  prozac toplumu ),eksisozluk
prozac,"""sosyal endikasyon ve depresif hal"" teshisiyle eger depresyon durumunuz agır degilse günde tek doz kullanımının hayatınızı kurtardıgının farkına vardıgınızda doktora ettiginiz sesli ve sessiz küfürlerin tamamından utandıgınız, bırakmadan önce dozu yavas yavas azaltmanız gereken yoksa sizi daha kötü bir depresif hale sokacak olan, çogu zarar azı gercekten karar olan ilac..",eksisozluk
prozac,50 mg fluoksetin hidroklorür ün ilaç hallerinden biri diğerleri için bakınız (bkz:  fulsac ) (bkz:  depreks ),eksisozluk
prozac,yatistirici sakinle$tirici yasal uyu$turucu edit: külliyen yanlış olabilir bilgi sahibi değilim.,eksisozluk
prozac,mutlu olmanın kacınılmaz yolu...,eksisozluk
prozac,kullanmayi biraktiginda hayati zehir zemberek yapan ilac..,eksisozluk
prozac,"prozac mutsuz bir insani mutlu yapmaz, seretonin dengesi bozuk olmayan insanlarda da jelibom yese daha etkili olur. kümülatif etkili bir ilac olup derin depresyon hallerinde 3-6 ay boyunca kullanmak gerekir. sindirim sistemine acaip etkileri vardir maksimum yogunlukta aromalı osuruklara sebep olabilir...",eksisozluk
prozac,prozacın antidepresan olarak etkisini gösterebilmesi için bir süre düzenli olarak kullanmak gerekiyor.yan etkilerine bir göz atınca kötü hissettirmeyen bir yıkım olduğu düşünülebilir.asla bir uyuşturucu değil lafınıda en çok reçeteye procaz karalayan doktorlar kullanır...,eksisozluk
prozac,libido yu düşürdüğü ve antidepresan olduğu için öğrencilere sınav zamanı verilir (doktorlar tarafından) başta iştah kapar ve bu sebepten dolayı kilo verilebilir... ancak uzun vadede etkiler tarsine döner.. libido eskiden daha fazla olur (bkz:  duz duvara tirmanmak ) ve iştah açılır..,eksisozluk
prozac,(bkz:  prozac toplumu ),eksisozluk
prozac,"""sosyal endikasyon ve depresif hal"" teshisiyle eger depresyon durumunuz agır degilse günde tek doz kullanımının hayatınızı kurtardıgının farkına vardıgınızda doktora ettiginiz sesli ve sessiz küfürlerin tamamından utandıgınız, bırakmadan önce dozu yavas yavas azaltmanız gereken yoksa sizi daha kötü bir depresif hale sokacak olan, çogu zarar azı gercekten karar olan ilac..",eksisozluk
prozac,50 mg fluoksetin hidroklorür ün ilaç hallerinden biri diğerleri için bakınız (bkz:  fulsac ) (bkz:  depreks ),eksisozluk
prozac,yatistirici sakinle$tirici yasal uyu$turucu edit: külliyen yanlış olabilir bilgi sahibi değilim.,eksisozluk
prozac,mutlu olmanın kacınılmaz yolu...,eksisozluk
prozac,kullanmayi biraktiginda hayati zehir zemberek yapan ilac..,eksisozluk
prozac,"prozac mutsuz bir insani mutlu yapmaz, seretonin dengesi bozuk olmayan insanlarda da jelibom yese daha etkili olur. kümülatif etkili bir ilac olup derin depresyon hallerinde 3-6 ay boyunca kullanmak gerekir. sindirim sistemine acaip etkileri vardir maksimum yogunlukta aromalı osuruklara sebep olabilir...",eksisozluk
prozac,prozacın antidepresan olarak etkisini gösterebilmesi için bir süre düzenli olarak kullanmak gerekiyor.yan etkilerine bir göz atınca kötü hissettirmeyen bir yıkım olduğu düşünülebilir.asla bir uyuşturucu değil lafınıda en çok reçeteye procaz karalayan doktorlar kullanır...,eksisozluk
prozac,libido yu düşürdüğü ve antidepresan olduğu için öğrencilere sınav zamanı verilir (doktorlar tarafından) başta iştah kapar ve bu sebepten dolayı kilo verilebilir... ancak uzun vadede etkiler tarsine döner.. libido eskiden daha fazla olur (bkz:  duz duvara tirmanmak ) ve iştah açılır..,eksisozluk
prozac,(bkz:  prozac toplumu ),eksisozluk
prozac,"""sosyal endikasyon ve depresif hal"" teshisiyle eger depresyon durumunuz agır degilse günde tek doz kullanımının hayatınızı kurtardıgının farkına vardıgınızda doktora ettiginiz sesli ve sessiz küfürlerin tamamından utandıgınız, bırakmadan önce dozu yavas yavas azaltmanız gereken yoksa sizi daha kötü bir depresif hale sokacak olan, çogu zarar azı gercekten karar olan ilac..",eksisozluk
prozac,50 mg fluoksetin hidroklorür ün ilaç hallerinden biri diğerleri için bakınız (bkz:  fulsac ) (bkz:  depreks ),eksisozluk
prozac,yatistirici sakinle$tirici yasal uyu$turucu edit: külliyen yanlış olabilir bilgi sahibi değilim.,eksisozluk
prozac,mutlu olmanın kacınılmaz yolu...,eksisozluk
prozac,kullanmayi biraktiginda hayati zehir zemberek yapan ilac..,eksisozluk
prozac,"prozac mutsuz bir insani mutlu yapmaz, seretonin dengesi bozuk olmayan insanlarda da jelibom yese daha etkili olur. kümülatif etkili bir ilac olup derin depresyon hallerinde 3-6 ay boyunca kullanmak gerekir. sindirim sistemine acaip etkileri vardir maksimum yogunlukta aromalı osuruklara sebep olabilir...",eksisozluk
prozac,prozacın antidepresan olarak etkisini gösterebilmesi için bir süre düzenli olarak kullanmak gerekiyor.yan etkilerine bir göz atınca kötü hissettirmeyen bir yıkım olduğu düşünülebilir.asla bir uyuşturucu değil lafınıda en çok reçeteye procaz karalayan doktorlar kullanır...,eksisozluk
prozac,libido yu düşürdüğü ve antidepresan olduğu için öğrencilere sınav zamanı verilir (doktorlar tarafından) başta iştah kapar ve bu sebepten dolayı kilo verilebilir... ancak uzun vadede etkiler tarsine döner.. libido eskiden daha fazla olur (bkz:  duz duvara tirmanmak ) ve iştah açılır..,eksisozluk
prozac,(bkz:  prozac toplumu ),eksisozluk
prozac,"""sosyal endikasyon ve depresif hal"" teshisiyle eger depresyon durumunuz agır degilse günde tek doz kullanımının hayatınızı kurtardıgının farkına vardıgınızda doktora ettiginiz sesli ve sessiz küfürlerin tamamından utandıgınız, bırakmadan önce dozu yavas yavas azaltmanız gereken yoksa sizi daha kötü bir depresif hale sokacak olan, çogu zarar azı gercekten karar olan ilac..",eksisozluk
prozac,50 mg fluoksetin hidroklorür ün ilaç hallerinden biri diğerleri için bakınız (bkz:  fulsac ) (bkz:  depreks ),eksisozluk
prozac,yatistirici sakinle$tirici yasal uyu$turucu edit: külliyen yanlış olabilir bilgi sahibi değilim.,eksisozluk
prozac,mutlu olmanın kacınılmaz yolu...,eksisozluk
prozac,kullanmayi biraktiginda hayati zehir zemberek yapan ilac..,eksisozluk
prozac,"prozac mutsuz bir insani mutlu yapmaz, seretonin dengesi bozuk olmayan insanlarda da jelibom yese daha etkili olur. kümülatif etkili bir ilac olup derin depresyon hallerinde 3-6 ay boyunca kullanmak gerekir. sindirim sistemine acaip etkileri vardir maksimum yogunlukta aromalı osuruklara sebep olabilir...",eksisozluk
prozac,prozacın antidepresan olarak etkisini gösterebilmesi için bir süre düzenli olarak kullanmak gerekiyor.yan etkilerine bir göz atınca kötü hissettirmeyen bir yıkım olduğu düşünülebilir.asla bir uyuşturucu değil lafınıda en çok reçeteye procaz karalayan doktorlar kullanır...,eksisozluk
prozac,libido yu düşürdüğü ve antidepresan olduğu için öğrencilere sınav zamanı verilir (doktorlar tarafından) başta iştah kapar ve bu sebepten dolayı kilo verilebilir... ancak uzun vadede etkiler tarsine döner.. libido eskiden daha fazla olur (bkz:  duz duvara tirmanmak ) ve iştah açılır..,eksisozluk
prozac,(bkz:  prozac toplumu ),eksisozluk
prozac,"""sosyal endikasyon ve depresif hal"" teshisiyle eger depresyon durumunuz agır degilse günde tek doz kullanımının hayatınızı kurtardıgının farkına vardıgınızda doktora ettiginiz sesli ve sessiz küfürlerin tamamından utandıgınız, bırakmadan önce dozu yavas yavas azaltmanız gereken yoksa sizi daha kötü bir depresif hale sokacak olan, çogu zarar azı gercekten karar olan ilac..",eksisozluk
prozac,50 mg fluoksetin hidroklorür ün ilaç hallerinden biri diğerleri için bakınız (bkz:  fulsac ) (bkz:  depreks ),eksisozluk
prozac,yatistirici sakinle$tirici yasal uyu$turucu edit: külliyen yanlış olabilir bilgi sahibi değilim.,eksisozluk
prozac,mutlu olmanın kacınılmaz yolu...,eksisozluk
prozac,kullanmayi biraktiginda hayati zehir zemberek yapan ilac..,eksisozluk
prozac,"prozac mutsuz bir insani mutlu yapmaz, seretonin dengesi bozuk olmayan insanlarda da jelibom yese daha etkili olur. kümülatif etkili bir ilac olup derin depresyon hallerinde 3-6 ay boyunca kullanmak gerekir. sindirim sistemine acaip etkileri vardir maksimum yogunlukta aromalı osuruklara sebep olabilir...",eksisozluk
prozac,prozacın antidepresan olarak etkisini gösterebilmesi için bir süre düzenli olarak kullanmak gerekiyor.yan etkilerine bir göz atınca kötü hissettirmeyen bir yıkım olduğu düşünülebilir.asla bir uyuşturucu değil lafınıda en çok reçeteye procaz karalayan doktorlar kullanır...,eksisozluk
prozac,libido yu düşürdüğü ve antidepresan olduğu için öğrencilere sınav zamanı verilir (doktorlar tarafından) başta iştah kapar ve bu sebepten dolayı kilo verilebilir... ancak uzun vadede etkiler tarsine döner.. libido eskiden daha fazla olur (bkz:  duz duvara tirmanmak ) ve iştah açılır..,eksisozluk
prozac,(bkz:  prozac toplumu ),eksisozluk
prozac,"""sosyal endikasyon ve depresif hal"" teshisiyle eger depresyon durumunuz agır degilse günde tek doz kullanımının hayatınızı kurtardıgının farkına vardıgınızda doktora ettiginiz sesli ve sessiz küfürlerin tamamından utandıgınız, bırakmadan önce dozu yavas yavas azaltmanız gereken yoksa sizi daha kötü bir depresif hale sokacak olan, çogu zarar azı gercekten karar olan ilac..",eksisozluk
prozac,50 mg fluoksetin hidroklorür ün ilaç hallerinden biri diğerleri için bakınız (bkz:  fulsac ) (bkz:  depreks ),eksisozluk
prozac,yatistirici sakinle$tirici yasal uyu$turucu edit: külliyen yanlış olabilir bilgi sahibi değilim.,eksisozluk
prozac,mutlu olmanın kacınılmaz yolu...,eksisozluk
prozac,kullanmayi biraktiginda hayati zehir zemberek yapan ilac..,eksisozluk
prozac,"prozac mutsuz bir insani mutlu yapmaz, seretonin dengesi bozuk olmayan insanlarda da jelibom yese daha etkili olur. kümülatif etkili bir ilac olup derin depresyon hallerinde 3-6 ay boyunca kullanmak gerekir. sindirim sistemine acaip etkileri vardir maksimum yogunlukta aromalı osuruklara sebep olabilir...",eksisozluk
prozac,prozacın antidepresan olarak etkisini gösterebilmesi için bir süre düzenli olarak kullanmak gerekiyor.yan etkilerine bir göz atınca kötü hissettirmeyen bir yıkım olduğu düşünülebilir.asla bir uyuşturucu değil lafınıda en çok reçeteye procaz karalayan doktorlar kullanır...,eksisozluk
prozac,libido yu düşürdüğü ve antidepresan olduğu için öğrencilere sınav zamanı verilir (doktorlar tarafından) başta iştah kapar ve bu sebepten dolayı kilo verilebilir... ancak uzun vadede etkiler tarsine döner.. libido eskiden daha fazla olur (bkz:  duz duvara tirmanmak ) ve iştah açılır..,eksisozluk
prozac,(bkz:  prozac toplumu ),eksisozluk
prozac,"""sosyal endikasyon ve depresif hal"" teshisiyle eger depresyon durumunuz agır degilse günde tek doz kullanımının hayatınızı kurtardıgının farkına vardıgınızda doktora ettiginiz sesli ve sessiz küfürlerin tamamından utandıgınız, bırakmadan önce dozu yavas yavas azaltmanız gereken yoksa sizi daha kötü bir depresif hale sokacak olan, çogu zarar azı gercekten karar olan ilac..",eksisozluk
prozac,50 mg fluoksetin hidroklorür ün ilaç hallerinden biri diğerleri için bakınız (bkz:  fulsac ) (bkz:  depreks ),eksisozluk
prozac,yatistirici sakinle$tirici yasal uyu$turucu edit: külliyen yanlış olabilir bilgi sahibi değilim.,eksisozluk
prozac,mutlu olmanın kacınılmaz yolu...,eksisozluk
prozac,kullanmayi biraktiginda hayati zehir zemberek yapan ilac..,eksisozluk
prozac,"prozac mutsuz bir insani mutlu yapmaz, seretonin dengesi bozuk olmayan insanlarda da jelibom yese daha etkili olur. kümülatif etkili bir ilac olup derin depresyon hallerinde 3-6 ay boyunca kullanmak gerekir. sindirim sistemine acaip etkileri vardir maksimum yogunlukta aromalı osuruklara sebep olabilir...",eksisozluk
prozac,prozacın antidepresan olarak etkisini gösterebilmesi için bir süre düzenli olarak kullanmak gerekiyor.yan etkilerine bir göz atınca kötü hissettirmeyen bir yıkım olduğu düşünülebilir.asla bir uyuşturucu değil lafınıda en çok reçeteye procaz karalayan doktorlar kullanır...,eksisozluk
prozac,libido yu düşürdüğü ve antidepresan olduğu için öğrencilere sınav zamanı verilir (doktorlar tarafından) başta iştah kapar ve bu sebepten dolayı kilo verilebilir... ancak uzun vadede etkiler tarsine döner.. libido eskiden daha fazla olur (bkz:  duz duvara tirmanmak ) ve iştah açılır..,eksisozluk
prozac,(bkz:  prozac toplumu ),eksisozluk
prozac,"""sosyal endikasyon ve depresif hal"" teshisiyle eger depresyon durumunuz agır degilse günde tek doz kullanımının hayatınızı kurtardıgının farkına vardıgınızda doktora ettiginiz sesli ve sessiz küfürlerin tamamından utandıgınız, bırakmadan önce dozu yavas yavas azaltmanız gereken yoksa sizi daha kötü bir depresif hale sokacak olan, çogu zarar azı gercekten karar olan ilac..",eksisozluk
prozac,50 mg fluoksetin hidroklorür ün ilaç hallerinden biri diğerleri için bakınız (bkz:  fulsac ) (bkz:  depreks ),eksisozluk
prozac,yatistirici sakinle$tirici yasal uyu$turucu edit: külliyen yanlış olabilir bilgi sahibi değilim.,eksisozluk
prozac,mutlu olmanın kacınılmaz yolu...,eksisozluk
prozac,kullanmayi biraktiginda hayati zehir zemberek yapan ilac..,eksisozluk
prozac,"prozac mutsuz bir insani mutlu yapmaz, seretonin dengesi bozuk olmayan insanlarda da jelibom yese daha etkili olur. kümülatif etkili bir ilac olup derin depresyon hallerinde 3-6 ay boyunca kullanmak gerekir. sindirim sistemine acaip etkileri vardir maksimum yogunlukta aromalı osuruklara sebep olabilir...",eksisozluk
prozac,prozacın antidepresan olarak etkisini gösterebilmesi için bir süre düzenli olarak kullanmak gerekiyor.yan etkilerine bir göz atınca kötü hissettirmeyen bir yıkım olduğu düşünülebilir.asla bir uyuşturucu değil lafınıda en çok reçeteye procaz karalayan doktorlar kullanır...,eksisozluk
prozac,libido yu düşürdüğü ve antidepresan olduğu için öğrencilere sınav zamanı verilir (doktorlar tarafından) başta iştah kapar ve bu sebepten dolayı kilo verilebilir... ancak uzun vadede etkiler tarsine döner.. libido eskiden daha fazla olur (bkz:  duz duvara tirmanmak ) ve iştah açılır..,eksisozluk
prozac,(bkz:  prozac toplumu ),eksisozluk
prozac,"""sosyal endikasyon ve depresif hal"" teshisiyle eger depresyon durumunuz agır degilse günde tek doz kullanımının hayatınızı kurtardıgının farkına vardıgınızda doktora ettiginiz sesli ve sessiz küfürlerin tamamından utandıgınız, bırakmadan önce dozu yavas yavas azaltmanız gereken yoksa sizi daha kötü bir depresif hale sokacak olan, çogu zarar azı gercekten karar olan ilac..",eksisozluk
prozac,50 mg fluoksetin hidroklorür ün ilaç hallerinden biri diğerleri için bakınız (bkz:  fulsac ) (bkz:  depreks ),eksisozluk
prozac,yatistirici sakinle$tirici yasal uyu$turucu edit: külliyen yanlış olabilir bilgi sahibi değilim.,eksisozluk
prozac,mutlu olmanın kacınılmaz yolu...,eksisozluk
prozac,kullanmayi biraktiginda hayati zehir zemberek yapan ilac..,eksisozluk
prozac,"prozac mutsuz bir insani mutlu yapmaz, seretonin dengesi bozuk olmayan insanlarda da jelibom yese daha etkili olur. kümülatif etkili bir ilac olup derin depresyon hallerinde 3-6 ay boyunca kullanmak gerekir. sindirim sistemine acaip etkileri vardir maksimum yogunlukta aromalı osuruklara sebep olabilir...",eksisozluk
prozac,prozacın antidepresan olarak etkisini gösterebilmesi için bir süre düzenli olarak kullanmak gerekiyor.yan etkilerine bir göz atınca kötü hissettirmeyen bir yıkım olduğu düşünülebilir.asla bir uyuşturucu değil lafınıda en çok reçeteye procaz karalayan doktorlar kullanır...,eksisozluk
prozac,libido yu düşürdüğü ve antidepresan olduğu için öğrencilere sınav zamanı verilir (doktorlar tarafından) başta iştah kapar ve bu sebepten dolayı kilo verilebilir... ancak uzun vadede etkiler tarsine döner.. libido eskiden daha fazla olur (bkz:  duz duvara tirmanmak ) ve iştah açılır..,eksisozluk
prozac,(bkz:  prozac toplumu ),eksisozluk
prozac,"""sosyal endikasyon ve depresif hal"" teshisiyle eger depresyon durumunuz agır degilse günde tek doz kullanımının hayatınızı kurtardıgının farkına vardıgınızda doktora ettiginiz sesli ve sessiz küfürlerin tamamından utandıgınız, bırakmadan önce dozu yavas yavas azaltmanız gereken yoksa sizi daha kötü bir depresif hale sokacak olan, çogu zarar azı gercekten karar olan ilac..",eksisozluk
prozac,50 mg fluoksetin hidroklorür ün ilaç hallerinden biri diğerleri için bakınız (bkz:  fulsac ) (bkz:  depreks ),eksisozluk
prozac,yatistirici sakinle$tirici yasal uyu$turucu edit: külliyen yanlış olabilir bilgi sahibi değilim.,eksisozluk
prozac,mutlu olmanın kacınılmaz yolu...,eksisozluk
prozac,kullanmayi biraktiginda hayati zehir zemberek yapan ilac..,eksisozluk
prozac,"prozac mutsuz bir insani mutlu yapmaz, seretonin dengesi bozuk olmayan insanlarda da jelibom yese daha etkili olur. kümülatif etkili bir ilac olup derin depresyon hallerinde 3-6 ay boyunca kullanmak gerekir. sindirim sistemine acaip etkileri vardir maksimum yogunlukta aromalı osuruklara sebep olabilir...",eksisozluk
prozac,prozacın antidepresan olarak etkisini gösterebilmesi için bir süre düzenli olarak kullanmak gerekiyor.yan etkilerine bir göz atınca kötü hissettirmeyen bir yıkım olduğu düşünülebilir.asla bir uyuşturucu değil lafınıda en çok reçeteye procaz karalayan doktorlar kullanır...,eksisozluk
prozac,libido yu düşürdüğü ve antidepresan olduğu için öğrencilere sınav zamanı verilir (doktorlar tarafından) başta iştah kapar ve bu sebepten dolayı kilo verilebilir... ancak uzun vadede etkiler tarsine döner.. libido eskiden daha fazla olur (bkz:  duz duvara tirmanmak ) ve iştah açılır..,eksisozluk
prozac,(bkz:  prozac toplumu ),eksisozluk
prozac,"""sosyal endikasyon ve depresif hal"" teshisiyle eger depresyon durumunuz agır degilse günde tek doz kullanımının hayatınızı kurtardıgının farkına vardıgınızda doktora ettiginiz sesli ve sessiz küfürlerin tamamından utandıgınız, bırakmadan önce dozu yavas yavas azaltmanız gereken yoksa sizi daha kötü bir depresif hale sokacak olan, çogu zarar azı gercekten karar olan ilac..",eksisozluk
prozac,50 mg fluoksetin hidroklorür ün ilaç hallerinden biri diğerleri için bakınız (bkz:  fulsac ) (bkz:  depreks ),eksisozluk
sertralin,yaygın kullanılan bir antidepresan. (bkz:  lustral ) (bkz:  seralin ),eksisozluk
sertralin,"santralin  in yandan yemisi, daha bi beteri.",eksisozluk
sertralin,"ssrı (seçimli serotonin gerialım inhibitörü) sınıfı bir antidepresan. panik bozuklukta, panik atakların kontrol edilmesi ve engellenmesi hususunda çok yardımcıdır. * kullanıldığı diğer alanlar olan okb, sosyal fobi ve majör depresyon gibi rahatsızlıklarda ise ancak farklı desteklerle ciddi iyileşme sağlayabildiği gösterilmiştir. her antidepresan gibi ciddi bir şeydir. bir işe yaramıyor, yutun, 500lük yutun 1000lik yutun falan gibi şeylerle geleni ıslak hortumla dövüyorum.",eksisozluk
sertralin,hiç tanımadığı birine küfretmekten çekinmeyen yazar. http://i.hizliresim.com/9q8byr.png,eksisozluk
sertralin,"babannişkomun severek kullandığı uyku yapmadığını söylediği minik hapcık. 2 gün önce yüksek tansiyondan dolayı hastaneye kaldırdık o günden sonra içinde bir korku evham oluşmuş.yıllar önce verilen bu ilaca yeniden başladı.tabii bi hafta geçmeden etkisini gödtermiyor. tansiyon umrumda değil korkularım gitse keşke diye dua ediyor. evde yalnız kalamıyor aklına kötü şeyler geliyor. dün yalnız bırakmamak için tam yanına iniyordum ki kendisi beni aradı bana ayaktaş olur musun diye. bir de utangaç bir de masum ki sanırım utanma huyumu kendisinden almışım. kaç yıllık torunuyum hala çekinerek arar beni. biraz destek olmaya ve anlamaya çalıştım konuyu değiştirsem de sürekli hastalığı konuşmak istiyordu. korkunun içinde nasıl bir etki yaptığını öğrenmek istedim. içimden ılık ılık bir şeyler geçiyor, kollarım çıng çıng ediyor. bazen zıngır zıngır titriyor içim dedi. ilacın da etkisiyle ağızları kuruyor sürekli yalanıyordu tontişim. şimdi daha etkili ilaçları almak için almanya'daki doktorundan randevu aldı. ama önümüzdeki bi haftayı nasıl geçirecek, çok üzülüyorum nasıl hafifletebilir ki bu korkuyu. her şeyin bilincinde zamanında da bu hastalıklar başına gelmiş çok kez yaşamış o yüzden bilinçli ama yine de engel olamadığı bir korku bu.allah pskikolojik sorunları olan herkesin gönlünü ferah tutsun inşallah.",eksisozluk
sertralin,dönem aralığına bakın diş teli takan onbinler göreceksiniz,eksisozluk
sertralin,"etkinliğinin az olması gibi, yan etkileri de diğer antidepresanlardan daha azdır. bu yüzden yaşlılar da dahil olmak üzere, hastalara çok yaygın olarak reçete edilir. suisid için uygun değildir. gramlarca alındığı halde, bulantı ve ishal yapar. ama öldürmez. biraz da bu yönüyle yaygın olarak hastalara verilmektedir. yani suisid girişimi bakımından daha güvenlidir. ormanda derler ki: ""ancak ve ancak, kişiye sertralin dolu bir kamyon çarparsa kişi ölür""",eksisozluk
sertralin,yaygın kullanılan bir antidepresan. (bkz:  lustral ) (bkz:  seralin ),eksisozluk
sertralin,"santralin  in yandan yemisi, daha bi beteri.",eksisozluk
sertralin,"ssrı (seçimli serotonin gerialım inhibitörü) sınıfı bir antidepresan. panik bozuklukta, panik atakların kontrol edilmesi ve engellenmesi hususunda çok yardımcıdır. * kullanıldığı diğer alanlar olan okb, sosyal fobi ve majör depresyon gibi rahatsızlıklarda ise ancak farklı desteklerle ciddi iyileşme sağlayabildiği gösterilmiştir. her antidepresan gibi ciddi bir şeydir. bir işe yaramıyor, yutun, 500lük yutun 1000lik yutun falan gibi şeylerle geleni ıslak hortumla dövüyorum.",eksisozluk
sertralin,hiç tanımadığı birine küfretmekten çekinmeyen yazar. http://i.hizliresim.com/9q8byr.png,eksisozluk
sertralin,"babannişkomun severek kullandığı uyku yapmadığını söylediği minik hapcık. 2 gün önce yüksek tansiyondan dolayı hastaneye kaldırdık o günden sonra içinde bir korku evham oluşmuş.yıllar önce verilen bu ilaca yeniden başladı.tabii bi hafta geçmeden etkisini gödtermiyor. tansiyon umrumda değil korkularım gitse keşke diye dua ediyor. evde yalnız kalamıyor aklına kötü şeyler geliyor. dün yalnız bırakmamak için tam yanına iniyordum ki kendisi beni aradı bana ayaktaş olur musun diye. bir de utangaç bir de masum ki sanırım utanma huyumu kendisinden almışım. kaç yıllık torunuyum hala çekinerek arar beni. biraz destek olmaya ve anlamaya çalıştım konuyu değiştirsem de sürekli hastalığı konuşmak istiyordu. korkunun içinde nasıl bir etki yaptığını öğrenmek istedim. içimden ılık ılık bir şeyler geçiyor, kollarım çıng çıng ediyor. bazen zıngır zıngır titriyor içim dedi. ilacın da etkisiyle ağızları kuruyor sürekli yalanıyordu tontişim. şimdi daha etkili ilaçları almak için almanya'daki doktorundan randevu aldı. ama önümüzdeki bi haftayı nasıl geçirecek, çok üzülüyorum nasıl hafifletebilir ki bu korkuyu. her şeyin bilincinde zamanında da bu hastalıklar başına gelmiş çok kez yaşamış o yüzden bilinçli ama yine de engel olamadığı bir korku bu.allah pskikolojik sorunları olan herkesin gönlünü ferah tutsun inşallah.",eksisozluk
sertralin,dönem aralığına bakın diş teli takan onbinler göreceksiniz,eksisozluk
sertralin,"etkinliğinin az olması gibi, yan etkileri de diğer antidepresanlardan daha azdır. bu yüzden yaşlılar da dahil olmak üzere, hastalara çok yaygın olarak reçete edilir. suisid için uygun değildir. gramlarca alındığı halde, bulantı ve ishal yapar. ama öldürmez. biraz da bu yönüyle yaygın olarak hastalara verilmektedir. yani suisid girişimi bakımından daha güvenlidir. ormanda derler ki: ""ancak ve ancak, kişiye sertralin dolu bir kamyon çarparsa kişi ölür""",eksisozluk
sertralin,yaygın kullanılan bir antidepresan. (bkz:  lustral ) (bkz:  seralin ),eksisozluk
sertralin,"santralin  in yandan yemisi, daha bi beteri.",eksisozluk
sertralin,"ssrı (seçimli serotonin gerialım inhibitörü) sınıfı bir antidepresan. panik bozuklukta, panik atakların kontrol edilmesi ve engellenmesi hususunda çok yardımcıdır. * kullanıldığı diğer alanlar olan okb, sosyal fobi ve majör depresyon gibi rahatsızlıklarda ise ancak farklı desteklerle ciddi iyileşme sağlayabildiği gösterilmiştir. her antidepresan gibi ciddi bir şeydir. bir işe yaramıyor, yutun, 500lük yutun 1000lik yutun falan gibi şeylerle geleni ıslak hortumla dövüyorum.",eksisozluk
sertralin,hiç tanımadığı birine küfretmekten çekinmeyen yazar. http://i.hizliresim.com/9q8byr.png,eksisozluk
sertralin,"babannişkomun severek kullandığı uyku yapmadığını söylediği minik hapcık. 2 gün önce yüksek tansiyondan dolayı hastaneye kaldırdık o günden sonra içinde bir korku evham oluşmuş.yıllar önce verilen bu ilaca yeniden başladı.tabii bi hafta geçmeden etkisini gödtermiyor. tansiyon umrumda değil korkularım gitse keşke diye dua ediyor. evde yalnız kalamıyor aklına kötü şeyler geliyor. dün yalnız bırakmamak için tam yanına iniyordum ki kendisi beni aradı bana ayaktaş olur musun diye. bir de utangaç bir de masum ki sanırım utanma huyumu kendisinden almışım. kaç yıllık torunuyum hala çekinerek arar beni. biraz destek olmaya ve anlamaya çalıştım konuyu değiştirsem de sürekli hastalığı konuşmak istiyordu. korkunun içinde nasıl bir etki yaptığını öğrenmek istedim. içimden ılık ılık bir şeyler geçiyor, kollarım çıng çıng ediyor. bazen zıngır zıngır titriyor içim dedi. ilacın da etkisiyle ağızları kuruyor sürekli yalanıyordu tontişim. şimdi daha etkili ilaçları almak için almanya'daki doktorundan randevu aldı. ama önümüzdeki bi haftayı nasıl geçirecek, çok üzülüyorum nasıl hafifletebilir ki bu korkuyu. her şeyin bilincinde zamanında da bu hastalıklar başına gelmiş çok kez yaşamış o yüzden bilinçli ama yine de engel olamadığı bir korku bu.allah pskikolojik sorunları olan herkesin gönlünü ferah tutsun inşallah.",eksisozluk
sertralin,dönem aralığına bakın diş teli takan onbinler göreceksiniz,eksisozluk
sertralin,"etkinliğinin az olması gibi, yan etkileri de diğer antidepresanlardan daha azdır. bu yüzden yaşlılar da dahil olmak üzere, hastalara çok yaygın olarak reçete edilir. suisid için uygun değildir. gramlarca alındığı halde, bulantı ve ishal yapar. ama öldürmez. biraz da bu yönüyle yaygın olarak hastalara verilmektedir. yani suisid girişimi bakımından daha güvenlidir. ormanda derler ki: ""ancak ve ancak, kişiye sertralin dolu bir kamyon çarparsa kişi ölür""",eksisozluk
sertralin,yaygın kullanılan bir antidepresan. (bkz:  lustral ) (bkz:  seralin ),eksisozluk
sertralin,"santralin  in yandan yemisi, daha bi beteri.",eksisozluk
sertralin,"ssrı (seçimli serotonin gerialım inhibitörü) sınıfı bir antidepresan. panik bozuklukta, panik atakların kontrol edilmesi ve engellenmesi hususunda çok yardımcıdır. * kullanıldığı diğer alanlar olan okb, sosyal fobi ve majör depresyon gibi rahatsızlıklarda ise ancak farklı desteklerle ciddi iyileşme sağlayabildiği gösterilmiştir. her antidepresan gibi ciddi bir şeydir. bir işe yaramıyor, yutun, 500lük yutun 1000lik yutun falan gibi şeylerle geleni ıslak hortumla dövüyorum.",eksisozluk
sertralin,hiç tanımadığı birine küfretmekten çekinmeyen yazar. http://i.hizliresim.com/9q8byr.png,eksisozluk
sertralin,"babannişkomun severek kullandığı uyku yapmadığını söylediği minik hapcık. 2 gün önce yüksek tansiyondan dolayı hastaneye kaldırdık o günden sonra içinde bir korku evham oluşmuş.yıllar önce verilen bu ilaca yeniden başladı.tabii bi hafta geçmeden etkisini gödtermiyor. tansiyon umrumda değil korkularım gitse keşke diye dua ediyor. evde yalnız kalamıyor aklına kötü şeyler geliyor. dün yalnız bırakmamak için tam yanına iniyordum ki kendisi beni aradı bana ayaktaş olur musun diye. bir de utangaç bir de masum ki sanırım utanma huyumu kendisinden almışım. kaç yıllık torunuyum hala çekinerek arar beni. biraz destek olmaya ve anlamaya çalıştım konuyu değiştirsem de sürekli hastalığı konuşmak istiyordu. korkunun içinde nasıl bir etki yaptığını öğrenmek istedim. içimden ılık ılık bir şeyler geçiyor, kollarım çıng çıng ediyor. bazen zıngır zıngır titriyor içim dedi. ilacın da etkisiyle ağızları kuruyor sürekli yalanıyordu tontişim. şimdi daha etkili ilaçları almak için almanya'daki doktorundan randevu aldı. ama önümüzdeki bi haftayı nasıl geçirecek, çok üzülüyorum nasıl hafifletebilir ki bu korkuyu. her şeyin bilincinde zamanında da bu hastalıklar başına gelmiş çok kez yaşamış o yüzden bilinçli ama yine de engel olamadığı bir korku bu.allah pskikolojik sorunları olan herkesin gönlünü ferah tutsun inşallah.",eksisozluk
sertralin,dönem aralığına bakın diş teli takan onbinler göreceksiniz,eksisozluk
sertralin,"etkinliğinin az olması gibi, yan etkileri de diğer antidepresanlardan daha azdır. bu yüzden yaşlılar da dahil olmak üzere, hastalara çok yaygın olarak reçete edilir. suisid için uygun değildir. gramlarca alındığı halde, bulantı ve ishal yapar. ama öldürmez. biraz da bu yönüyle yaygın olarak hastalara verilmektedir. yani suisid girişimi bakımından daha güvenlidir. ormanda derler ki: ""ancak ve ancak, kişiye sertralin dolu bir kamyon çarparsa kişi ölür""",eksisozluk
sertralin,yaygın kullanılan bir antidepresan. (bkz:  lustral ) (bkz:  seralin ),eksisozluk
sertralin,"santralin  in yandan yemisi, daha bi beteri.",eksisozluk
sertralin,"ssrı (seçimli serotonin gerialım inhibitörü) sınıfı bir antidepresan. panik bozuklukta, panik atakların kontrol edilmesi ve engellenmesi hususunda çok yardımcıdır. * kullanıldığı diğer alanlar olan okb, sosyal fobi ve majör depresyon gibi rahatsızlıklarda ise ancak farklı desteklerle ciddi iyileşme sağlayabildiği gösterilmiştir. her antidepresan gibi ciddi bir şeydir. bir işe yaramıyor, yutun, 500lük yutun 1000lik yutun falan gibi şeylerle geleni ıslak hortumla dövüyorum.",eksisozluk
sertralin,hiç tanımadığı birine küfretmekten çekinmeyen yazar. http://i.hizliresim.com/9q8byr.png,eksisozluk
sertralin,"babannişkomun severek kullandığı uyku yapmadığını söylediği minik hapcık. 2 gün önce yüksek tansiyondan dolayı hastaneye kaldırdık o günden sonra içinde bir korku evham oluşmuş.yıllar önce verilen bu ilaca yeniden başladı.tabii bi hafta geçmeden etkisini gödtermiyor. tansiyon umrumda değil korkularım gitse keşke diye dua ediyor. evde yalnız kalamıyor aklına kötü şeyler geliyor. dün yalnız bırakmamak için tam yanına iniyordum ki kendisi beni aradı bana ayaktaş olur musun diye. bir de utangaç bir de masum ki sanırım utanma huyumu kendisinden almışım. kaç yıllık torunuyum hala çekinerek arar beni. biraz destek olmaya ve anlamaya çalıştım konuyu değiştirsem de sürekli hastalığı konuşmak istiyordu. korkunun içinde nasıl bir etki yaptığını öğrenmek istedim. içimden ılık ılık bir şeyler geçiyor, kollarım çıng çıng ediyor. bazen zıngır zıngır titriyor içim dedi. ilacın da etkisiyle ağızları kuruyor sürekli yalanıyordu tontişim. şimdi daha etkili ilaçları almak için almanya'daki doktorundan randevu aldı. ama önümüzdeki bi haftayı nasıl geçirecek, çok üzülüyorum nasıl hafifletebilir ki bu korkuyu. her şeyin bilincinde zamanında da bu hastalıklar başına gelmiş çok kez yaşamış o yüzden bilinçli ama yine de engel olamadığı bir korku bu.allah pskikolojik sorunları olan herkesin gönlünü ferah tutsun inşallah.",eksisozluk
sertralin,dönem aralığına bakın diş teli takan onbinler göreceksiniz,eksisozluk
sertralin,"etkinliğinin az olması gibi, yan etkileri de diğer antidepresanlardan daha azdır. bu yüzden yaşlılar da dahil olmak üzere, hastalara çok yaygın olarak reçete edilir. suisid için uygun değildir. gramlarca alındığı halde, bulantı ve ishal yapar. ama öldürmez. biraz da bu yönüyle yaygın olarak hastalara verilmektedir. yani suisid girişimi bakımından daha güvenlidir. ormanda derler ki: ""ancak ve ancak, kişiye sertralin dolu bir kamyon çarparsa kişi ölür""",eksisozluk
sertralin,yaygın kullanılan bir antidepresan. (bkz:  lustral ) (bkz:  seralin ),eksisozluk
sertralin,"santralin  in yandan yemisi, daha bi beteri.",eksisozluk
sertralin,"ssrı (seçimli serotonin gerialım inhibitörü) sınıfı bir antidepresan. panik bozuklukta, panik atakların kontrol edilmesi ve engellenmesi hususunda çok yardımcıdır. * kullanıldığı diğer alanlar olan okb, sosyal fobi ve majör depresyon gibi rahatsızlıklarda ise ancak farklı desteklerle ciddi iyileşme sağlayabildiği gösterilmiştir. her antidepresan gibi ciddi bir şeydir. bir işe yaramıyor, yutun, 500lük yutun 1000lik yutun falan gibi şeylerle geleni ıslak hortumla dövüyorum.",eksisozluk
sertralin,hiç tanımadığı birine küfretmekten çekinmeyen yazar. http://i.hizliresim.com/9q8byr.png,eksisozluk
sertralin,"babannişkomun severek kullandığı uyku yapmadığını söylediği minik hapcık. 2 gün önce yüksek tansiyondan dolayı hastaneye kaldırdık o günden sonra içinde bir korku evham oluşmuş.yıllar önce verilen bu ilaca yeniden başladı.tabii bi hafta geçmeden etkisini gödtermiyor. tansiyon umrumda değil korkularım gitse keşke diye dua ediyor. evde yalnız kalamıyor aklına kötü şeyler geliyor. dün yalnız bırakmamak için tam yanına iniyordum ki kendisi beni aradı bana ayaktaş olur musun diye. bir de utangaç bir de masum ki sanırım utanma huyumu kendisinden almışım. kaç yıllık torunuyum hala çekinerek arar beni. biraz destek olmaya ve anlamaya çalıştım konuyu değiştirsem de sürekli hastalığı konuşmak istiyordu. korkunun içinde nasıl bir etki yaptığını öğrenmek istedim. içimden ılık ılık bir şeyler geçiyor, kollarım çıng çıng ediyor. bazen zıngır zıngır titriyor içim dedi. ilacın da etkisiyle ağızları kuruyor sürekli yalanıyordu tontişim. şimdi daha etkili ilaçları almak için almanya'daki doktorundan randevu aldı. ama önümüzdeki bi haftayı nasıl geçirecek, çok üzülüyorum nasıl hafifletebilir ki bu korkuyu. her şeyin bilincinde zamanında da bu hastalıklar başına gelmiş çok kez yaşamış o yüzden bilinçli ama yine de engel olamadığı bir korku bu.allah pskikolojik sorunları olan herkesin gönlünü ferah tutsun inşallah.",eksisozluk
sertralin,dönem aralığına bakın diş teli takan onbinler göreceksiniz,eksisozluk
sertralin,"etkinliğinin az olması gibi, yan etkileri de diğer antidepresanlardan daha azdır. bu yüzden yaşlılar da dahil olmak üzere, hastalara çok yaygın olarak reçete edilir. suisid için uygun değildir. gramlarca alındığı halde, bulantı ve ishal yapar. ama öldürmez. biraz da bu yönüyle yaygın olarak hastalara verilmektedir. yani suisid girişimi bakımından daha güvenlidir. ormanda derler ki: ""ancak ve ancak, kişiye sertralin dolu bir kamyon çarparsa kişi ölür""",eksisozluk
sertralin,yaygın kullanılan bir antidepresan. (bkz:  lustral ) (bkz:  seralin ),eksisozluk
sertralin,"santralin  in yandan yemisi, daha bi beteri.",eksisozluk
sertralin,"ssrı (seçimli serotonin gerialım inhibitörü) sınıfı bir antidepresan. panik bozuklukta, panik atakların kontrol edilmesi ve engellenmesi hususunda çok yardımcıdır. * kullanıldığı diğer alanlar olan okb, sosyal fobi ve majör depresyon gibi rahatsızlıklarda ise ancak farklı desteklerle ciddi iyileşme sağlayabildiği gösterilmiştir. her antidepresan gibi ciddi bir şeydir. bir işe yaramıyor, yutun, 500lük yutun 1000lik yutun falan gibi şeylerle geleni ıslak hortumla dövüyorum.",eksisozluk
sertralin,hiç tanımadığı birine küfretmekten çekinmeyen yazar. http://i.hizliresim.com/9q8byr.png,eksisozluk
sertralin,"babannişkomun severek kullandığı uyku yapmadığını söylediği minik hapcık. 2 gün önce yüksek tansiyondan dolayı hastaneye kaldırdık o günden sonra içinde bir korku evham oluşmuş.yıllar önce verilen bu ilaca yeniden başladı.tabii bi hafta geçmeden etkisini gödtermiyor. tansiyon umrumda değil korkularım gitse keşke diye dua ediyor. evde yalnız kalamıyor aklına kötü şeyler geliyor. dün yalnız bırakmamak için tam yanına iniyordum ki kendisi beni aradı bana ayaktaş olur musun diye. bir de utangaç bir de masum ki sanırım utanma huyumu kendisinden almışım. kaç yıllık torunuyum hala çekinerek arar beni. biraz destek olmaya ve anlamaya çalıştım konuyu değiştirsem de sürekli hastalığı konuşmak istiyordu. korkunun içinde nasıl bir etki yaptığını öğrenmek istedim. içimden ılık ılık bir şeyler geçiyor, kollarım çıng çıng ediyor. bazen zıngır zıngır titriyor içim dedi. ilacın da etkisiyle ağızları kuruyor sürekli yalanıyordu tontişim. şimdi daha etkili ilaçları almak için almanya'daki doktorundan randevu aldı. ama önümüzdeki bi haftayı nasıl geçirecek, çok üzülüyorum nasıl hafifletebilir ki bu korkuyu. her şeyin bilincinde zamanında da bu hastalıklar başına gelmiş çok kez yaşamış o yüzden bilinçli ama yine de engel olamadığı bir korku bu.allah pskikolojik sorunları olan herkesin gönlünü ferah tutsun inşallah.",eksisozluk
sertralin,dönem aralığına bakın diş teli takan onbinler göreceksiniz,eksisozluk
sertralin,"etkinliğinin az olması gibi, yan etkileri de diğer antidepresanlardan daha azdır. bu yüzden yaşlılar da dahil olmak üzere, hastalara çok yaygın olarak reçete edilir. suisid için uygun değildir. gramlarca alındığı halde, bulantı ve ishal yapar. ama öldürmez. biraz da bu yönüyle yaygın olarak hastalara verilmektedir. yani suisid girişimi bakımından daha güvenlidir. ormanda derler ki: ""ancak ve ancak, kişiye sertralin dolu bir kamyon çarparsa kişi ölür""",eksisozluk
sertralin,yaygın kullanılan bir antidepresan. (bkz:  lustral ) (bkz:  seralin ),eksisozluk
sertralin,"santralin  in yandan yemisi, daha bi beteri.",eksisozluk
sertralin,"ssrı (seçimli serotonin gerialım inhibitörü) sınıfı bir antidepresan. panik bozuklukta, panik atakların kontrol edilmesi ve engellenmesi hususunda çok yardımcıdır. * kullanıldığı diğer alanlar olan okb, sosyal fobi ve majör depresyon gibi rahatsızlıklarda ise ancak farklı desteklerle ciddi iyileşme sağlayabildiği gösterilmiştir. her antidepresan gibi ciddi bir şeydir. bir işe yaramıyor, yutun, 500lük yutun 1000lik yutun falan gibi şeylerle geleni ıslak hortumla dövüyorum.",eksisozluk
sertralin,hiç tanımadığı birine küfretmekten çekinmeyen yazar. http://i.hizliresim.com/9q8byr.png,eksisozluk
sertralin,"babannişkomun severek kullandığı uyku yapmadığını söylediği minik hapcık. 2 gün önce yüksek tansiyondan dolayı hastaneye kaldırdık o günden sonra içinde bir korku evham oluşmuş.yıllar önce verilen bu ilaca yeniden başladı.tabii bi hafta geçmeden etkisini gödtermiyor. tansiyon umrumda değil korkularım gitse keşke diye dua ediyor. evde yalnız kalamıyor aklına kötü şeyler geliyor. dün yalnız bırakmamak için tam yanına iniyordum ki kendisi beni aradı bana ayaktaş olur musun diye. bir de utangaç bir de masum ki sanırım utanma huyumu kendisinden almışım. kaç yıllık torunuyum hala çekinerek arar beni. biraz destek olmaya ve anlamaya çalıştım konuyu değiştirsem de sürekli hastalığı konuşmak istiyordu. korkunun içinde nasıl bir etki yaptığını öğrenmek istedim. içimden ılık ılık bir şeyler geçiyor, kollarım çıng çıng ediyor. bazen zıngır zıngır titriyor içim dedi. ilacın da etkisiyle ağızları kuruyor sürekli yalanıyordu tontişim. şimdi daha etkili ilaçları almak için almanya'daki doktorundan randevu aldı. ama önümüzdeki bi haftayı nasıl geçirecek, çok üzülüyorum nasıl hafifletebilir ki bu korkuyu. her şeyin bilincinde zamanında da bu hastalıklar başına gelmiş çok kez yaşamış o yüzden bilinçli ama yine de engel olamadığı bir korku bu.allah pskikolojik sorunları olan herkesin gönlünü ferah tutsun inşallah.",eksisozluk
sertralin,dönem aralığına bakın diş teli takan onbinler göreceksiniz,eksisozluk
sertralin,"etkinliğinin az olması gibi, yan etkileri de diğer antidepresanlardan daha azdır. bu yüzden yaşlılar da dahil olmak üzere, hastalara çok yaygın olarak reçete edilir. suisid için uygun değildir. gramlarca alındığı halde, bulantı ve ishal yapar. ama öldürmez. biraz da bu yönüyle yaygın olarak hastalara verilmektedir. yani suisid girişimi bakımından daha güvenlidir. ormanda derler ki: ""ancak ve ancak, kişiye sertralin dolu bir kamyon çarparsa kişi ölür""",eksisozluk
sertralin,yaygın kullanılan bir antidepresan. (bkz:  lustral ) (bkz:  seralin ),eksisozluk
sertralin,"santralin  in yandan yemisi, daha bi beteri.",eksisozluk
sertralin,"ssrı (seçimli serotonin gerialım inhibitörü) sınıfı bir antidepresan. panik bozuklukta, panik atakların kontrol edilmesi ve engellenmesi hususunda çok yardımcıdır. * kullanıldığı diğer alanlar olan okb, sosyal fobi ve majör depresyon gibi rahatsızlıklarda ise ancak farklı desteklerle ciddi iyileşme sağlayabildiği gösterilmiştir. her antidepresan gibi ciddi bir şeydir. bir işe yaramıyor, yutun, 500lük yutun 1000lik yutun falan gibi şeylerle geleni ıslak hortumla dövüyorum.",eksisozluk
sertralin,hiç tanımadığı birine küfretmekten çekinmeyen yazar. http://i.hizliresim.com/9q8byr.png,eksisozluk
sertralin,"babannişkomun severek kullandığı uyku yapmadığını söylediği minik hapcık. 2 gün önce yüksek tansiyondan dolayı hastaneye kaldırdık o günden sonra içinde bir korku evham oluşmuş.yıllar önce verilen bu ilaca yeniden başladı.tabii bi hafta geçmeden etkisini gödtermiyor. tansiyon umrumda değil korkularım gitse keşke diye dua ediyor. evde yalnız kalamıyor aklına kötü şeyler geliyor. dün yalnız bırakmamak için tam yanına iniyordum ki kendisi beni aradı bana ayaktaş olur musun diye. bir de utangaç bir de masum ki sanırım utanma huyumu kendisinden almışım. kaç yıllık torunuyum hala çekinerek arar beni. biraz destek olmaya ve anlamaya çalıştım konuyu değiştirsem de sürekli hastalığı konuşmak istiyordu. korkunun içinde nasıl bir etki yaptığını öğrenmek istedim. içimden ılık ılık bir şeyler geçiyor, kollarım çıng çıng ediyor. bazen zıngır zıngır titriyor içim dedi. ilacın da etkisiyle ağızları kuruyor sürekli yalanıyordu tontişim. şimdi daha etkili ilaçları almak için almanya'daki doktorundan randevu aldı. ama önümüzdeki bi haftayı nasıl geçirecek, çok üzülüyorum nasıl hafifletebilir ki bu korkuyu. her şeyin bilincinde zamanında da bu hastalıklar başına gelmiş çok kez yaşamış o yüzden bilinçli ama yine de engel olamadığı bir korku bu.allah pskikolojik sorunları olan herkesin gönlünü ferah tutsun inşallah.",eksisozluk
sertralin,dönem aralığına bakın diş teli takan onbinler göreceksiniz,eksisozluk
sertralin,"etkinliğinin az olması gibi, yan etkileri de diğer antidepresanlardan daha azdır. bu yüzden yaşlılar da dahil olmak üzere, hastalara çok yaygın olarak reçete edilir. suisid için uygun değildir. gramlarca alındığı halde, bulantı ve ishal yapar. ama öldürmez. biraz da bu yönüyle yaygın olarak hastalara verilmektedir. yani suisid girişimi bakımından daha güvenlidir. ormanda derler ki: ""ancak ve ancak, kişiye sertralin dolu bir kamyon çarparsa kişi ölür""",eksisozluk
sertralin,yaygın kullanılan bir antidepresan. (bkz:  lustral ) (bkz:  seralin ),eksisozluk
sertralin,"santralin  in yandan yemisi, daha bi beteri.",eksisozluk
sertralin,"ssrı (seçimli serotonin gerialım inhibitörü) sınıfı bir antidepresan. panik bozuklukta, panik atakların kontrol edilmesi ve engellenmesi hususunda çok yardımcıdır. * kullanıldığı diğer alanlar olan okb, sosyal fobi ve majör depresyon gibi rahatsızlıklarda ise ancak farklı desteklerle ciddi iyileşme sağlayabildiği gösterilmiştir. her antidepresan gibi ciddi bir şeydir. bir işe yaramıyor, yutun, 500lük yutun 1000lik yutun falan gibi şeylerle geleni ıslak hortumla dövüyorum.",eksisozluk
sertralin,hiç tanımadığı birine küfretmekten çekinmeyen yazar. http://i.hizliresim.com/9q8byr.png,eksisozluk
sertralin,"babannişkomun severek kullandığı uyku yapmadığını söylediği minik hapcık. 2 gün önce yüksek tansiyondan dolayı hastaneye kaldırdık o günden sonra içinde bir korku evham oluşmuş.yıllar önce verilen bu ilaca yeniden başladı.tabii bi hafta geçmeden etkisini gödtermiyor. tansiyon umrumda değil korkularım gitse keşke diye dua ediyor. evde yalnız kalamıyor aklına kötü şeyler geliyor. dün yalnız bırakmamak için tam yanına iniyordum ki kendisi beni aradı bana ayaktaş olur musun diye. bir de utangaç bir de masum ki sanırım utanma huyumu kendisinden almışım. kaç yıllık torunuyum hala çekinerek arar beni. biraz destek olmaya ve anlamaya çalıştım konuyu değiştirsem de sürekli hastalığı konuşmak istiyordu. korkunun içinde nasıl bir etki yaptığını öğrenmek istedim. içimden ılık ılık bir şeyler geçiyor, kollarım çıng çıng ediyor. bazen zıngır zıngır titriyor içim dedi. ilacın da etkisiyle ağızları kuruyor sürekli yalanıyordu tontişim. şimdi daha etkili ilaçları almak için almanya'daki doktorundan randevu aldı. ama önümüzdeki bi haftayı nasıl geçirecek, çok üzülüyorum nasıl hafifletebilir ki bu korkuyu. her şeyin bilincinde zamanında da bu hastalıklar başına gelmiş çok kez yaşamış o yüzden bilinçli ama yine de engel olamadığı bir korku bu.allah pskikolojik sorunları olan herkesin gönlünü ferah tutsun inşallah.",eksisozluk
sertralin,dönem aralığına bakın diş teli takan onbinler göreceksiniz,eksisozluk
sertralin,"etkinliğinin az olması gibi, yan etkileri de diğer antidepresanlardan daha azdır. bu yüzden yaşlılar da dahil olmak üzere, hastalara çok yaygın olarak reçete edilir. suisid için uygun değildir. gramlarca alındığı halde, bulantı ve ishal yapar. ama öldürmez. biraz da bu yönüyle yaygın olarak hastalara verilmektedir. yani suisid girişimi bakımından daha güvenlidir. ormanda derler ki: ""ancak ve ancak, kişiye sertralin dolu bir kamyon çarparsa kişi ölür""",eksisozluk
sertralin,yaygın kullanılan bir antidepresan. (bkz:  lustral ) (bkz:  seralin ),eksisozluk
sertralin,"santralin  in yandan yemisi, daha bi beteri.",eksisozluk
sertralin,"ssrı (seçimli serotonin gerialım inhibitörü) sınıfı bir antidepresan. panik bozuklukta, panik atakların kontrol edilmesi ve engellenmesi hususunda çok yardımcıdır. * kullanıldığı diğer alanlar olan okb, sosyal fobi ve majör depresyon gibi rahatsızlıklarda ise ancak farklı desteklerle ciddi iyileşme sağlayabildiği gösterilmiştir. her antidepresan gibi ciddi bir şeydir. bir işe yaramıyor, yutun, 500lük yutun 1000lik yutun falan gibi şeylerle geleni ıslak hortumla dövüyorum.",eksisozluk
sertralin,hiç tanımadığı birine küfretmekten çekinmeyen yazar. http://i.hizliresim.com/9q8byr.png,eksisozluk
sertralin,"babannişkomun severek kullandığı uyku yapmadığını söylediği minik hapcık. 2 gün önce yüksek tansiyondan dolayı hastaneye kaldırdık o günden sonra içinde bir korku evham oluşmuş.yıllar önce verilen bu ilaca yeniden başladı.tabii bi hafta geçmeden etkisini gödtermiyor. tansiyon umrumda değil korkularım gitse keşke diye dua ediyor. evde yalnız kalamıyor aklına kötü şeyler geliyor. dün yalnız bırakmamak için tam yanına iniyordum ki kendisi beni aradı bana ayaktaş olur musun diye. bir de utangaç bir de masum ki sanırım utanma huyumu kendisinden almışım. kaç yıllık torunuyum hala çekinerek arar beni. biraz destek olmaya ve anlamaya çalıştım konuyu değiştirsem de sürekli hastalığı konuşmak istiyordu. korkunun içinde nasıl bir etki yaptığını öğrenmek istedim. içimden ılık ılık bir şeyler geçiyor, kollarım çıng çıng ediyor. bazen zıngır zıngır titriyor içim dedi. ilacın da etkisiyle ağızları kuruyor sürekli yalanıyordu tontişim. şimdi daha etkili ilaçları almak için almanya'daki doktorundan randevu aldı. ama önümüzdeki bi haftayı nasıl geçirecek, çok üzülüyorum nasıl hafifletebilir ki bu korkuyu. her şeyin bilincinde zamanında da bu hastalıklar başına gelmiş çok kez yaşamış o yüzden bilinçli ama yine de engel olamadığı bir korku bu.allah pskikolojik sorunları olan herkesin gönlünü ferah tutsun inşallah.",eksisozluk
sertralin,dönem aralığına bakın diş teli takan onbinler göreceksiniz,eksisozluk
sertralin,"etkinliğinin az olması gibi, yan etkileri de diğer antidepresanlardan daha azdır. bu yüzden yaşlılar da dahil olmak üzere, hastalara çok yaygın olarak reçete edilir. suisid için uygun değildir. gramlarca alındığı halde, bulantı ve ishal yapar. ama öldürmez. biraz da bu yönüyle yaygın olarak hastalara verilmektedir. yani suisid girişimi bakımından daha güvenlidir. ormanda derler ki: ""ancak ve ancak, kişiye sertralin dolu bir kamyon çarparsa kişi ölür""",eksisozluk
sertralin,yaygın kullanılan bir antidepresan. (bkz:  lustral ) (bkz:  seralin ),eksisozluk
sertralin,"santralin  in yandan yemisi, daha bi beteri.",eksisozluk
sertralin,"ssrı (seçimli serotonin gerialım inhibitörü) sınıfı bir antidepresan. panik bozuklukta, panik atakların kontrol edilmesi ve engellenmesi hususunda çok yardımcıdır. * kullanıldığı diğer alanlar olan okb, sosyal fobi ve majör depresyon gibi rahatsızlıklarda ise ancak farklı desteklerle ciddi iyileşme sağlayabildiği gösterilmiştir. her antidepresan gibi ciddi bir şeydir. bir işe yaramıyor, yutun, 500lük yutun 1000lik yutun falan gibi şeylerle geleni ıslak hortumla dövüyorum.",eksisozluk
sertralin,hiç tanımadığı birine küfretmekten çekinmeyen yazar. http://i.hizliresim.com/9q8byr.png,eksisozluk
sertralin,"babannişkomun severek kullandığı uyku yapmadığını söylediği minik hapcık. 2 gün önce yüksek tansiyondan dolayı hastaneye kaldırdık o günden sonra içinde bir korku evham oluşmuş.yıllar önce verilen bu ilaca yeniden başladı.tabii bi hafta geçmeden etkisini gödtermiyor. tansiyon umrumda değil korkularım gitse keşke diye dua ediyor. evde yalnız kalamıyor aklına kötü şeyler geliyor. dün yalnız bırakmamak için tam yanına iniyordum ki kendisi beni aradı bana ayaktaş olur musun diye. bir de utangaç bir de masum ki sanırım utanma huyumu kendisinden almışım. kaç yıllık torunuyum hala çekinerek arar beni. biraz destek olmaya ve anlamaya çalıştım konuyu değiştirsem de sürekli hastalığı konuşmak istiyordu. korkunun içinde nasıl bir etki yaptığını öğrenmek istedim. içimden ılık ılık bir şeyler geçiyor, kollarım çıng çıng ediyor. bazen zıngır zıngır titriyor içim dedi. ilacın da etkisiyle ağızları kuruyor sürekli yalanıyordu tontişim. şimdi daha etkili ilaçları almak için almanya'daki doktorundan randevu aldı. ama önümüzdeki bi haftayı nasıl geçirecek, çok üzülüyorum nasıl hafifletebilir ki bu korkuyu. her şeyin bilincinde zamanında da bu hastalıklar başına gelmiş çok kez yaşamış o yüzden bilinçli ama yine de engel olamadığı bir korku bu.allah pskikolojik sorunları olan herkesin gönlünü ferah tutsun inşallah.",eksisozluk
sertralin,dönem aralığına bakın diş teli takan onbinler göreceksiniz,eksisozluk
sertralin,"etkinliğinin az olması gibi, yan etkileri de diğer antidepresanlardan daha azdır. bu yüzden yaşlılar da dahil olmak üzere, hastalara çok yaygın olarak reçete edilir. suisid için uygun değildir. gramlarca alındığı halde, bulantı ve ishal yapar. ama öldürmez. biraz da bu yönüyle yaygın olarak hastalara verilmektedir. yani suisid girişimi bakımından daha güvenlidir. ormanda derler ki: ""ancak ve ancak, kişiye sertralin dolu bir kamyon çarparsa kişi ölür""",eksisozluk
sertralin,yaygın kullanılan bir antidepresan. (bkz:  lustral ) (bkz:  seralin ),eksisozluk
sertralin,"santralin  in yandan yemisi, daha bi beteri.",eksisozluk
sertralin,"ssrı (seçimli serotonin gerialım inhibitörü) sınıfı bir antidepresan. panik bozuklukta, panik atakların kontrol edilmesi ve engellenmesi hususunda çok yardımcıdır. * kullanıldığı diğer alanlar olan okb, sosyal fobi ve majör depresyon gibi rahatsızlıklarda ise ancak farklı desteklerle ciddi iyileşme sağlayabildiği gösterilmiştir. her antidepresan gibi ciddi bir şeydir. bir işe yaramıyor, yutun, 500lük yutun 1000lik yutun falan gibi şeylerle geleni ıslak hortumla dövüyorum.",eksisozluk
sertralin,hiç tanımadığı birine küfretmekten çekinmeyen yazar. http://i.hizliresim.com/9q8byr.png,eksisozluk
sertralin,"babannişkomun severek kullandığı uyku yapmadığını söylediği minik hapcık. 2 gün önce yüksek tansiyondan dolayı hastaneye kaldırdık o günden sonra içinde bir korku evham oluşmuş.yıllar önce verilen bu ilaca yeniden başladı.tabii bi hafta geçmeden etkisini gödtermiyor. tansiyon umrumda değil korkularım gitse keşke diye dua ediyor. evde yalnız kalamıyor aklına kötü şeyler geliyor. dün yalnız bırakmamak için tam yanına iniyordum ki kendisi beni aradı bana ayaktaş olur musun diye. bir de utangaç bir de masum ki sanırım utanma huyumu kendisinden almışım. kaç yıllık torunuyum hala çekinerek arar beni. biraz destek olmaya ve anlamaya çalıştım konuyu değiştirsem de sürekli hastalığı konuşmak istiyordu. korkunun içinde nasıl bir etki yaptığını öğrenmek istedim. içimden ılık ılık bir şeyler geçiyor, kollarım çıng çıng ediyor. bazen zıngır zıngır titriyor içim dedi. ilacın da etkisiyle ağızları kuruyor sürekli yalanıyordu tontişim. şimdi daha etkili ilaçları almak için almanya'daki doktorundan randevu aldı. ama önümüzdeki bi haftayı nasıl geçirecek, çok üzülüyorum nasıl hafifletebilir ki bu korkuyu. her şeyin bilincinde zamanında da bu hastalıklar başına gelmiş çok kez yaşamış o yüzden bilinçli ama yine de engel olamadığı bir korku bu.allah pskikolojik sorunları olan herkesin gönlünü ferah tutsun inşallah.",eksisozluk
sertralin,dönem aralığına bakın diş teli takan onbinler göreceksiniz,eksisozluk
sertralin,"etkinliğinin az olması gibi, yan etkileri de diğer antidepresanlardan daha azdır. bu yüzden yaşlılar da dahil olmak üzere, hastalara çok yaygın olarak reçete edilir. suisid için uygun değildir. gramlarca alındığı halde, bulantı ve ishal yapar. ama öldürmez. biraz da bu yönüyle yaygın olarak hastalara verilmektedir. yani suisid girişimi bakımından daha güvenlidir. ormanda derler ki: ""ancak ve ancak, kişiye sertralin dolu bir kamyon çarparsa kişi ölür""",eksisozluk
sertralin,yaygın kullanılan bir antidepresan. (bkz:  lustral ) (bkz:  seralin ),eksisozluk
sertralin,"santralin  in yandan yemisi, daha bi beteri.",eksisozluk
sertralin,"ssrı (seçimli serotonin gerialım inhibitörü) sınıfı bir antidepresan. panik bozuklukta, panik atakların kontrol edilmesi ve engellenmesi hususunda çok yardımcıdır. * kullanıldığı diğer alanlar olan okb, sosyal fobi ve majör depresyon gibi rahatsızlıklarda ise ancak farklı desteklerle ciddi iyileşme sağlayabildiği gösterilmiştir. her antidepresan gibi ciddi bir şeydir. bir işe yaramıyor, yutun, 500lük yutun 1000lik yutun falan gibi şeylerle geleni ıslak hortumla dövüyorum.",eksisozluk
sertralin,hiç tanımadığı birine küfretmekten çekinmeyen yazar. http://i.hizliresim.com/9q8byr.png,eksisozluk
sertralin,"babannişkomun severek kullandığı uyku yapmadığını söylediği minik hapcık. 2 gün önce yüksek tansiyondan dolayı hastaneye kaldırdık o günden sonra içinde bir korku evham oluşmuş.yıllar önce verilen bu ilaca yeniden başladı.tabii bi hafta geçmeden etkisini gödtermiyor. tansiyon umrumda değil korkularım gitse keşke diye dua ediyor. evde yalnız kalamıyor aklına kötü şeyler geliyor. dün yalnız bırakmamak için tam yanına iniyordum ki kendisi beni aradı bana ayaktaş olur musun diye. bir de utangaç bir de masum ki sanırım utanma huyumu kendisinden almışım. kaç yıllık torunuyum hala çekinerek arar beni. biraz destek olmaya ve anlamaya çalıştım konuyu değiştirsem de sürekli hastalığı konuşmak istiyordu. korkunun içinde nasıl bir etki yaptığını öğrenmek istedim. içimden ılık ılık bir şeyler geçiyor, kollarım çıng çıng ediyor. bazen zıngır zıngır titriyor içim dedi. ilacın da etkisiyle ağızları kuruyor sürekli yalanıyordu tontişim. şimdi daha etkili ilaçları almak için almanya'daki doktorundan randevu aldı. ama önümüzdeki bi haftayı nasıl geçirecek, çok üzülüyorum nasıl hafifletebilir ki bu korkuyu. her şeyin bilincinde zamanında da bu hastalıklar başına gelmiş çok kez yaşamış o yüzden bilinçli ama yine de engel olamadığı bir korku bu.allah pskikolojik sorunları olan herkesin gönlünü ferah tutsun inşallah.",eksisozluk
sertralin,dönem aralığına bakın diş teli takan onbinler göreceksiniz,eksisozluk
sertralin,"etkinliğinin az olması gibi, yan etkileri de diğer antidepresanlardan daha azdır. bu yüzden yaşlılar da dahil olmak üzere, hastalara çok yaygın olarak reçete edilir. suisid için uygun değildir. gramlarca alındığı halde, bulantı ve ishal yapar. ama öldürmez. biraz da bu yönüyle yaygın olarak hastalara verilmektedir. yani suisid girişimi bakımından daha güvenlidir. ormanda derler ki: ""ancak ve ancak, kişiye sertralin dolu bir kamyon çarparsa kişi ölür""",eksisozluk
sertralin,yaygın kullanılan bir antidepresan. (bkz:  lustral ) (bkz:  seralin ),eksisozluk
sertralin,"santralin  in yandan yemisi, daha bi beteri.",eksisozluk
sertralin,"ssrı (seçimli serotonin gerialım inhibitörü) sınıfı bir antidepresan. panik bozuklukta, panik atakların kontrol edilmesi ve engellenmesi hususunda çok yardımcıdır. * kullanıldığı diğer alanlar olan okb, sosyal fobi ve majör depresyon gibi rahatsızlıklarda ise ancak farklı desteklerle ciddi iyileşme sağlayabildiği gösterilmiştir. her antidepresan gibi ciddi bir şeydir. bir işe yaramıyor, yutun, 500lük yutun 1000lik yutun falan gibi şeylerle geleni ıslak hortumla dövüyorum.",eksisozluk
sertralin,hiç tanımadığı birine küfretmekten çekinmeyen yazar. http://i.hizliresim.com/9q8byr.png,eksisozluk
sertralin,"babannişkomun severek kullandığı uyku yapmadığını söylediği minik hapcık. 2 gün önce yüksek tansiyondan dolayı hastaneye kaldırdık o günden sonra içinde bir korku evham oluşmuş.yıllar önce verilen bu ilaca yeniden başladı.tabii bi hafta geçmeden etkisini gödtermiyor. tansiyon umrumda değil korkularım gitse keşke diye dua ediyor. evde yalnız kalamıyor aklına kötü şeyler geliyor. dün yalnız bırakmamak için tam yanına iniyordum ki kendisi beni aradı bana ayaktaş olur musun diye. bir de utangaç bir de masum ki sanırım utanma huyumu kendisinden almışım. kaç yıllık torunuyum hala çekinerek arar beni. biraz destek olmaya ve anlamaya çalıştım konuyu değiştirsem de sürekli hastalığı konuşmak istiyordu. korkunun içinde nasıl bir etki yaptığını öğrenmek istedim. içimden ılık ılık bir şeyler geçiyor, kollarım çıng çıng ediyor. bazen zıngır zıngır titriyor içim dedi. ilacın da etkisiyle ağızları kuruyor sürekli yalanıyordu tontişim. şimdi daha etkili ilaçları almak için almanya'daki doktorundan randevu aldı. ama önümüzdeki bi haftayı nasıl geçirecek, çok üzülüyorum nasıl hafifletebilir ki bu korkuyu. her şeyin bilincinde zamanında da bu hastalıklar başına gelmiş çok kez yaşamış o yüzden bilinçli ama yine de engel olamadığı bir korku bu.allah pskikolojik sorunları olan herkesin gönlünü ferah tutsun inşallah.",eksisozluk
sertralin,dönem aralığına bakın diş teli takan onbinler göreceksiniz,eksisozluk
sertralin,"etkinliğinin az olması gibi, yan etkileri de diğer antidepresanlardan daha azdır. bu yüzden yaşlılar da dahil olmak üzere, hastalara çok yaygın olarak reçete edilir. suisid için uygun değildir. gramlarca alındığı halde, bulantı ve ishal yapar. ama öldürmez. biraz da bu yönüyle yaygın olarak hastalara verilmektedir. yani suisid girişimi bakımından daha güvenlidir. ormanda derler ki: ""ancak ve ancak, kişiye sertralin dolu bir kamyon çarparsa kişi ölür""",eksisozluk
sertralin,yaygın kullanılan bir antidepresan. (bkz:  lustral ) (bkz:  seralin ),eksisozluk
sertralin,"santralin  in yandan yemisi, daha bi beteri.",eksisozluk
sertralin,"ssrı (seçimli serotonin gerialım inhibitörü) sınıfı bir antidepresan. panik bozuklukta, panik atakların kontrol edilmesi ve engellenmesi hususunda çok yardımcıdır. * kullanıldığı diğer alanlar olan okb, sosyal fobi ve majör depresyon gibi rahatsızlıklarda ise ancak farklı desteklerle ciddi iyileşme sağlayabildiği gösterilmiştir. her antidepresan gibi ciddi bir şeydir. bir işe yaramıyor, yutun, 500lük yutun 1000lik yutun falan gibi şeylerle geleni ıslak hortumla dövüyorum.",eksisozluk
sertralin,hiç tanımadığı birine küfretmekten çekinmeyen yazar. http://i.hizliresim.com/9q8byr.png,eksisozluk
sertralin,"babannişkomun severek kullandığı uyku yapmadığını söylediği minik hapcık. 2 gün önce yüksek tansiyondan dolayı hastaneye kaldırdık o günden sonra içinde bir korku evham oluşmuş.yıllar önce verilen bu ilaca yeniden başladı.tabii bi hafta geçmeden etkisini gödtermiyor. tansiyon umrumda değil korkularım gitse keşke diye dua ediyor. evde yalnız kalamıyor aklına kötü şeyler geliyor. dün yalnız bırakmamak için tam yanına iniyordum ki kendisi beni aradı bana ayaktaş olur musun diye. bir de utangaç bir de masum ki sanırım utanma huyumu kendisinden almışım. kaç yıllık torunuyum hala çekinerek arar beni. biraz destek olmaya ve anlamaya çalıştım konuyu değiştirsem de sürekli hastalığı konuşmak istiyordu. korkunun içinde nasıl bir etki yaptığını öğrenmek istedim. içimden ılık ılık bir şeyler geçiyor, kollarım çıng çıng ediyor. bazen zıngır zıngır titriyor içim dedi. ilacın da etkisiyle ağızları kuruyor sürekli yalanıyordu tontişim. şimdi daha etkili ilaçları almak için almanya'daki doktorundan randevu aldı. ama önümüzdeki bi haftayı nasıl geçirecek, çok üzülüyorum nasıl hafifletebilir ki bu korkuyu. her şeyin bilincinde zamanında da bu hastalıklar başına gelmiş çok kez yaşamış o yüzden bilinçli ama yine de engel olamadığı bir korku bu.allah pskikolojik sorunları olan herkesin gönlünü ferah tutsun inşallah.",eksisozluk
sertralin,dönem aralığına bakın diş teli takan onbinler göreceksiniz,eksisozluk
sertralin,"etkinliğinin az olması gibi, yan etkileri de diğer antidepresanlardan daha azdır. bu yüzden yaşlılar da dahil olmak üzere, hastalara çok yaygın olarak reçete edilir. suisid için uygun değildir. gramlarca alındığı halde, bulantı ve ishal yapar. ama öldürmez. biraz da bu yönüyle yaygın olarak hastalara verilmektedir. yani suisid girişimi bakımından daha güvenlidir. ormanda derler ki: ""ancak ve ancak, kişiye sertralin dolu bir kamyon çarparsa kişi ölür""",eksisozluk
sertralin,yaygın kullanılan bir antidepresan. (bkz:  lustral ) (bkz:  seralin ),eksisozluk
sertralin,"santralin  in yandan yemisi, daha bi beteri.",eksisozluk
sertralin,"ssrı (seçimli serotonin gerialım inhibitörü) sınıfı bir antidepresan. panik bozuklukta, panik atakların kontrol edilmesi ve engellenmesi hususunda çok yardımcıdır. * kullanıldığı diğer alanlar olan okb, sosyal fobi ve majör depresyon gibi rahatsızlıklarda ise ancak farklı desteklerle ciddi iyileşme sağlayabildiği gösterilmiştir. her antidepresan gibi ciddi bir şeydir. bir işe yaramıyor, yutun, 500lük yutun 1000lik yutun falan gibi şeylerle geleni ıslak hortumla dövüyorum.",eksisozluk
sertralin,hiç tanımadığı birine küfretmekten çekinmeyen yazar. http://i.hizliresim.com/9q8byr.png,eksisozluk
sertralin,"babannişkomun severek kullandığı uyku yapmadığını söylediği minik hapcık. 2 gün önce yüksek tansiyondan dolayı hastaneye kaldırdık o günden sonra içinde bir korku evham oluşmuş.yıllar önce verilen bu ilaca yeniden başladı.tabii bi hafta geçmeden etkisini gödtermiyor. tansiyon umrumda değil korkularım gitse keşke diye dua ediyor. evde yalnız kalamıyor aklına kötü şeyler geliyor. dün yalnız bırakmamak için tam yanına iniyordum ki kendisi beni aradı bana ayaktaş olur musun diye. bir de utangaç bir de masum ki sanırım utanma huyumu kendisinden almışım. kaç yıllık torunuyum hala çekinerek arar beni. biraz destek olmaya ve anlamaya çalıştım konuyu değiştirsem de sürekli hastalığı konuşmak istiyordu. korkunun içinde nasıl bir etki yaptığını öğrenmek istedim. içimden ılık ılık bir şeyler geçiyor, kollarım çıng çıng ediyor. bazen zıngır zıngır titriyor içim dedi. ilacın da etkisiyle ağızları kuruyor sürekli yalanıyordu tontişim. şimdi daha etkili ilaçları almak için almanya'daki doktorundan randevu aldı. ama önümüzdeki bi haftayı nasıl geçirecek, çok üzülüyorum nasıl hafifletebilir ki bu korkuyu. her şeyin bilincinde zamanında da bu hastalıklar başına gelmiş çok kez yaşamış o yüzden bilinçli ama yine de engel olamadığı bir korku bu.allah pskikolojik sorunları olan herkesin gönlünü ferah tutsun inşallah.",eksisozluk
sertralin,dönem aralığına bakın diş teli takan onbinler göreceksiniz,eksisozluk
sertralin,"etkinliğinin az olması gibi, yan etkileri de diğer antidepresanlardan daha azdır. bu yüzden yaşlılar da dahil olmak üzere, hastalara çok yaygın olarak reçete edilir. suisid için uygun değildir. gramlarca alındığı halde, bulantı ve ishal yapar. ama öldürmez. biraz da bu yönüyle yaygın olarak hastalara verilmektedir. yani suisid girişimi bakımından daha güvenlidir. ormanda derler ki: ""ancak ve ancak, kişiye sertralin dolu bir kamyon çarparsa kişi ölür""",eksisozluk
sertralin,yaygın kullanılan bir antidepresan. (bkz:  lustral ) (bkz:  seralin ),eksisozluk
sertralin,"santralin  in yandan yemisi, daha bi beteri.",eksisozluk
sertralin,"ssrı (seçimli serotonin gerialım inhibitörü) sınıfı bir antidepresan. panik bozuklukta, panik atakların kontrol edilmesi ve engellenmesi hususunda çok yardımcıdır. * kullanıldığı diğer alanlar olan okb, sosyal fobi ve majör depresyon gibi rahatsızlıklarda ise ancak farklı desteklerle ciddi iyileşme sağlayabildiği gösterilmiştir. her antidepresan gibi ciddi bir şeydir. bir işe yaramıyor, yutun, 500lük yutun 1000lik yutun falan gibi şeylerle geleni ıslak hortumla dövüyorum.",eksisozluk
sertralin,hiç tanımadığı birine küfretmekten çekinmeyen yazar. http://i.hizliresim.com/9q8byr.png,eksisozluk
sertralin,"babannişkomun severek kullandığı uyku yapmadığını söylediği minik hapcık. 2 gün önce yüksek tansiyondan dolayı hastaneye kaldırdık o günden sonra içinde bir korku evham oluşmuş.yıllar önce verilen bu ilaca yeniden başladı.tabii bi hafta geçmeden etkisini gödtermiyor. tansiyon umrumda değil korkularım gitse keşke diye dua ediyor. evde yalnız kalamıyor aklına kötü şeyler geliyor. dün yalnız bırakmamak için tam yanına iniyordum ki kendisi beni aradı bana ayaktaş olur musun diye. bir de utangaç bir de masum ki sanırım utanma huyumu kendisinden almışım. kaç yıllık torunuyum hala çekinerek arar beni. biraz destek olmaya ve anlamaya çalıştım konuyu değiştirsem de sürekli hastalığı konuşmak istiyordu. korkunun içinde nasıl bir etki yaptığını öğrenmek istedim. içimden ılık ılık bir şeyler geçiyor, kollarım çıng çıng ediyor. bazen zıngır zıngır titriyor içim dedi. ilacın da etkisiyle ağızları kuruyor sürekli yalanıyordu tontişim. şimdi daha etkili ilaçları almak için almanya'daki doktorundan randevu aldı. ama önümüzdeki bi haftayı nasıl geçirecek, çok üzülüyorum nasıl hafifletebilir ki bu korkuyu. her şeyin bilincinde zamanında da bu hastalıklar başına gelmiş çok kez yaşamış o yüzden bilinçli ama yine de engel olamadığı bir korku bu.allah pskikolojik sorunları olan herkesin gönlünü ferah tutsun inşallah.",eksisozluk
sertralin,dönem aralığına bakın diş teli takan onbinler göreceksiniz,eksisozluk
sertralin,"etkinliğinin az olması gibi, yan etkileri de diğer antidepresanlardan daha azdır. bu yüzden yaşlılar da dahil olmak üzere, hastalara çok yaygın olarak reçete edilir. suisid için uygun değildir. gramlarca alındığı halde, bulantı ve ishal yapar. ama öldürmez. biraz da bu yönüyle yaygın olarak hastalara verilmektedir. yani suisid girişimi bakımından daha güvenlidir. ormanda derler ki: ""ancak ve ancak, kişiye sertralin dolu bir kamyon çarparsa kişi ölür""",eksisozluk
sertralin,yaygın kullanılan bir antidepresan. (bkz:  lustral ) (bkz:  seralin ),eksisozluk
sertralin,"santralin  in yandan yemisi, daha bi beteri.",eksisozluk
sertralin,"ssrı (seçimli serotonin gerialım inhibitörü) sınıfı bir antidepresan. panik bozuklukta, panik atakların kontrol edilmesi ve engellenmesi hususunda çok yardımcıdır. * kullanıldığı diğer alanlar olan okb, sosyal fobi ve majör depresyon gibi rahatsızlıklarda ise ancak farklı desteklerle ciddi iyileşme sağlayabildiği gösterilmiştir. her antidepresan gibi ciddi bir şeydir. bir işe yaramıyor, yutun, 500lük yutun 1000lik yutun falan gibi şeylerle geleni ıslak hortumla dövüyorum.",eksisozluk
sertralin,hiç tanımadığı birine küfretmekten çekinmeyen yazar. http://i.hizliresim.com/9q8byr.png,eksisozluk
sertralin,"babannişkomun severek kullandığı uyku yapmadığını söylediği minik hapcık. 2 gün önce yüksek tansiyondan dolayı hastaneye kaldırdık o günden sonra içinde bir korku evham oluşmuş.yıllar önce verilen bu ilaca yeniden başladı.tabii bi hafta geçmeden etkisini gödtermiyor. tansiyon umrumda değil korkularım gitse keşke diye dua ediyor. evde yalnız kalamıyor aklına kötü şeyler geliyor. dün yalnız bırakmamak için tam yanına iniyordum ki kendisi beni aradı bana ayaktaş olur musun diye. bir de utangaç bir de masum ki sanırım utanma huyumu kendisinden almışım. kaç yıllık torunuyum hala çekinerek arar beni. biraz destek olmaya ve anlamaya çalıştım konuyu değiştirsem de sürekli hastalığı konuşmak istiyordu. korkunun içinde nasıl bir etki yaptığını öğrenmek istedim. içimden ılık ılık bir şeyler geçiyor, kollarım çıng çıng ediyor. bazen zıngır zıngır titriyor içim dedi. ilacın da etkisiyle ağızları kuruyor sürekli yalanıyordu tontişim. şimdi daha etkili ilaçları almak için almanya'daki doktorundan randevu aldı. ama önümüzdeki bi haftayı nasıl geçirecek, çok üzülüyorum nasıl hafifletebilir ki bu korkuyu. her şeyin bilincinde zamanında da bu hastalıklar başına gelmiş çok kez yaşamış o yüzden bilinçli ama yine de engel olamadığı bir korku bu.allah pskikolojik sorunları olan herkesin gönlünü ferah tutsun inşallah.",eksisozluk
sertralin,dönem aralığına bakın diş teli takan onbinler göreceksiniz,eksisozluk
sertralin,"etkinliğinin az olması gibi, yan etkileri de diğer antidepresanlardan daha azdır. bu yüzden yaşlılar da dahil olmak üzere, hastalara çok yaygın olarak reçete edilir. suisid için uygun değildir. gramlarca alındığı halde, bulantı ve ishal yapar. ama öldürmez. biraz da bu yönüyle yaygın olarak hastalara verilmektedir. yani suisid girişimi bakımından daha güvenlidir. ormanda derler ki: ""ancak ve ancak, kişiye sertralin dolu bir kamyon çarparsa kişi ölür""",eksisozluk
sertralin,yaygın kullanılan bir antidepresan. (bkz:  lustral ) (bkz:  seralin ),eksisozluk
sertralin,"santralin  in yandan yemisi, daha bi beteri.",eksisozluk
sertralin,"ssrı (seçimli serotonin gerialım inhibitörü) sınıfı bir antidepresan. panik bozuklukta, panik atakların kontrol edilmesi ve engellenmesi hususunda çok yardımcıdır. * kullanıldığı diğer alanlar olan okb, sosyal fobi ve majör depresyon gibi rahatsızlıklarda ise ancak farklı desteklerle ciddi iyileşme sağlayabildiği gösterilmiştir. her antidepresan gibi ciddi bir şeydir. bir işe yaramıyor, yutun, 500lük yutun 1000lik yutun falan gibi şeylerle geleni ıslak hortumla dövüyorum.",eksisozluk
sertralin,hiç tanımadığı birine küfretmekten çekinmeyen yazar. http://i.hizliresim.com/9q8byr.png,eksisozluk
sertralin,"babannişkomun severek kullandığı uyku yapmadığını söylediği minik hapcık. 2 gün önce yüksek tansiyondan dolayı hastaneye kaldırdık o günden sonra içinde bir korku evham oluşmuş.yıllar önce verilen bu ilaca yeniden başladı.tabii bi hafta geçmeden etkisini gödtermiyor. tansiyon umrumda değil korkularım gitse keşke diye dua ediyor. evde yalnız kalamıyor aklına kötü şeyler geliyor. dün yalnız bırakmamak için tam yanına iniyordum ki kendisi beni aradı bana ayaktaş olur musun diye. bir de utangaç bir de masum ki sanırım utanma huyumu kendisinden almışım. kaç yıllık torunuyum hala çekinerek arar beni. biraz destek olmaya ve anlamaya çalıştım konuyu değiştirsem de sürekli hastalığı konuşmak istiyordu. korkunun içinde nasıl bir etki yaptığını öğrenmek istedim. içimden ılık ılık bir şeyler geçiyor, kollarım çıng çıng ediyor. bazen zıngır zıngır titriyor içim dedi. ilacın da etkisiyle ağızları kuruyor sürekli yalanıyordu tontişim. şimdi daha etkili ilaçları almak için almanya'daki doktorundan randevu aldı. ama önümüzdeki bi haftayı nasıl geçirecek, çok üzülüyorum nasıl hafifletebilir ki bu korkuyu. her şeyin bilincinde zamanında da bu hastalıklar başına gelmiş çok kez yaşamış o yüzden bilinçli ama yine de engel olamadığı bir korku bu.allah pskikolojik sorunları olan herkesin gönlünü ferah tutsun inşallah.",eksisozluk
sertralin,dönem aralığına bakın diş teli takan onbinler göreceksiniz,eksisozluk
sertralin,"etkinliğinin az olması gibi, yan etkileri de diğer antidepresanlardan daha azdır. bu yüzden yaşlılar da dahil olmak üzere, hastalara çok yaygın olarak reçete edilir. suisid için uygun değildir. gramlarca alındığı halde, bulantı ve ishal yapar. ama öldürmez. biraz da bu yönüyle yaygın olarak hastalara verilmektedir. yani suisid girişimi bakımından daha güvenlidir. ormanda derler ki: ""ancak ve ancak, kişiye sertralin dolu bir kamyon çarparsa kişi ölür""",eksisozluk
paxil,paroxetine hcl icerikli anti depresan.glaxosmithkline'nin yeni mamulu.,eksisozluk
paxil,çocuklar duymasın ekibi tarafından bir tanıtım filmi çekilen anti depresan bir ilaç. kısaca mutluluk ilacı,eksisozluk
paxil,"drow  lisanında çürüme, bozulma anlamına gelen sözcük.",eksisozluk
paxil,"tüm depresyon tipleri,anksiyete bozukluklarının tedavisinde kullanılabilen,aniden bırakılmaması gereken, bırakıldıgı takdirde insanın gününü mahvedip sarhos olmaktan beter eden  *  bir  anti depresan .",eksisozluk
paxil,"hafif siddette gerceklesen  depresyon larda doktorlarin reçete ile verdikleri, insanda hafif derecede uyusukluk yapan  prozac  turu bir antidepresan ilaçtir.",eksisozluk
paxil,"diger anti depresanlar kadar uyku vermedigi, daha cok gulucuk verdigi icin bir cok kimsenin tercih sebebi olan ismi gicik ilac.  prozac  tan uc kat daha iyi oldugu soylenir",eksisozluk
paxil,depresan etkisinin yanında anksiyeteyede çözüm getiren seroxat ın paket değiştirmiş hali yurt dışında adı en çok mahkemelerde yankılanan antidepresanlardan temkinli davranılmasında yarar var,eksisozluk
paxil,"tum yan etkilerine (bkz:  bas donmesi,halsizlik,uyku,mide bulantisi ) ragmen ilk gunden itibaren isini iyi yaptigini gordugum ilac. (bkz:  mutluluktan ucacagim abidin )",eksisozluk
paxil,"midemi mahveden ,sabahtan beri böğürmeme sebebiyet veren antidepresan",eksisozluk
paxil,"bırakıldığı takdirde ilk birkaç gün sarhoş gibi dolaşmanıza, kış ortasında askılılarla gezmenize sebep olabilir. ellerinizin titremesi ve bunu kontrol altına alamamanız da ayrı bir olaydır. alınmaya başlandığında da mide bulantısı, baş dönmesi gibi etkileri kendini göstermeye başlar. bunların dışında etrafa gülümseyen bir suratla bakmanızı sağlar.",eksisozluk
paxil,paroxetine hcl icerikli anti depresan.glaxosmithkline'nin yeni mamulu.,eksisozluk
paxil,çocuklar duymasın ekibi tarafından bir tanıtım filmi çekilen anti depresan bir ilaç. kısaca mutluluk ilacı,eksisozluk
paxil,"drow  lisanında çürüme, bozulma anlamına gelen sözcük.",eksisozluk
paxil,"tüm depresyon tipleri,anksiyete bozukluklarının tedavisinde kullanılabilen,aniden bırakılmaması gereken, bırakıldıgı takdirde insanın gününü mahvedip sarhos olmaktan beter eden  *  bir  anti depresan .",eksisozluk
paxil,"hafif siddette gerceklesen  depresyon larda doktorlarin reçete ile verdikleri, insanda hafif derecede uyusukluk yapan  prozac  turu bir antidepresan ilaçtir.",eksisozluk
paxil,"diger anti depresanlar kadar uyku vermedigi, daha cok gulucuk verdigi icin bir cok kimsenin tercih sebebi olan ismi gicik ilac.  prozac  tan uc kat daha iyi oldugu soylenir",eksisozluk
paxil,depresan etkisinin yanında anksiyeteyede çözüm getiren seroxat ın paket değiştirmiş hali yurt dışında adı en çok mahkemelerde yankılanan antidepresanlardan temkinli davranılmasında yarar var,eksisozluk
paxil,"tum yan etkilerine (bkz:  bas donmesi,halsizlik,uyku,mide bulantisi ) ragmen ilk gunden itibaren isini iyi yaptigini gordugum ilac. (bkz:  mutluluktan ucacagim abidin )",eksisozluk
paxil,"midemi mahveden ,sabahtan beri böğürmeme sebebiyet veren antidepresan",eksisozluk
paxil,"bırakıldığı takdirde ilk birkaç gün sarhoş gibi dolaşmanıza, kış ortasında askılılarla gezmenize sebep olabilir. ellerinizin titremesi ve bunu kontrol altına alamamanız da ayrı bir olaydır. alınmaya başlandığında da mide bulantısı, baş dönmesi gibi etkileri kendini göstermeye başlar. bunların dışında etrafa gülümseyen bir suratla bakmanızı sağlar.",eksisozluk
paxil,paroxetine hcl icerikli anti depresan.glaxosmithkline'nin yeni mamulu.,eksisozluk
paxil,çocuklar duymasın ekibi tarafından bir tanıtım filmi çekilen anti depresan bir ilaç. kısaca mutluluk ilacı,eksisozluk
paxil,"drow  lisanında çürüme, bozulma anlamına gelen sözcük.",eksisozluk
paxil,"tüm depresyon tipleri,anksiyete bozukluklarının tedavisinde kullanılabilen,aniden bırakılmaması gereken, bırakıldıgı takdirde insanın gününü mahvedip sarhos olmaktan beter eden  *  bir  anti depresan .",eksisozluk
paxil,"hafif siddette gerceklesen  depresyon larda doktorlarin reçete ile verdikleri, insanda hafif derecede uyusukluk yapan  prozac  turu bir antidepresan ilaçtir.",eksisozluk
paxil,"diger anti depresanlar kadar uyku vermedigi, daha cok gulucuk verdigi icin bir cok kimsenin tercih sebebi olan ismi gicik ilac.  prozac  tan uc kat daha iyi oldugu soylenir",eksisozluk
paxil,depresan etkisinin yanında anksiyeteyede çözüm getiren seroxat ın paket değiştirmiş hali yurt dışında adı en çok mahkemelerde yankılanan antidepresanlardan temkinli davranılmasında yarar var,eksisozluk
paxil,"tum yan etkilerine (bkz:  bas donmesi,halsizlik,uyku,mide bulantisi ) ragmen ilk gunden itibaren isini iyi yaptigini gordugum ilac. (bkz:  mutluluktan ucacagim abidin )",eksisozluk
paxil,"midemi mahveden ,sabahtan beri böğürmeme sebebiyet veren antidepresan",eksisozluk
paxil,"bırakıldığı takdirde ilk birkaç gün sarhoş gibi dolaşmanıza, kış ortasında askılılarla gezmenize sebep olabilir. ellerinizin titremesi ve bunu kontrol altına alamamanız da ayrı bir olaydır. alınmaya başlandığında da mide bulantısı, baş dönmesi gibi etkileri kendini göstermeye başlar. bunların dışında etrafa gülümseyen bir suratla bakmanızı sağlar.",eksisozluk
paxil,paroxetine hcl icerikli anti depresan.glaxosmithkline'nin yeni mamulu.,eksisozluk
paxil,çocuklar duymasın ekibi tarafından bir tanıtım filmi çekilen anti depresan bir ilaç. kısaca mutluluk ilacı,eksisozluk
paxil,"drow  lisanında çürüme, bozulma anlamına gelen sözcük.",eksisozluk
paxil,"tüm depresyon tipleri,anksiyete bozukluklarının tedavisinde kullanılabilen,aniden bırakılmaması gereken, bırakıldıgı takdirde insanın gününü mahvedip sarhos olmaktan beter eden  *  bir  anti depresan .",eksisozluk
paxil,"hafif siddette gerceklesen  depresyon larda doktorlarin reçete ile verdikleri, insanda hafif derecede uyusukluk yapan  prozac  turu bir antidepresan ilaçtir.",eksisozluk
paxil,"diger anti depresanlar kadar uyku vermedigi, daha cok gulucuk verdigi icin bir cok kimsenin tercih sebebi olan ismi gicik ilac.  prozac  tan uc kat daha iyi oldugu soylenir",eksisozluk
paxil,depresan etkisinin yanında anksiyeteyede çözüm getiren seroxat ın paket değiştirmiş hali yurt dışında adı en çok mahkemelerde yankılanan antidepresanlardan temkinli davranılmasında yarar var,eksisozluk
paxil,"tum yan etkilerine (bkz:  bas donmesi,halsizlik,uyku,mide bulantisi ) ragmen ilk gunden itibaren isini iyi yaptigini gordugum ilac. (bkz:  mutluluktan ucacagim abidin )",eksisozluk
paxil,"midemi mahveden ,sabahtan beri böğürmeme sebebiyet veren antidepresan",eksisozluk
paxil,"bırakıldığı takdirde ilk birkaç gün sarhoş gibi dolaşmanıza, kış ortasında askılılarla gezmenize sebep olabilir. ellerinizin titremesi ve bunu kontrol altına alamamanız da ayrı bir olaydır. alınmaya başlandığında da mide bulantısı, baş dönmesi gibi etkileri kendini göstermeye başlar. bunların dışında etrafa gülümseyen bir suratla bakmanızı sağlar.",eksisozluk
paxil,paroxetine hcl icerikli anti depresan.glaxosmithkline'nin yeni mamulu.,eksisozluk
paxil,çocuklar duymasın ekibi tarafından bir tanıtım filmi çekilen anti depresan bir ilaç. kısaca mutluluk ilacı,eksisozluk
paxil,"drow  lisanında çürüme, bozulma anlamına gelen sözcük.",eksisozluk
paxil,"tüm depresyon tipleri,anksiyete bozukluklarının tedavisinde kullanılabilen,aniden bırakılmaması gereken, bırakıldıgı takdirde insanın gününü mahvedip sarhos olmaktan beter eden  *  bir  anti depresan .",eksisozluk
paxil,"hafif siddette gerceklesen  depresyon larda doktorlarin reçete ile verdikleri, insanda hafif derecede uyusukluk yapan  prozac  turu bir antidepresan ilaçtir.",eksisozluk
paxil,"diger anti depresanlar kadar uyku vermedigi, daha cok gulucuk verdigi icin bir cok kimsenin tercih sebebi olan ismi gicik ilac.  prozac  tan uc kat daha iyi oldugu soylenir",eksisozluk
paxil,depresan etkisinin yanında anksiyeteyede çözüm getiren seroxat ın paket değiştirmiş hali yurt dışında adı en çok mahkemelerde yankılanan antidepresanlardan temkinli davranılmasında yarar var,eksisozluk
paxil,"tum yan etkilerine (bkz:  bas donmesi,halsizlik,uyku,mide bulantisi ) ragmen ilk gunden itibaren isini iyi yaptigini gordugum ilac. (bkz:  mutluluktan ucacagim abidin )",eksisozluk
paxil,"midemi mahveden ,sabahtan beri böğürmeme sebebiyet veren antidepresan",eksisozluk
paxil,"bırakıldığı takdirde ilk birkaç gün sarhoş gibi dolaşmanıza, kış ortasında askılılarla gezmenize sebep olabilir. ellerinizin titremesi ve bunu kontrol altına alamamanız da ayrı bir olaydır. alınmaya başlandığında da mide bulantısı, baş dönmesi gibi etkileri kendini göstermeye başlar. bunların dışında etrafa gülümseyen bir suratla bakmanızı sağlar.",eksisozluk
paxil,paroxetine hcl icerikli anti depresan.glaxosmithkline'nin yeni mamulu.,eksisozluk
paxil,çocuklar duymasın ekibi tarafından bir tanıtım filmi çekilen anti depresan bir ilaç. kısaca mutluluk ilacı,eksisozluk
paxil,"drow  lisanında çürüme, bozulma anlamına gelen sözcük.",eksisozluk
paxil,"tüm depresyon tipleri,anksiyete bozukluklarının tedavisinde kullanılabilen,aniden bırakılmaması gereken, bırakıldıgı takdirde insanın gününü mahvedip sarhos olmaktan beter eden  *  bir  anti depresan .",eksisozluk
paxil,"hafif siddette gerceklesen  depresyon larda doktorlarin reçete ile verdikleri, insanda hafif derecede uyusukluk yapan  prozac  turu bir antidepresan ilaçtir.",eksisozluk
paxil,"diger anti depresanlar kadar uyku vermedigi, daha cok gulucuk verdigi icin bir cok kimsenin tercih sebebi olan ismi gicik ilac.  prozac  tan uc kat daha iyi oldugu soylenir",eksisozluk
paxil,depresan etkisinin yanında anksiyeteyede çözüm getiren seroxat ın paket değiştirmiş hali yurt dışında adı en çok mahkemelerde yankılanan antidepresanlardan temkinli davranılmasında yarar var,eksisozluk
paxil,"tum yan etkilerine (bkz:  bas donmesi,halsizlik,uyku,mide bulantisi ) ragmen ilk gunden itibaren isini iyi yaptigini gordugum ilac. (bkz:  mutluluktan ucacagim abidin )",eksisozluk
paxil,"midemi mahveden ,sabahtan beri böğürmeme sebebiyet veren antidepresan",eksisozluk
paxil,"bırakıldığı takdirde ilk birkaç gün sarhoş gibi dolaşmanıza, kış ortasında askılılarla gezmenize sebep olabilir. ellerinizin titremesi ve bunu kontrol altına alamamanız da ayrı bir olaydır. alınmaya başlandığında da mide bulantısı, baş dönmesi gibi etkileri kendini göstermeye başlar. bunların dışında etrafa gülümseyen bir suratla bakmanızı sağlar.",eksisozluk
paxil,paroxetine hcl icerikli anti depresan.glaxosmithkline'nin yeni mamulu.,eksisozluk
paxil,çocuklar duymasın ekibi tarafından bir tanıtım filmi çekilen anti depresan bir ilaç. kısaca mutluluk ilacı,eksisozluk
paxil,"drow  lisanında çürüme, bozulma anlamına gelen sözcük.",eksisozluk
paxil,"tüm depresyon tipleri,anksiyete bozukluklarının tedavisinde kullanılabilen,aniden bırakılmaması gereken, bırakıldıgı takdirde insanın gününü mahvedip sarhos olmaktan beter eden  *  bir  anti depresan .",eksisozluk
paxil,"hafif siddette gerceklesen  depresyon larda doktorlarin reçete ile verdikleri, insanda hafif derecede uyusukluk yapan  prozac  turu bir antidepresan ilaçtir.",eksisozluk
paxil,"diger anti depresanlar kadar uyku vermedigi, daha cok gulucuk verdigi icin bir cok kimsenin tercih sebebi olan ismi gicik ilac.  prozac  tan uc kat daha iyi oldugu soylenir",eksisozluk
paxil,depresan etkisinin yanında anksiyeteyede çözüm getiren seroxat ın paket değiştirmiş hali yurt dışında adı en çok mahkemelerde yankılanan antidepresanlardan temkinli davranılmasında yarar var,eksisozluk
paxil,"tum yan etkilerine (bkz:  bas donmesi,halsizlik,uyku,mide bulantisi ) ragmen ilk gunden itibaren isini iyi yaptigini gordugum ilac. (bkz:  mutluluktan ucacagim abidin )",eksisozluk
paxil,"midemi mahveden ,sabahtan beri böğürmeme sebebiyet veren antidepresan",eksisozluk
paxil,"bırakıldığı takdirde ilk birkaç gün sarhoş gibi dolaşmanıza, kış ortasında askılılarla gezmenize sebep olabilir. ellerinizin titremesi ve bunu kontrol altına alamamanız da ayrı bir olaydır. alınmaya başlandığında da mide bulantısı, baş dönmesi gibi etkileri kendini göstermeye başlar. bunların dışında etrafa gülümseyen bir suratla bakmanızı sağlar.",eksisozluk
paxil,paroxetine hcl icerikli anti depresan.glaxosmithkline'nin yeni mamulu.,eksisozluk
paxil,çocuklar duymasın ekibi tarafından bir tanıtım filmi çekilen anti depresan bir ilaç. kısaca mutluluk ilacı,eksisozluk
paxil,"drow  lisanında çürüme, bozulma anlamına gelen sözcük.",eksisozluk
paxil,"tüm depresyon tipleri,anksiyete bozukluklarının tedavisinde kullanılabilen,aniden bırakılmaması gereken, bırakıldıgı takdirde insanın gününü mahvedip sarhos olmaktan beter eden  *  bir  anti depresan .",eksisozluk
paxil,"hafif siddette gerceklesen  depresyon larda doktorlarin reçete ile verdikleri, insanda hafif derecede uyusukluk yapan  prozac  turu bir antidepresan ilaçtir.",eksisozluk
paxil,"diger anti depresanlar kadar uyku vermedigi, daha cok gulucuk verdigi icin bir cok kimsenin tercih sebebi olan ismi gicik ilac.  prozac  tan uc kat daha iyi oldugu soylenir",eksisozluk
paxil,depresan etkisinin yanında anksiyeteyede çözüm getiren seroxat ın paket değiştirmiş hali yurt dışında adı en çok mahkemelerde yankılanan antidepresanlardan temkinli davranılmasında yarar var,eksisozluk
paxil,"tum yan etkilerine (bkz:  bas donmesi,halsizlik,uyku,mide bulantisi ) ragmen ilk gunden itibaren isini iyi yaptigini gordugum ilac. (bkz:  mutluluktan ucacagim abidin )",eksisozluk
paxil,"midemi mahveden ,sabahtan beri böğürmeme sebebiyet veren antidepresan",eksisozluk
paxil,"bırakıldığı takdirde ilk birkaç gün sarhoş gibi dolaşmanıza, kış ortasında askılılarla gezmenize sebep olabilir. ellerinizin titremesi ve bunu kontrol altına alamamanız da ayrı bir olaydır. alınmaya başlandığında da mide bulantısı, baş dönmesi gibi etkileri kendini göstermeye başlar. bunların dışında etrafa gülümseyen bir suratla bakmanızı sağlar.",eksisozluk
paxil,paroxetine hcl icerikli anti depresan.glaxosmithkline'nin yeni mamulu.,eksisozluk
paxil,çocuklar duymasın ekibi tarafından bir tanıtım filmi çekilen anti depresan bir ilaç. kısaca mutluluk ilacı,eksisozluk
paxil,"drow  lisanında çürüme, bozulma anlamına gelen sözcük.",eksisozluk
paxil,"tüm depresyon tipleri,anksiyete bozukluklarının tedavisinde kullanılabilen,aniden bırakılmaması gereken, bırakıldıgı takdirde insanın gününü mahvedip sarhos olmaktan beter eden  *  bir  anti depresan .",eksisozluk
paxil,"hafif siddette gerceklesen  depresyon larda doktorlarin reçete ile verdikleri, insanda hafif derecede uyusukluk yapan  prozac  turu bir antidepresan ilaçtir.",eksisozluk
paxil,"diger anti depresanlar kadar uyku vermedigi, daha cok gulucuk verdigi icin bir cok kimsenin tercih sebebi olan ismi gicik ilac.  prozac  tan uc kat daha iyi oldugu soylenir",eksisozluk
paxil,depresan etkisinin yanında anksiyeteyede çözüm getiren seroxat ın paket değiştirmiş hali yurt dışında adı en çok mahkemelerde yankılanan antidepresanlardan temkinli davranılmasında yarar var,eksisozluk
paxil,"tum yan etkilerine (bkz:  bas donmesi,halsizlik,uyku,mide bulantisi ) ragmen ilk gunden itibaren isini iyi yaptigini gordugum ilac. (bkz:  mutluluktan ucacagim abidin )",eksisozluk
paxil,"midemi mahveden ,sabahtan beri böğürmeme sebebiyet veren antidepresan",eksisozluk
paxil,"bırakıldığı takdirde ilk birkaç gün sarhoş gibi dolaşmanıza, kış ortasında askılılarla gezmenize sebep olabilir. ellerinizin titremesi ve bunu kontrol altına alamamanız da ayrı bir olaydır. alınmaya başlandığında da mide bulantısı, baş dönmesi gibi etkileri kendini göstermeye başlar. bunların dışında etrafa gülümseyen bir suratla bakmanızı sağlar.",eksisozluk
paxil,paroxetine hcl icerikli anti depresan.glaxosmithkline'nin yeni mamulu.,eksisozluk
paxil,çocuklar duymasın ekibi tarafından bir tanıtım filmi çekilen anti depresan bir ilaç. kısaca mutluluk ilacı,eksisozluk
paxil,"drow  lisanında çürüme, bozulma anlamına gelen sözcük.",eksisozluk
paxil,"tüm depresyon tipleri,anksiyete bozukluklarının tedavisinde kullanılabilen,aniden bırakılmaması gereken, bırakıldıgı takdirde insanın gününü mahvedip sarhos olmaktan beter eden  *  bir  anti depresan .",eksisozluk
paxil,"hafif siddette gerceklesen  depresyon larda doktorlarin reçete ile verdikleri, insanda hafif derecede uyusukluk yapan  prozac  turu bir antidepresan ilaçtir.",eksisozluk
paxil,"diger anti depresanlar kadar uyku vermedigi, daha cok gulucuk verdigi icin bir cok kimsenin tercih sebebi olan ismi gicik ilac.  prozac  tan uc kat daha iyi oldugu soylenir",eksisozluk
paxil,depresan etkisinin yanında anksiyeteyede çözüm getiren seroxat ın paket değiştirmiş hali yurt dışında adı en çok mahkemelerde yankılanan antidepresanlardan temkinli davranılmasında yarar var,eksisozluk
paxil,"tum yan etkilerine (bkz:  bas donmesi,halsizlik,uyku,mide bulantisi ) ragmen ilk gunden itibaren isini iyi yaptigini gordugum ilac. (bkz:  mutluluktan ucacagim abidin )",eksisozluk
paxil,"midemi mahveden ,sabahtan beri böğürmeme sebebiyet veren antidepresan",eksisozluk
paxil,"bırakıldığı takdirde ilk birkaç gün sarhoş gibi dolaşmanıza, kış ortasında askılılarla gezmenize sebep olabilir. ellerinizin titremesi ve bunu kontrol altına alamamanız da ayrı bir olaydır. alınmaya başlandığında da mide bulantısı, baş dönmesi gibi etkileri kendini göstermeye başlar. bunların dışında etrafa gülümseyen bir suratla bakmanızı sağlar.",eksisozluk
paxil,paroxetine hcl icerikli anti depresan.glaxosmithkline'nin yeni mamulu.,eksisozluk
paxil,çocuklar duymasın ekibi tarafından bir tanıtım filmi çekilen anti depresan bir ilaç. kısaca mutluluk ilacı,eksisozluk
paxil,"drow  lisanında çürüme, bozulma anlamına gelen sözcük.",eksisozluk
paxil,"tüm depresyon tipleri,anksiyete bozukluklarının tedavisinde kullanılabilen,aniden bırakılmaması gereken, bırakıldıgı takdirde insanın gününü mahvedip sarhos olmaktan beter eden  *  bir  anti depresan .",eksisozluk
paxil,"hafif siddette gerceklesen  depresyon larda doktorlarin reçete ile verdikleri, insanda hafif derecede uyusukluk yapan  prozac  turu bir antidepresan ilaçtir.",eksisozluk
paxil,"diger anti depresanlar kadar uyku vermedigi, daha cok gulucuk verdigi icin bir cok kimsenin tercih sebebi olan ismi gicik ilac.  prozac  tan uc kat daha iyi oldugu soylenir",eksisozluk
paxil,depresan etkisinin yanında anksiyeteyede çözüm getiren seroxat ın paket değiştirmiş hali yurt dışında adı en çok mahkemelerde yankılanan antidepresanlardan temkinli davranılmasında yarar var,eksisozluk
paxil,"tum yan etkilerine (bkz:  bas donmesi,halsizlik,uyku,mide bulantisi ) ragmen ilk gunden itibaren isini iyi yaptigini gordugum ilac. (bkz:  mutluluktan ucacagim abidin )",eksisozluk
paxil,"midemi mahveden ,sabahtan beri böğürmeme sebebiyet veren antidepresan",eksisozluk
paxil,"bırakıldığı takdirde ilk birkaç gün sarhoş gibi dolaşmanıza, kış ortasında askılılarla gezmenize sebep olabilir. ellerinizin titremesi ve bunu kontrol altına alamamanız da ayrı bir olaydır. alınmaya başlandığında da mide bulantısı, baş dönmesi gibi etkileri kendini göstermeye başlar. bunların dışında etrafa gülümseyen bir suratla bakmanızı sağlar.",eksisozluk
paxil,paroxetine hcl icerikli anti depresan.glaxosmithkline'nin yeni mamulu.,eksisozluk
paxil,çocuklar duymasın ekibi tarafından bir tanıtım filmi çekilen anti depresan bir ilaç. kısaca mutluluk ilacı,eksisozluk
paxil,"drow  lisanında çürüme, bozulma anlamına gelen sözcük.",eksisozluk
paxil,"tüm depresyon tipleri,anksiyete bozukluklarının tedavisinde kullanılabilen,aniden bırakılmaması gereken, bırakıldıgı takdirde insanın gününü mahvedip sarhos olmaktan beter eden  *  bir  anti depresan .",eksisozluk
paxil,"hafif siddette gerceklesen  depresyon larda doktorlarin reçete ile verdikleri, insanda hafif derecede uyusukluk yapan  prozac  turu bir antidepresan ilaçtir.",eksisozluk
paxil,"diger anti depresanlar kadar uyku vermedigi, daha cok gulucuk verdigi icin bir cok kimsenin tercih sebebi olan ismi gicik ilac.  prozac  tan uc kat daha iyi oldugu soylenir",eksisozluk
paxil,depresan etkisinin yanında anksiyeteyede çözüm getiren seroxat ın paket değiştirmiş hali yurt dışında adı en çok mahkemelerde yankılanan antidepresanlardan temkinli davranılmasında yarar var,eksisozluk
paxil,"tum yan etkilerine (bkz:  bas donmesi,halsizlik,uyku,mide bulantisi ) ragmen ilk gunden itibaren isini iyi yaptigini gordugum ilac. (bkz:  mutluluktan ucacagim abidin )",eksisozluk
paxil,"midemi mahveden ,sabahtan beri böğürmeme sebebiyet veren antidepresan",eksisozluk
paxil,"bırakıldığı takdirde ilk birkaç gün sarhoş gibi dolaşmanıza, kış ortasında askılılarla gezmenize sebep olabilir. ellerinizin titremesi ve bunu kontrol altına alamamanız da ayrı bir olaydır. alınmaya başlandığında da mide bulantısı, baş dönmesi gibi etkileri kendini göstermeye başlar. bunların dışında etrafa gülümseyen bir suratla bakmanızı sağlar.",eksisozluk
paxil,paroxetine hcl icerikli anti depresan.glaxosmithkline'nin yeni mamulu.,eksisozluk
paxil,çocuklar duymasın ekibi tarafından bir tanıtım filmi çekilen anti depresan bir ilaç. kısaca mutluluk ilacı,eksisozluk
paxil,"drow  lisanında çürüme, bozulma anlamına gelen sözcük.",eksisozluk
paxil,"tüm depresyon tipleri,anksiyete bozukluklarının tedavisinde kullanılabilen,aniden bırakılmaması gereken, bırakıldıgı takdirde insanın gününü mahvedip sarhos olmaktan beter eden  *  bir  anti depresan .",eksisozluk
paxil,"hafif siddette gerceklesen  depresyon larda doktorlarin reçete ile verdikleri, insanda hafif derecede uyusukluk yapan  prozac  turu bir antidepresan ilaçtir.",eksisozluk
paxil,"diger anti depresanlar kadar uyku vermedigi, daha cok gulucuk verdigi icin bir cok kimsenin tercih sebebi olan ismi gicik ilac.  prozac  tan uc kat daha iyi oldugu soylenir",eksisozluk
paxil,depresan etkisinin yanında anksiyeteyede çözüm getiren seroxat ın paket değiştirmiş hali yurt dışında adı en çok mahkemelerde yankılanan antidepresanlardan temkinli davranılmasında yarar var,eksisozluk
paxil,"tum yan etkilerine (bkz:  bas donmesi,halsizlik,uyku,mide bulantisi ) ragmen ilk gunden itibaren isini iyi yaptigini gordugum ilac. (bkz:  mutluluktan ucacagim abidin )",eksisozluk
paxil,"midemi mahveden ,sabahtan beri böğürmeme sebebiyet veren antidepresan",eksisozluk
paxil,"bırakıldığı takdirde ilk birkaç gün sarhoş gibi dolaşmanıza, kış ortasında askılılarla gezmenize sebep olabilir. ellerinizin titremesi ve bunu kontrol altına alamamanız da ayrı bir olaydır. alınmaya başlandığında da mide bulantısı, baş dönmesi gibi etkileri kendini göstermeye başlar. bunların dışında etrafa gülümseyen bir suratla bakmanızı sağlar.",eksisozluk
paxil,paroxetine hcl icerikli anti depresan.glaxosmithkline'nin yeni mamulu.,eksisozluk
paxil,çocuklar duymasın ekibi tarafından bir tanıtım filmi çekilen anti depresan bir ilaç. kısaca mutluluk ilacı,eksisozluk
paxil,"drow  lisanında çürüme, bozulma anlamına gelen sözcük.",eksisozluk
paxil,"tüm depresyon tipleri,anksiyete bozukluklarının tedavisinde kullanılabilen,aniden bırakılmaması gereken, bırakıldıgı takdirde insanın gününü mahvedip sarhos olmaktan beter eden  *  bir  anti depresan .",eksisozluk
paxil,"hafif siddette gerceklesen  depresyon larda doktorlarin reçete ile verdikleri, insanda hafif derecede uyusukluk yapan  prozac  turu bir antidepresan ilaçtir.",eksisozluk
paxil,"diger anti depresanlar kadar uyku vermedigi, daha cok gulucuk verdigi icin bir cok kimsenin tercih sebebi olan ismi gicik ilac.  prozac  tan uc kat daha iyi oldugu soylenir",eksisozluk
paxil,depresan etkisinin yanında anksiyeteyede çözüm getiren seroxat ın paket değiştirmiş hali yurt dışında adı en çok mahkemelerde yankılanan antidepresanlardan temkinli davranılmasında yarar var,eksisozluk
paxil,"tum yan etkilerine (bkz:  bas donmesi,halsizlik,uyku,mide bulantisi ) ragmen ilk gunden itibaren isini iyi yaptigini gordugum ilac. (bkz:  mutluluktan ucacagim abidin )",eksisozluk
paxil,"midemi mahveden ,sabahtan beri böğürmeme sebebiyet veren antidepresan",eksisozluk
paxil,"bırakıldığı takdirde ilk birkaç gün sarhoş gibi dolaşmanıza, kış ortasında askılılarla gezmenize sebep olabilir. ellerinizin titremesi ve bunu kontrol altına alamamanız da ayrı bir olaydır. alınmaya başlandığında da mide bulantısı, baş dönmesi gibi etkileri kendini göstermeye başlar. bunların dışında etrafa gülümseyen bir suratla bakmanızı sağlar.",eksisozluk
paxil,paroxetine hcl icerikli anti depresan.glaxosmithkline'nin yeni mamulu.,eksisozluk
paxil,çocuklar duymasın ekibi tarafından bir tanıtım filmi çekilen anti depresan bir ilaç. kısaca mutluluk ilacı,eksisozluk
paxil,"drow  lisanında çürüme, bozulma anlamına gelen sözcük.",eksisozluk
paxil,"tüm depresyon tipleri,anksiyete bozukluklarının tedavisinde kullanılabilen,aniden bırakılmaması gereken, bırakıldıgı takdirde insanın gününü mahvedip sarhos olmaktan beter eden  *  bir  anti depresan .",eksisozluk
paxil,"hafif siddette gerceklesen  depresyon larda doktorlarin reçete ile verdikleri, insanda hafif derecede uyusukluk yapan  prozac  turu bir antidepresan ilaçtir.",eksisozluk
paxil,"diger anti depresanlar kadar uyku vermedigi, daha cok gulucuk verdigi icin bir cok kimsenin tercih sebebi olan ismi gicik ilac.  prozac  tan uc kat daha iyi oldugu soylenir",eksisozluk
paxil,depresan etkisinin yanında anksiyeteyede çözüm getiren seroxat ın paket değiştirmiş hali yurt dışında adı en çok mahkemelerde yankılanan antidepresanlardan temkinli davranılmasında yarar var,eksisozluk
paxil,"tum yan etkilerine (bkz:  bas donmesi,halsizlik,uyku,mide bulantisi ) ragmen ilk gunden itibaren isini iyi yaptigini gordugum ilac. (bkz:  mutluluktan ucacagim abidin )",eksisozluk
paxil,"midemi mahveden ,sabahtan beri böğürmeme sebebiyet veren antidepresan",eksisozluk
paxil,"bırakıldığı takdirde ilk birkaç gün sarhoş gibi dolaşmanıza, kış ortasında askılılarla gezmenize sebep olabilir. ellerinizin titremesi ve bunu kontrol altına alamamanız da ayrı bir olaydır. alınmaya başlandığında da mide bulantısı, baş dönmesi gibi etkileri kendini göstermeye başlar. bunların dışında etrafa gülümseyen bir suratla bakmanızı sağlar.",eksisozluk
paxil,paroxetine hcl icerikli anti depresan.glaxosmithkline'nin yeni mamulu.,eksisozluk
paxil,çocuklar duymasın ekibi tarafından bir tanıtım filmi çekilen anti depresan bir ilaç. kısaca mutluluk ilacı,eksisozluk
paxil,"drow  lisanında çürüme, bozulma anlamına gelen sözcük.",eksisozluk
paxil,"tüm depresyon tipleri,anksiyete bozukluklarının tedavisinde kullanılabilen,aniden bırakılmaması gereken, bırakıldıgı takdirde insanın gününü mahvedip sarhos olmaktan beter eden  *  bir  anti depresan .",eksisozluk
paxil,"hafif siddette gerceklesen  depresyon larda doktorlarin reçete ile verdikleri, insanda hafif derecede uyusukluk yapan  prozac  turu bir antidepresan ilaçtir.",eksisozluk
paxil,"diger anti depresanlar kadar uyku vermedigi, daha cok gulucuk verdigi icin bir cok kimsenin tercih sebebi olan ismi gicik ilac.  prozac  tan uc kat daha iyi oldugu soylenir",eksisozluk
paxil,depresan etkisinin yanında anksiyeteyede çözüm getiren seroxat ın paket değiştirmiş hali yurt dışında adı en çok mahkemelerde yankılanan antidepresanlardan temkinli davranılmasında yarar var,eksisozluk
paxil,"tum yan etkilerine (bkz:  bas donmesi,halsizlik,uyku,mide bulantisi ) ragmen ilk gunden itibaren isini iyi yaptigini gordugum ilac. (bkz:  mutluluktan ucacagim abidin )",eksisozluk
paxil,"midemi mahveden ,sabahtan beri böğürmeme sebebiyet veren antidepresan",eksisozluk
paxil,"bırakıldığı takdirde ilk birkaç gün sarhoş gibi dolaşmanıza, kış ortasında askılılarla gezmenize sebep olabilir. ellerinizin titremesi ve bunu kontrol altına alamamanız da ayrı bir olaydır. alınmaya başlandığında da mide bulantısı, baş dönmesi gibi etkileri kendini göstermeye başlar. bunların dışında etrafa gülümseyen bir suratla bakmanızı sağlar.",eksisozluk
paxil,paroxetine hcl icerikli anti depresan.glaxosmithkline'nin yeni mamulu.,eksisozluk
paxil,çocuklar duymasın ekibi tarafından bir tanıtım filmi çekilen anti depresan bir ilaç. kısaca mutluluk ilacı,eksisozluk
paxil,"drow  lisanında çürüme, bozulma anlamına gelen sözcük.",eksisozluk
paxil,"tüm depresyon tipleri,anksiyete bozukluklarının tedavisinde kullanılabilen,aniden bırakılmaması gereken, bırakıldıgı takdirde insanın gününü mahvedip sarhos olmaktan beter eden  *  bir  anti depresan .",eksisozluk
paxil,"hafif siddette gerceklesen  depresyon larda doktorlarin reçete ile verdikleri, insanda hafif derecede uyusukluk yapan  prozac  turu bir antidepresan ilaçtir.",eksisozluk
paxil,"diger anti depresanlar kadar uyku vermedigi, daha cok gulucuk verdigi icin bir cok kimsenin tercih sebebi olan ismi gicik ilac.  prozac  tan uc kat daha iyi oldugu soylenir",eksisozluk
paxil,depresan etkisinin yanında anksiyeteyede çözüm getiren seroxat ın paket değiştirmiş hali yurt dışında adı en çok mahkemelerde yankılanan antidepresanlardan temkinli davranılmasında yarar var,eksisozluk
paxil,"tum yan etkilerine (bkz:  bas donmesi,halsizlik,uyku,mide bulantisi ) ragmen ilk gunden itibaren isini iyi yaptigini gordugum ilac. (bkz:  mutluluktan ucacagim abidin )",eksisozluk
paxil,"midemi mahveden ,sabahtan beri böğürmeme sebebiyet veren antidepresan",eksisozluk
paxil,"bırakıldığı takdirde ilk birkaç gün sarhoş gibi dolaşmanıza, kış ortasında askılılarla gezmenize sebep olabilir. ellerinizin titremesi ve bunu kontrol altına alamamanız da ayrı bir olaydır. alınmaya başlandığında da mide bulantısı, baş dönmesi gibi etkileri kendini göstermeye başlar. bunların dışında etrafa gülümseyen bir suratla bakmanızı sağlar.",eksisozluk
paxil,paroxetine hcl icerikli anti depresan.glaxosmithkline'nin yeni mamulu.,eksisozluk
paxil,çocuklar duymasın ekibi tarafından bir tanıtım filmi çekilen anti depresan bir ilaç. kısaca mutluluk ilacı,eksisozluk
paxil,"drow  lisanında çürüme, bozulma anlamına gelen sözcük.",eksisozluk
paxil,"tüm depresyon tipleri,anksiyete bozukluklarının tedavisinde kullanılabilen,aniden bırakılmaması gereken, bırakıldıgı takdirde insanın gününü mahvedip sarhos olmaktan beter eden  *  bir  anti depresan .",eksisozluk
paxil,"hafif siddette gerceklesen  depresyon larda doktorlarin reçete ile verdikleri, insanda hafif derecede uyusukluk yapan  prozac  turu bir antidepresan ilaçtir.",eksisozluk
paxil,"diger anti depresanlar kadar uyku vermedigi, daha cok gulucuk verdigi icin bir cok kimsenin tercih sebebi olan ismi gicik ilac.  prozac  tan uc kat daha iyi oldugu soylenir",eksisozluk
paxil,depresan etkisinin yanında anksiyeteyede çözüm getiren seroxat ın paket değiştirmiş hali yurt dışında adı en çok mahkemelerde yankılanan antidepresanlardan temkinli davranılmasında yarar var,eksisozluk
paxil,"tum yan etkilerine (bkz:  bas donmesi,halsizlik,uyku,mide bulantisi ) ragmen ilk gunden itibaren isini iyi yaptigini gordugum ilac. (bkz:  mutluluktan ucacagim abidin )",eksisozluk
paxil,"midemi mahveden ,sabahtan beri böğürmeme sebebiyet veren antidepresan",eksisozluk
paxil,"bırakıldığı takdirde ilk birkaç gün sarhoş gibi dolaşmanıza, kış ortasında askılılarla gezmenize sebep olabilir. ellerinizin titremesi ve bunu kontrol altına alamamanız da ayrı bir olaydır. alınmaya başlandığında da mide bulantısı, baş dönmesi gibi etkileri kendini göstermeye başlar. bunların dışında etrafa gülümseyen bir suratla bakmanızı sağlar.",eksisozluk
paxil,paroxetine hcl icerikli anti depresan.glaxosmithkline'nin yeni mamulu.,eksisozluk
paxil,çocuklar duymasın ekibi tarafından bir tanıtım filmi çekilen anti depresan bir ilaç. kısaca mutluluk ilacı,eksisozluk
paxil,"drow  lisanında çürüme, bozulma anlamına gelen sözcük.",eksisozluk
paxil,"tüm depresyon tipleri,anksiyete bozukluklarının tedavisinde kullanılabilen,aniden bırakılmaması gereken, bırakıldıgı takdirde insanın gününü mahvedip sarhos olmaktan beter eden  *  bir  anti depresan .",eksisozluk
paxil,"hafif siddette gerceklesen  depresyon larda doktorlarin reçete ile verdikleri, insanda hafif derecede uyusukluk yapan  prozac  turu bir antidepresan ilaçtir.",eksisozluk
paxil,"diger anti depresanlar kadar uyku vermedigi, daha cok gulucuk verdigi icin bir cok kimsenin tercih sebebi olan ismi gicik ilac.  prozac  tan uc kat daha iyi oldugu soylenir",eksisozluk
paxil,depresan etkisinin yanında anksiyeteyede çözüm getiren seroxat ın paket değiştirmiş hali yurt dışında adı en çok mahkemelerde yankılanan antidepresanlardan temkinli davranılmasında yarar var,eksisozluk
paxil,"tum yan etkilerine (bkz:  bas donmesi,halsizlik,uyku,mide bulantisi ) ragmen ilk gunden itibaren isini iyi yaptigini gordugum ilac. (bkz:  mutluluktan ucacagim abidin )",eksisozluk
paxil,"midemi mahveden ,sabahtan beri böğürmeme sebebiyet veren antidepresan",eksisozluk
paxil,"bırakıldığı takdirde ilk birkaç gün sarhoş gibi dolaşmanıza, kış ortasında askılılarla gezmenize sebep olabilir. ellerinizin titremesi ve bunu kontrol altına alamamanız da ayrı bir olaydır. alınmaya başlandığında da mide bulantısı, baş dönmesi gibi etkileri kendini göstermeye başlar. bunların dışında etrafa gülümseyen bir suratla bakmanızı sağlar.",eksisozluk
paxil,paroxetine hcl icerikli anti depresan.glaxosmithkline'nin yeni mamulu.,eksisozluk
paxil,çocuklar duymasın ekibi tarafından bir tanıtım filmi çekilen anti depresan bir ilaç. kısaca mutluluk ilacı,eksisozluk
paxil,"drow  lisanında çürüme, bozulma anlamına gelen sözcük.",eksisozluk
paxil,"tüm depresyon tipleri,anksiyete bozukluklarının tedavisinde kullanılabilen,aniden bırakılmaması gereken, bırakıldıgı takdirde insanın gününü mahvedip sarhos olmaktan beter eden  *  bir  anti depresan .",eksisozluk
paxil,"hafif siddette gerceklesen  depresyon larda doktorlarin reçete ile verdikleri, insanda hafif derecede uyusukluk yapan  prozac  turu bir antidepresan ilaçtir.",eksisozluk
paxil,"diger anti depresanlar kadar uyku vermedigi, daha cok gulucuk verdigi icin bir cok kimsenin tercih sebebi olan ismi gicik ilac.  prozac  tan uc kat daha iyi oldugu soylenir",eksisozluk
paxil,depresan etkisinin yanında anksiyeteyede çözüm getiren seroxat ın paket değiştirmiş hali yurt dışında adı en çok mahkemelerde yankılanan antidepresanlardan temkinli davranılmasında yarar var,eksisozluk
paxil,"tum yan etkilerine (bkz:  bas donmesi,halsizlik,uyku,mide bulantisi ) ragmen ilk gunden itibaren isini iyi yaptigini gordugum ilac. (bkz:  mutluluktan ucacagim abidin )",eksisozluk
paxil,"midemi mahveden ,sabahtan beri böğürmeme sebebiyet veren antidepresan",eksisozluk
paxil,"bırakıldığı takdirde ilk birkaç gün sarhoş gibi dolaşmanıza, kış ortasında askılılarla gezmenize sebep olabilir. ellerinizin titremesi ve bunu kontrol altına alamamanız da ayrı bir olaydır. alınmaya başlandığında da mide bulantısı, baş dönmesi gibi etkileri kendini göstermeye başlar. bunların dışında etrafa gülümseyen bir suratla bakmanızı sağlar.",eksisozluk
lustral,"eski metallium gitaristi, yeni  karton  insani, sevgili arkadas. motoru var, kaski var, kedisi var. seviyorum :)",eksisozluk
lustral,"serotonin geri alım inhibitoru olup,salgılanan serotoninlerin vucutta serbestce dolasmasına izin vererek,panik atak,depresyon ve obsesif kompulsif bosukluk tedavisinde etkili olan bir anti-depresan turu",eksisozluk
lustral,sivilce yaptığından şüphelendiğim anti depresan.,eksisozluk
lustral,sizin tepki vereceğiniz varsa kesinlikle etkileyemeyen ilaç...,eksisozluk
lustral,anksiyete  de etkin tedavi.,eksisozluk
lustral,"oyle bir hafta kullanarak hic bir sonuc elde edemeyeceginiz, uzun sureli ve duzenli kullanim gerektiren hafif bir antidepresan.",eksisozluk
lustral,"uzun süreli kullanımda işe yarayan, en sinirlenmeniz gereken anda bile ""boşver yav, daha sonra sinirlenirim"" hissi veren ilaç... yan etkisi ise erkeklerde ejekülasyonu geciktirme... edit :  bu yan etki kadınlarda da geçerliymiş...",eksisozluk
lustral,"eski metallium gitaristi, yeni  karton  insani, sevgili arkadas. motoru var, kaski var, kedisi var. seviyorum :)",eksisozluk
lustral,"serotonin geri alım inhibitoru olup,salgılanan serotoninlerin vucutta serbestce dolasmasına izin vererek,panik atak,depresyon ve obsesif kompulsif bosukluk tedavisinde etkili olan bir anti-depresan turu",eksisozluk
lustral,sivilce yaptığından şüphelendiğim anti depresan.,eksisozluk
lustral,sizin tepki vereceğiniz varsa kesinlikle etkileyemeyen ilaç...,eksisozluk
lustral,anksiyete  de etkin tedavi.,eksisozluk
lustral,"oyle bir hafta kullanarak hic bir sonuc elde edemeyeceginiz, uzun sureli ve duzenli kullanim gerektiren hafif bir antidepresan.",eksisozluk
lustral,"uzun süreli kullanımda işe yarayan, en sinirlenmeniz gereken anda bile ""boşver yav, daha sonra sinirlenirim"" hissi veren ilaç... yan etkisi ise erkeklerde ejekülasyonu geciktirme... edit :  bu yan etki kadınlarda da geçerliymiş...",eksisozluk
lustral,"eski metallium gitaristi, yeni  karton  insani, sevgili arkadas. motoru var, kaski var, kedisi var. seviyorum :)",eksisozluk
lustral,"serotonin geri alım inhibitoru olup,salgılanan serotoninlerin vucutta serbestce dolasmasına izin vererek,panik atak,depresyon ve obsesif kompulsif bosukluk tedavisinde etkili olan bir anti-depresan turu",eksisozluk
lustral,sivilce yaptığından şüphelendiğim anti depresan.,eksisozluk
lustral,sizin tepki vereceğiniz varsa kesinlikle etkileyemeyen ilaç...,eksisozluk
lustral,anksiyete  de etkin tedavi.,eksisozluk
lustral,"oyle bir hafta kullanarak hic bir sonuc elde edemeyeceginiz, uzun sureli ve duzenli kullanim gerektiren hafif bir antidepresan.",eksisozluk
lustral,"uzun süreli kullanımda işe yarayan, en sinirlenmeniz gereken anda bile ""boşver yav, daha sonra sinirlenirim"" hissi veren ilaç... yan etkisi ise erkeklerde ejekülasyonu geciktirme... edit :  bu yan etki kadınlarda da geçerliymiş...",eksisozluk
lustral,"eski metallium gitaristi, yeni  karton  insani, sevgili arkadas. motoru var, kaski var, kedisi var. seviyorum :)",eksisozluk
lustral,"serotonin geri alım inhibitoru olup,salgılanan serotoninlerin vucutta serbestce dolasmasına izin vererek,panik atak,depresyon ve obsesif kompulsif bosukluk tedavisinde etkili olan bir anti-depresan turu",eksisozluk
lustral,sivilce yaptığından şüphelendiğim anti depresan.,eksisozluk
lustral,sizin tepki vereceğiniz varsa kesinlikle etkileyemeyen ilaç...,eksisozluk
lustral,anksiyete  de etkin tedavi.,eksisozluk
lustral,"oyle bir hafta kullanarak hic bir sonuc elde edemeyeceginiz, uzun sureli ve duzenli kullanim gerektiren hafif bir antidepresan.",eksisozluk
lustral,"uzun süreli kullanımda işe yarayan, en sinirlenmeniz gereken anda bile ""boşver yav, daha sonra sinirlenirim"" hissi veren ilaç... yan etkisi ise erkeklerde ejekülasyonu geciktirme... edit :  bu yan etki kadınlarda da geçerliymiş...",eksisozluk
lustral,"eski metallium gitaristi, yeni  karton  insani, sevgili arkadas. motoru var, kaski var, kedisi var. seviyorum :)",eksisozluk
lustral,"serotonin geri alım inhibitoru olup,salgılanan serotoninlerin vucutta serbestce dolasmasına izin vererek,panik atak,depresyon ve obsesif kompulsif bosukluk tedavisinde etkili olan bir anti-depresan turu",eksisozluk
lustral,sivilce yaptığından şüphelendiğim anti depresan.,eksisozluk
lustral,sizin tepki vereceğiniz varsa kesinlikle etkileyemeyen ilaç...,eksisozluk
lustral,anksiyete  de etkin tedavi.,eksisozluk
lustral,"oyle bir hafta kullanarak hic bir sonuc elde edemeyeceginiz, uzun sureli ve duzenli kullanim gerektiren hafif bir antidepresan.",eksisozluk
lustral,"uzun süreli kullanımda işe yarayan, en sinirlenmeniz gereken anda bile ""boşver yav, daha sonra sinirlenirim"" hissi veren ilaç... yan etkisi ise erkeklerde ejekülasyonu geciktirme... edit :  bu yan etki kadınlarda da geçerliymiş...",eksisozluk
lustral,"eski metallium gitaristi, yeni  karton  insani, sevgili arkadas. motoru var, kaski var, kedisi var. seviyorum :)",eksisozluk
lustral,"serotonin geri alım inhibitoru olup,salgılanan serotoninlerin vucutta serbestce dolasmasına izin vererek,panik atak,depresyon ve obsesif kompulsif bosukluk tedavisinde etkili olan bir anti-depresan turu",eksisozluk
lustral,sivilce yaptığından şüphelendiğim anti depresan.,eksisozluk
lustral,sizin tepki vereceğiniz varsa kesinlikle etkileyemeyen ilaç...,eksisozluk
lustral,anksiyete  de etkin tedavi.,eksisozluk
lustral,"oyle bir hafta kullanarak hic bir sonuc elde edemeyeceginiz, uzun sureli ve duzenli kullanim gerektiren hafif bir antidepresan.",eksisozluk
lustral,"uzun süreli kullanımda işe yarayan, en sinirlenmeniz gereken anda bile ""boşver yav, daha sonra sinirlenirim"" hissi veren ilaç... yan etkisi ise erkeklerde ejekülasyonu geciktirme... edit :  bu yan etki kadınlarda da geçerliymiş...",eksisozluk
lustral,"eski metallium gitaristi, yeni  karton  insani, sevgili arkadas. motoru var, kaski var, kedisi var. seviyorum :)",eksisozluk
lustral,"serotonin geri alım inhibitoru olup,salgılanan serotoninlerin vucutta serbestce dolasmasına izin vererek,panik atak,depresyon ve obsesif kompulsif bosukluk tedavisinde etkili olan bir anti-depresan turu",eksisozluk
lustral,sivilce yaptığından şüphelendiğim anti depresan.,eksisozluk
lustral,sizin tepki vereceğiniz varsa kesinlikle etkileyemeyen ilaç...,eksisozluk
lustral,anksiyete  de etkin tedavi.,eksisozluk
lustral,"oyle bir hafta kullanarak hic bir sonuc elde edemeyeceginiz, uzun sureli ve duzenli kullanim gerektiren hafif bir antidepresan.",eksisozluk
lustral,"uzun süreli kullanımda işe yarayan, en sinirlenmeniz gereken anda bile ""boşver yav, daha sonra sinirlenirim"" hissi veren ilaç... yan etkisi ise erkeklerde ejekülasyonu geciktirme... edit :  bu yan etki kadınlarda da geçerliymiş...",eksisozluk
lustral,"eski metallium gitaristi, yeni  karton  insani, sevgili arkadas. motoru var, kaski var, kedisi var. seviyorum :)",eksisozluk
lustral,"serotonin geri alım inhibitoru olup,salgılanan serotoninlerin vucutta serbestce dolasmasına izin vererek,panik atak,depresyon ve obsesif kompulsif bosukluk tedavisinde etkili olan bir anti-depresan turu",eksisozluk
lustral,sivilce yaptığından şüphelendiğim anti depresan.,eksisozluk
lustral,sizin tepki vereceğiniz varsa kesinlikle etkileyemeyen ilaç...,eksisozluk
lustral,anksiyete  de etkin tedavi.,eksisozluk
lustral,"oyle bir hafta kullanarak hic bir sonuc elde edemeyeceginiz, uzun sureli ve duzenli kullanim gerektiren hafif bir antidepresan.",eksisozluk
lustral,"uzun süreli kullanımda işe yarayan, en sinirlenmeniz gereken anda bile ""boşver yav, daha sonra sinirlenirim"" hissi veren ilaç... yan etkisi ise erkeklerde ejekülasyonu geciktirme... edit :  bu yan etki kadınlarda da geçerliymiş...",eksisozluk
lustral,"eski metallium gitaristi, yeni  karton  insani, sevgili arkadas. motoru var, kaski var, kedisi var. seviyorum :)",eksisozluk
lustral,"serotonin geri alım inhibitoru olup,salgılanan serotoninlerin vucutta serbestce dolasmasına izin vererek,panik atak,depresyon ve obsesif kompulsif bosukluk tedavisinde etkili olan bir anti-depresan turu",eksisozluk
lustral,sivilce yaptığından şüphelendiğim anti depresan.,eksisozluk
lustral,sizin tepki vereceğiniz varsa kesinlikle etkileyemeyen ilaç...,eksisozluk
lustral,anksiyete  de etkin tedavi.,eksisozluk
lustral,"oyle bir hafta kullanarak hic bir sonuc elde edemeyeceginiz, uzun sureli ve duzenli kullanim gerektiren hafif bir antidepresan.",eksisozluk
lustral,"uzun süreli kullanımda işe yarayan, en sinirlenmeniz gereken anda bile ""boşver yav, daha sonra sinirlenirim"" hissi veren ilaç... yan etkisi ise erkeklerde ejekülasyonu geciktirme... edit :  bu yan etki kadınlarda da geçerliymiş...",eksisozluk
lustral,"eski metallium gitaristi, yeni  karton  insani, sevgili arkadas. motoru var, kaski var, kedisi var. seviyorum :)",eksisozluk
lustral,"serotonin geri alım inhibitoru olup,salgılanan serotoninlerin vucutta serbestce dolasmasına izin vererek,panik atak,depresyon ve obsesif kompulsif bosukluk tedavisinde etkili olan bir anti-depresan turu",eksisozluk
lustral,sivilce yaptığından şüphelendiğim anti depresan.,eksisozluk
lustral,sizin tepki vereceğiniz varsa kesinlikle etkileyemeyen ilaç...,eksisozluk
lustral,anksiyete  de etkin tedavi.,eksisozluk
lustral,"oyle bir hafta kullanarak hic bir sonuc elde edemeyeceginiz, uzun sureli ve duzenli kullanim gerektiren hafif bir antidepresan.",eksisozluk
lustral,"uzun süreli kullanımda işe yarayan, en sinirlenmeniz gereken anda bile ""boşver yav, daha sonra sinirlenirim"" hissi veren ilaç... yan etkisi ise erkeklerde ejekülasyonu geciktirme... edit :  bu yan etki kadınlarda da geçerliymiş...",eksisozluk
lustral,"eski metallium gitaristi, yeni  karton  insani, sevgili arkadas. motoru var, kaski var, kedisi var. seviyorum :)",eksisozluk
lustral,"serotonin geri alım inhibitoru olup,salgılanan serotoninlerin vucutta serbestce dolasmasına izin vererek,panik atak,depresyon ve obsesif kompulsif bosukluk tedavisinde etkili olan bir anti-depresan turu",eksisozluk
lustral,sivilce yaptığından şüphelendiğim anti depresan.,eksisozluk
lustral,sizin tepki vereceğiniz varsa kesinlikle etkileyemeyen ilaç...,eksisozluk
lustral,anksiyete  de etkin tedavi.,eksisozluk
lustral,"oyle bir hafta kullanarak hic bir sonuc elde edemeyeceginiz, uzun sureli ve duzenli kullanim gerektiren hafif bir antidepresan.",eksisozluk
lustral,"uzun süreli kullanımda işe yarayan, en sinirlenmeniz gereken anda bile ""boşver yav, daha sonra sinirlenirim"" hissi veren ilaç... yan etkisi ise erkeklerde ejekülasyonu geciktirme... edit :  bu yan etki kadınlarda da geçerliymiş...",eksisozluk
lustral,"eski metallium gitaristi, yeni  karton  insani, sevgili arkadas. motoru var, kaski var, kedisi var. seviyorum :)",eksisozluk
lustral,"serotonin geri alım inhibitoru olup,salgılanan serotoninlerin vucutta serbestce dolasmasına izin vererek,panik atak,depresyon ve obsesif kompulsif bosukluk tedavisinde etkili olan bir anti-depresan turu",eksisozluk
lustral,sivilce yaptığından şüphelendiğim anti depresan.,eksisozluk
lustral,sizin tepki vereceğiniz varsa kesinlikle etkileyemeyen ilaç...,eksisozluk
lustral,anksiyete  de etkin tedavi.,eksisozluk
lustral,"oyle bir hafta kullanarak hic bir sonuc elde edemeyeceginiz, uzun sureli ve duzenli kullanim gerektiren hafif bir antidepresan.",eksisozluk
lustral,"uzun süreli kullanımda işe yarayan, en sinirlenmeniz gereken anda bile ""boşver yav, daha sonra sinirlenirim"" hissi veren ilaç... yan etkisi ise erkeklerde ejekülasyonu geciktirme... edit :  bu yan etki kadınlarda da geçerliymiş...",eksisozluk
lustral,"eski metallium gitaristi, yeni  karton  insani, sevgili arkadas. motoru var, kaski var, kedisi var. seviyorum :)",eksisozluk
lustral,"serotonin geri alım inhibitoru olup,salgılanan serotoninlerin vucutta serbestce dolasmasına izin vererek,panik atak,depresyon ve obsesif kompulsif bosukluk tedavisinde etkili olan bir anti-depresan turu",eksisozluk
lustral,sivilce yaptığından şüphelendiğim anti depresan.,eksisozluk
lustral,sizin tepki vereceğiniz varsa kesinlikle etkileyemeyen ilaç...,eksisozluk
lustral,anksiyete  de etkin tedavi.,eksisozluk
lustral,"oyle bir hafta kullanarak hic bir sonuc elde edemeyeceginiz, uzun sureli ve duzenli kullanim gerektiren hafif bir antidepresan.",eksisozluk
lustral,"uzun süreli kullanımda işe yarayan, en sinirlenmeniz gereken anda bile ""boşver yav, daha sonra sinirlenirim"" hissi veren ilaç... yan etkisi ise erkeklerde ejekülasyonu geciktirme... edit :  bu yan etki kadınlarda da geçerliymiş...",eksisozluk
lustral,"eski metallium gitaristi, yeni  karton  insani, sevgili arkadas. motoru var, kaski var, kedisi var. seviyorum :)",eksisozluk
lustral,"serotonin geri alım inhibitoru olup,salgılanan serotoninlerin vucutta serbestce dolasmasına izin vererek,panik atak,depresyon ve obsesif kompulsif bosukluk tedavisinde etkili olan bir anti-depresan turu",eksisozluk
lustral,sivilce yaptığından şüphelendiğim anti depresan.,eksisozluk
lustral,sizin tepki vereceğiniz varsa kesinlikle etkileyemeyen ilaç...,eksisozluk
lustral,anksiyete  de etkin tedavi.,eksisozluk
lustral,"oyle bir hafta kullanarak hic bir sonuc elde edemeyeceginiz, uzun sureli ve duzenli kullanim gerektiren hafif bir antidepresan.",eksisozluk
lustral,"uzun süreli kullanımda işe yarayan, en sinirlenmeniz gereken anda bile ""boşver yav, daha sonra sinirlenirim"" hissi veren ilaç... yan etkisi ise erkeklerde ejekülasyonu geciktirme... edit :  bu yan etki kadınlarda da geçerliymiş...",eksisozluk
lustral,"eski metallium gitaristi, yeni  karton  insani, sevgili arkadas. motoru var, kaski var, kedisi var. seviyorum :)",eksisozluk
lustral,"serotonin geri alım inhibitoru olup,salgılanan serotoninlerin vucutta serbestce dolasmasına izin vererek,panik atak,depresyon ve obsesif kompulsif bosukluk tedavisinde etkili olan bir anti-depresan turu",eksisozluk
lustral,sivilce yaptığından şüphelendiğim anti depresan.,eksisozluk
lustral,sizin tepki vereceğiniz varsa kesinlikle etkileyemeyen ilaç...,eksisozluk
lustral,anksiyete  de etkin tedavi.,eksisozluk
lustral,"oyle bir hafta kullanarak hic bir sonuc elde edemeyeceginiz, uzun sureli ve duzenli kullanim gerektiren hafif bir antidepresan.",eksisozluk
lustral,"uzun süreli kullanımda işe yarayan, en sinirlenmeniz gereken anda bile ""boşver yav, daha sonra sinirlenirim"" hissi veren ilaç... yan etkisi ise erkeklerde ejekülasyonu geciktirme... edit :  bu yan etki kadınlarda da geçerliymiş...",eksisozluk
lustral,"eski metallium gitaristi, yeni  karton  insani, sevgili arkadas. motoru var, kaski var, kedisi var. seviyorum :)",eksisozluk
lustral,"serotonin geri alım inhibitoru olup,salgılanan serotoninlerin vucutta serbestce dolasmasına izin vererek,panik atak,depresyon ve obsesif kompulsif bosukluk tedavisinde etkili olan bir anti-depresan turu",eksisozluk
lustral,sivilce yaptığından şüphelendiğim anti depresan.,eksisozluk
lustral,sizin tepki vereceğiniz varsa kesinlikle etkileyemeyen ilaç...,eksisozluk
lustral,anksiyete  de etkin tedavi.,eksisozluk
lustral,"oyle bir hafta kullanarak hic bir sonuc elde edemeyeceginiz, uzun sureli ve duzenli kullanim gerektiren hafif bir antidepresan.",eksisozluk
lustral,"uzun süreli kullanımda işe yarayan, en sinirlenmeniz gereken anda bile ""boşver yav, daha sonra sinirlenirim"" hissi veren ilaç... yan etkisi ise erkeklerde ejekülasyonu geciktirme... edit :  bu yan etki kadınlarda da geçerliymiş...",eksisozluk
lustral,"eski metallium gitaristi, yeni  karton  insani, sevgili arkadas. motoru var, kaski var, kedisi var. seviyorum :)",eksisozluk
lustral,"serotonin geri alım inhibitoru olup,salgılanan serotoninlerin vucutta serbestce dolasmasına izin vererek,panik atak,depresyon ve obsesif kompulsif bosukluk tedavisinde etkili olan bir anti-depresan turu",eksisozluk
lustral,sivilce yaptığından şüphelendiğim anti depresan.,eksisozluk
lustral,sizin tepki vereceğiniz varsa kesinlikle etkileyemeyen ilaç...,eksisozluk
lustral,anksiyete  de etkin tedavi.,eksisozluk
lustral,"oyle bir hafta kullanarak hic bir sonuc elde edemeyeceginiz, uzun sureli ve duzenli kullanim gerektiren hafif bir antidepresan.",eksisozluk
lustral,"uzun süreli kullanımda işe yarayan, en sinirlenmeniz gereken anda bile ""boşver yav, daha sonra sinirlenirim"" hissi veren ilaç... yan etkisi ise erkeklerde ejekülasyonu geciktirme... edit :  bu yan etki kadınlarda da geçerliymiş...",eksisozluk
lustral,"eski metallium gitaristi, yeni  karton  insani, sevgili arkadas. motoru var, kaski var, kedisi var. seviyorum :)",eksisozluk
lustral,"serotonin geri alım inhibitoru olup,salgılanan serotoninlerin vucutta serbestce dolasmasına izin vererek,panik atak,depresyon ve obsesif kompulsif bosukluk tedavisinde etkili olan bir anti-depresan turu",eksisozluk
lustral,sivilce yaptığından şüphelendiğim anti depresan.,eksisozluk
lustral,sizin tepki vereceğiniz varsa kesinlikle etkileyemeyen ilaç...,eksisozluk
lustral,anksiyete  de etkin tedavi.,eksisozluk
lustral,"oyle bir hafta kullanarak hic bir sonuc elde edemeyeceginiz, uzun sureli ve duzenli kullanim gerektiren hafif bir antidepresan.",eksisozluk
lustral,"uzun süreli kullanımda işe yarayan, en sinirlenmeniz gereken anda bile ""boşver yav, daha sonra sinirlenirim"" hissi veren ilaç... yan etkisi ise erkeklerde ejekülasyonu geciktirme... edit :  bu yan etki kadınlarda da geçerliymiş...",eksisozluk
lustral,"eski metallium gitaristi, yeni  karton  insani, sevgili arkadas. motoru var, kaski var, kedisi var. seviyorum :)",eksisozluk
lustral,"serotonin geri alım inhibitoru olup,salgılanan serotoninlerin vucutta serbestce dolasmasına izin vererek,panik atak,depresyon ve obsesif kompulsif bosukluk tedavisinde etkili olan bir anti-depresan turu",eksisozluk
lustral,sivilce yaptığından şüphelendiğim anti depresan.,eksisozluk
lustral,sizin tepki vereceğiniz varsa kesinlikle etkileyemeyen ilaç...,eksisozluk
lustral,anksiyete  de etkin tedavi.,eksisozluk
lustral,"oyle bir hafta kullanarak hic bir sonuc elde edemeyeceginiz, uzun sureli ve duzenli kullanim gerektiren hafif bir antidepresan.",eksisozluk
lustral,"uzun süreli kullanımda işe yarayan, en sinirlenmeniz gereken anda bile ""boşver yav, daha sonra sinirlenirim"" hissi veren ilaç... yan etkisi ise erkeklerde ejekülasyonu geciktirme... edit :  bu yan etki kadınlarda da geçerliymiş...",eksisozluk
lustral,"eski metallium gitaristi, yeni  karton  insani, sevgili arkadas. motoru var, kaski var, kedisi var. seviyorum :)",eksisozluk
lustral,"serotonin geri alım inhibitoru olup,salgılanan serotoninlerin vucutta serbestce dolasmasına izin vererek,panik atak,depresyon ve obsesif kompulsif bosukluk tedavisinde etkili olan bir anti-depresan turu",eksisozluk
lustral,sivilce yaptığından şüphelendiğim anti depresan.,eksisozluk
lustral,sizin tepki vereceğiniz varsa kesinlikle etkileyemeyen ilaç...,eksisozluk
lustral,anksiyete  de etkin tedavi.,eksisozluk
lustral,"oyle bir hafta kullanarak hic bir sonuc elde edemeyeceginiz, uzun sureli ve duzenli kullanim gerektiren hafif bir antidepresan.",eksisozluk
lustral,"uzun süreli kullanımda işe yarayan, en sinirlenmeniz gereken anda bile ""boşver yav, daha sonra sinirlenirim"" hissi veren ilaç... yan etkisi ise erkeklerde ejekülasyonu geciktirme... edit :  bu yan etki kadınlarda da geçerliymiş...",eksisozluk
cipram,"var böyle bi$ii!!! hem de hayat kurtaran cinsinden... haddime düşmeksizin iddia edebilirim ki a/d'lerin en iyisi, en efektifidir, günün birinde asla ihtiyaç duyulmaması dilenir...",eksisozluk
cipram,"avrupada cipramil, abd'de celexa olarak piyasadadır.",eksisozluk
cipram,"danimarka kokenli lundbeck ilac firmasi tarafindan 2000 yilindan beri turkiye'de pazarlanan bir antidepresan, daha evvel yerli bir firma olan liba tarafindan satiliyordu.",eksisozluk
cipram,tarih itibariyle 66 milyona edinilebilicek mutluluk.,eksisozluk
cipram,amerikadaki en ucuz turkiyedeki en pahalli ssri. ilac etkilesim profili en duzgun olan ssri lardan biridir karacigerde d26 inhibisyonu yapmaz. anksiyolitik profili de fena diildir.,eksisozluk
cipram,oda ısısında saklanmalıdır. reçete ile satıldığı için gerekirse bir sonraki kutuya başlamadan önce tekrar kontrole gitmek gerekir.,eksisozluk
cipram,migren  tedavisinde de kullanilan  anti depresan .,eksisozluk
cipram,"etkisini aldıktan 15 gün sonra göstermeye başladığı söylenen, ilk zamanlarda hafif bir baş dönmesi, bulantı hissi veren, iyi olsanız bile altı ya da sekiz ay kullanmanız gereken anti depresan.",eksisozluk
cipram,sipariş verilen çipura usta çipram çıkıyor mu?,eksisozluk
cipram,"pek çok antidepresan gibi ilk başta 2 hafta boyunca yarım olarak alınan ve en az 6 ay kullanılması gereken,ayakta uyutan ve bırakıldığı takdirde ağlama krizlerine sokan ilaç. aniden bırakıldığında  kesilmek bilmeyen baş dönmeleri olmasına sebep veren ve başlarken olduğu gibi kişinin kendini sersem gibi hissetmesine yol açan ilaç.rahatlatır,uykuyu düzene sokar,anormal yan etkileri yapmaz,24 saat gülücükler saçtırır...",eksisozluk
cipram,"var böyle bi$ii!!! hem de hayat kurtaran cinsinden... haddime düşmeksizin iddia edebilirim ki a/d'lerin en iyisi, en efektifidir, günün birinde asla ihtiyaç duyulmaması dilenir...",eksisozluk
cipram,"avrupada cipramil, abd'de celexa olarak piyasadadır.",eksisozluk
cipram,"danimarka kokenli lundbeck ilac firmasi tarafindan 2000 yilindan beri turkiye'de pazarlanan bir antidepresan, daha evvel yerli bir firma olan liba tarafindan satiliyordu.",eksisozluk
cipram,tarih itibariyle 66 milyona edinilebilicek mutluluk.,eksisozluk
cipram,amerikadaki en ucuz turkiyedeki en pahalli ssri. ilac etkilesim profili en duzgun olan ssri lardan biridir karacigerde d26 inhibisyonu yapmaz. anksiyolitik profili de fena diildir.,eksisozluk
cipram,oda ısısında saklanmalıdır. reçete ile satıldığı için gerekirse bir sonraki kutuya başlamadan önce tekrar kontrole gitmek gerekir.,eksisozluk
cipram,migren  tedavisinde de kullanilan  anti depresan .,eksisozluk
cipram,"etkisini aldıktan 15 gün sonra göstermeye başladığı söylenen, ilk zamanlarda hafif bir baş dönmesi, bulantı hissi veren, iyi olsanız bile altı ya da sekiz ay kullanmanız gereken anti depresan.",eksisozluk
cipram,sipariş verilen çipura usta çipram çıkıyor mu?,eksisozluk
cipram,"pek çok antidepresan gibi ilk başta 2 hafta boyunca yarım olarak alınan ve en az 6 ay kullanılması gereken,ayakta uyutan ve bırakıldığı takdirde ağlama krizlerine sokan ilaç. aniden bırakıldığında  kesilmek bilmeyen baş dönmeleri olmasına sebep veren ve başlarken olduğu gibi kişinin kendini sersem gibi hissetmesine yol açan ilaç.rahatlatır,uykuyu düzene sokar,anormal yan etkileri yapmaz,24 saat gülücükler saçtırır...",eksisozluk
cipram,"var böyle bi$ii!!! hem de hayat kurtaran cinsinden... haddime düşmeksizin iddia edebilirim ki a/d'lerin en iyisi, en efektifidir, günün birinde asla ihtiyaç duyulmaması dilenir...",eksisozluk
cipram,"avrupada cipramil, abd'de celexa olarak piyasadadır.",eksisozluk
cipram,"danimarka kokenli lundbeck ilac firmasi tarafindan 2000 yilindan beri turkiye'de pazarlanan bir antidepresan, daha evvel yerli bir firma olan liba tarafindan satiliyordu.",eksisozluk
cipram,tarih itibariyle 66 milyona edinilebilicek mutluluk.,eksisozluk
cipram,amerikadaki en ucuz turkiyedeki en pahalli ssri. ilac etkilesim profili en duzgun olan ssri lardan biridir karacigerde d26 inhibisyonu yapmaz. anksiyolitik profili de fena diildir.,eksisozluk
cipram,oda ısısında saklanmalıdır. reçete ile satıldığı için gerekirse bir sonraki kutuya başlamadan önce tekrar kontrole gitmek gerekir.,eksisozluk
cipram,migren  tedavisinde de kullanilan  anti depresan .,eksisozluk
cipram,"etkisini aldıktan 15 gün sonra göstermeye başladığı söylenen, ilk zamanlarda hafif bir baş dönmesi, bulantı hissi veren, iyi olsanız bile altı ya da sekiz ay kullanmanız gereken anti depresan.",eksisozluk
cipram,sipariş verilen çipura usta çipram çıkıyor mu?,eksisozluk
cipram,"pek çok antidepresan gibi ilk başta 2 hafta boyunca yarım olarak alınan ve en az 6 ay kullanılması gereken,ayakta uyutan ve bırakıldığı takdirde ağlama krizlerine sokan ilaç. aniden bırakıldığında  kesilmek bilmeyen baş dönmeleri olmasına sebep veren ve başlarken olduğu gibi kişinin kendini sersem gibi hissetmesine yol açan ilaç.rahatlatır,uykuyu düzene sokar,anormal yan etkileri yapmaz,24 saat gülücükler saçtırır...",eksisozluk
cipram,"var böyle bi$ii!!! hem de hayat kurtaran cinsinden... haddime düşmeksizin iddia edebilirim ki a/d'lerin en iyisi, en efektifidir, günün birinde asla ihtiyaç duyulmaması dilenir...",eksisozluk
cipram,"avrupada cipramil, abd'de celexa olarak piyasadadır.",eksisozluk
cipram,"danimarka kokenli lundbeck ilac firmasi tarafindan 2000 yilindan beri turkiye'de pazarlanan bir antidepresan, daha evvel yerli bir firma olan liba tarafindan satiliyordu.",eksisozluk
cipram,tarih itibariyle 66 milyona edinilebilicek mutluluk.,eksisozluk
cipram,amerikadaki en ucuz turkiyedeki en pahalli ssri. ilac etkilesim profili en duzgun olan ssri lardan biridir karacigerde d26 inhibisyonu yapmaz. anksiyolitik profili de fena diildir.,eksisozluk
cipram,oda ısısında saklanmalıdır. reçete ile satıldığı için gerekirse bir sonraki kutuya başlamadan önce tekrar kontrole gitmek gerekir.,eksisozluk
cipram,migren  tedavisinde de kullanilan  anti depresan .,eksisozluk
cipram,"etkisini aldıktan 15 gün sonra göstermeye başladığı söylenen, ilk zamanlarda hafif bir baş dönmesi, bulantı hissi veren, iyi olsanız bile altı ya da sekiz ay kullanmanız gereken anti depresan.",eksisozluk
cipram,sipariş verilen çipura usta çipram çıkıyor mu?,eksisozluk
cipram,"pek çok antidepresan gibi ilk başta 2 hafta boyunca yarım olarak alınan ve en az 6 ay kullanılması gereken,ayakta uyutan ve bırakıldığı takdirde ağlama krizlerine sokan ilaç. aniden bırakıldığında  kesilmek bilmeyen baş dönmeleri olmasına sebep veren ve başlarken olduğu gibi kişinin kendini sersem gibi hissetmesine yol açan ilaç.rahatlatır,uykuyu düzene sokar,anormal yan etkileri yapmaz,24 saat gülücükler saçtırır...",eksisozluk
cipram,"var böyle bi$ii!!! hem de hayat kurtaran cinsinden... haddime düşmeksizin iddia edebilirim ki a/d'lerin en iyisi, en efektifidir, günün birinde asla ihtiyaç duyulmaması dilenir...",eksisozluk
cipram,"avrupada cipramil, abd'de celexa olarak piyasadadır.",eksisozluk
cipram,"danimarka kokenli lundbeck ilac firmasi tarafindan 2000 yilindan beri turkiye'de pazarlanan bir antidepresan, daha evvel yerli bir firma olan liba tarafindan satiliyordu.",eksisozluk
cipram,tarih itibariyle 66 milyona edinilebilicek mutluluk.,eksisozluk
cipram,amerikadaki en ucuz turkiyedeki en pahalli ssri. ilac etkilesim profili en duzgun olan ssri lardan biridir karacigerde d26 inhibisyonu yapmaz. anksiyolitik profili de fena diildir.,eksisozluk
cipram,oda ısısında saklanmalıdır. reçete ile satıldığı için gerekirse bir sonraki kutuya başlamadan önce tekrar kontrole gitmek gerekir.,eksisozluk
cipram,migren  tedavisinde de kullanilan  anti depresan .,eksisozluk
cipram,"etkisini aldıktan 15 gün sonra göstermeye başladığı söylenen, ilk zamanlarda hafif bir baş dönmesi, bulantı hissi veren, iyi olsanız bile altı ya da sekiz ay kullanmanız gereken anti depresan.",eksisozluk
cipram,sipariş verilen çipura usta çipram çıkıyor mu?,eksisozluk
cipram,"pek çok antidepresan gibi ilk başta 2 hafta boyunca yarım olarak alınan ve en az 6 ay kullanılması gereken,ayakta uyutan ve bırakıldığı takdirde ağlama krizlerine sokan ilaç. aniden bırakıldığında  kesilmek bilmeyen baş dönmeleri olmasına sebep veren ve başlarken olduğu gibi kişinin kendini sersem gibi hissetmesine yol açan ilaç.rahatlatır,uykuyu düzene sokar,anormal yan etkileri yapmaz,24 saat gülücükler saçtırır...",eksisozluk
cipram,"var böyle bi$ii!!! hem de hayat kurtaran cinsinden... haddime düşmeksizin iddia edebilirim ki a/d'lerin en iyisi, en efektifidir, günün birinde asla ihtiyaç duyulmaması dilenir...",eksisozluk
cipram,"avrupada cipramil, abd'de celexa olarak piyasadadır.",eksisozluk
cipram,"danimarka kokenli lundbeck ilac firmasi tarafindan 2000 yilindan beri turkiye'de pazarlanan bir antidepresan, daha evvel yerli bir firma olan liba tarafindan satiliyordu.",eksisozluk
cipram,tarih itibariyle 66 milyona edinilebilicek mutluluk.,eksisozluk
cipram,amerikadaki en ucuz turkiyedeki en pahalli ssri. ilac etkilesim profili en duzgun olan ssri lardan biridir karacigerde d26 inhibisyonu yapmaz. anksiyolitik profili de fena diildir.,eksisozluk
cipram,oda ısısında saklanmalıdır. reçete ile satıldığı için gerekirse bir sonraki kutuya başlamadan önce tekrar kontrole gitmek gerekir.,eksisozluk
cipram,migren  tedavisinde de kullanilan  anti depresan .,eksisozluk
cipram,"etkisini aldıktan 15 gün sonra göstermeye başladığı söylenen, ilk zamanlarda hafif bir baş dönmesi, bulantı hissi veren, iyi olsanız bile altı ya da sekiz ay kullanmanız gereken anti depresan.",eksisozluk
cipram,sipariş verilen çipura usta çipram çıkıyor mu?,eksisozluk
cipram,"pek çok antidepresan gibi ilk başta 2 hafta boyunca yarım olarak alınan ve en az 6 ay kullanılması gereken,ayakta uyutan ve bırakıldığı takdirde ağlama krizlerine sokan ilaç. aniden bırakıldığında  kesilmek bilmeyen baş dönmeleri olmasına sebep veren ve başlarken olduğu gibi kişinin kendini sersem gibi hissetmesine yol açan ilaç.rahatlatır,uykuyu düzene sokar,anormal yan etkileri yapmaz,24 saat gülücükler saçtırır...",eksisozluk
cipram,"var böyle bi$ii!!! hem de hayat kurtaran cinsinden... haddime düşmeksizin iddia edebilirim ki a/d'lerin en iyisi, en efektifidir, günün birinde asla ihtiyaç duyulmaması dilenir...",eksisozluk
cipram,"avrupada cipramil, abd'de celexa olarak piyasadadır.",eksisozluk
cipram,"danimarka kokenli lundbeck ilac firmasi tarafindan 2000 yilindan beri turkiye'de pazarlanan bir antidepresan, daha evvel yerli bir firma olan liba tarafindan satiliyordu.",eksisozluk
cipram,tarih itibariyle 66 milyona edinilebilicek mutluluk.,eksisozluk
cipram,amerikadaki en ucuz turkiyedeki en pahalli ssri. ilac etkilesim profili en duzgun olan ssri lardan biridir karacigerde d26 inhibisyonu yapmaz. anksiyolitik profili de fena diildir.,eksisozluk
cipram,oda ısısında saklanmalıdır. reçete ile satıldığı için gerekirse bir sonraki kutuya başlamadan önce tekrar kontrole gitmek gerekir.,eksisozluk
cipram,migren  tedavisinde de kullanilan  anti depresan .,eksisozluk
cipram,"etkisini aldıktan 15 gün sonra göstermeye başladığı söylenen, ilk zamanlarda hafif bir baş dönmesi, bulantı hissi veren, iyi olsanız bile altı ya da sekiz ay kullanmanız gereken anti depresan.",eksisozluk
cipram,sipariş verilen çipura usta çipram çıkıyor mu?,eksisozluk
cipram,"pek çok antidepresan gibi ilk başta 2 hafta boyunca yarım olarak alınan ve en az 6 ay kullanılması gereken,ayakta uyutan ve bırakıldığı takdirde ağlama krizlerine sokan ilaç. aniden bırakıldığında  kesilmek bilmeyen baş dönmeleri olmasına sebep veren ve başlarken olduğu gibi kişinin kendini sersem gibi hissetmesine yol açan ilaç.rahatlatır,uykuyu düzene sokar,anormal yan etkileri yapmaz,24 saat gülücükler saçtırır...",eksisozluk
cipram,"var böyle bi$ii!!! hem de hayat kurtaran cinsinden... haddime düşmeksizin iddia edebilirim ki a/d'lerin en iyisi, en efektifidir, günün birinde asla ihtiyaç duyulmaması dilenir...",eksisozluk
cipram,"avrupada cipramil, abd'de celexa olarak piyasadadır.",eksisozluk
cipram,"danimarka kokenli lundbeck ilac firmasi tarafindan 2000 yilindan beri turkiye'de pazarlanan bir antidepresan, daha evvel yerli bir firma olan liba tarafindan satiliyordu.",eksisozluk
cipram,tarih itibariyle 66 milyona edinilebilicek mutluluk.,eksisozluk
cipram,amerikadaki en ucuz turkiyedeki en pahalli ssri. ilac etkilesim profili en duzgun olan ssri lardan biridir karacigerde d26 inhibisyonu yapmaz. anksiyolitik profili de fena diildir.,eksisozluk
cipram,oda ısısında saklanmalıdır. reçete ile satıldığı için gerekirse bir sonraki kutuya başlamadan önce tekrar kontrole gitmek gerekir.,eksisozluk
cipram,migren  tedavisinde de kullanilan  anti depresan .,eksisozluk
cipram,"etkisini aldıktan 15 gün sonra göstermeye başladığı söylenen, ilk zamanlarda hafif bir baş dönmesi, bulantı hissi veren, iyi olsanız bile altı ya da sekiz ay kullanmanız gereken anti depresan.",eksisozluk
cipram,sipariş verilen çipura usta çipram çıkıyor mu?,eksisozluk
cipram,"pek çok antidepresan gibi ilk başta 2 hafta boyunca yarım olarak alınan ve en az 6 ay kullanılması gereken,ayakta uyutan ve bırakıldığı takdirde ağlama krizlerine sokan ilaç. aniden bırakıldığında  kesilmek bilmeyen baş dönmeleri olmasına sebep veren ve başlarken olduğu gibi kişinin kendini sersem gibi hissetmesine yol açan ilaç.rahatlatır,uykuyu düzene sokar,anormal yan etkileri yapmaz,24 saat gülücükler saçtırır...",eksisozluk
cipram,"var böyle bi$ii!!! hem de hayat kurtaran cinsinden... haddime düşmeksizin iddia edebilirim ki a/d'lerin en iyisi, en efektifidir, günün birinde asla ihtiyaç duyulmaması dilenir...",eksisozluk
cipram,"avrupada cipramil, abd'de celexa olarak piyasadadır.",eksisozluk
cipram,"danimarka kokenli lundbeck ilac firmasi tarafindan 2000 yilindan beri turkiye'de pazarlanan bir antidepresan, daha evvel yerli bir firma olan liba tarafindan satiliyordu.",eksisozluk
cipram,tarih itibariyle 66 milyona edinilebilicek mutluluk.,eksisozluk
cipram,amerikadaki en ucuz turkiyedeki en pahalli ssri. ilac etkilesim profili en duzgun olan ssri lardan biridir karacigerde d26 inhibisyonu yapmaz. anksiyolitik profili de fena diildir.,eksisozluk
cipram,oda ısısında saklanmalıdır. reçete ile satıldığı için gerekirse bir sonraki kutuya başlamadan önce tekrar kontrole gitmek gerekir.,eksisozluk
cipram,migren  tedavisinde de kullanilan  anti depresan .,eksisozluk
cipram,"etkisini aldıktan 15 gün sonra göstermeye başladığı söylenen, ilk zamanlarda hafif bir baş dönmesi, bulantı hissi veren, iyi olsanız bile altı ya da sekiz ay kullanmanız gereken anti depresan.",eksisozluk
cipram,sipariş verilen çipura usta çipram çıkıyor mu?,eksisozluk
cipram,"pek çok antidepresan gibi ilk başta 2 hafta boyunca yarım olarak alınan ve en az 6 ay kullanılması gereken,ayakta uyutan ve bırakıldığı takdirde ağlama krizlerine sokan ilaç. aniden bırakıldığında  kesilmek bilmeyen baş dönmeleri olmasına sebep veren ve başlarken olduğu gibi kişinin kendini sersem gibi hissetmesine yol açan ilaç.rahatlatır,uykuyu düzene sokar,anormal yan etkileri yapmaz,24 saat gülücükler saçtırır...",eksisozluk
cipram,"var böyle bi$ii!!! hem de hayat kurtaran cinsinden... haddime düşmeksizin iddia edebilirim ki a/d'lerin en iyisi, en efektifidir, günün birinde asla ihtiyaç duyulmaması dilenir...",eksisozluk
cipram,"avrupada cipramil, abd'de celexa olarak piyasadadır.",eksisozluk
cipram,"danimarka kokenli lundbeck ilac firmasi tarafindan 2000 yilindan beri turkiye'de pazarlanan bir antidepresan, daha evvel yerli bir firma olan liba tarafindan satiliyordu.",eksisozluk
cipram,tarih itibariyle 66 milyona edinilebilicek mutluluk.,eksisozluk
cipram,amerikadaki en ucuz turkiyedeki en pahalli ssri. ilac etkilesim profili en duzgun olan ssri lardan biridir karacigerde d26 inhibisyonu yapmaz. anksiyolitik profili de fena diildir.,eksisozluk
cipram,oda ısısında saklanmalıdır. reçete ile satıldığı için gerekirse bir sonraki kutuya başlamadan önce tekrar kontrole gitmek gerekir.,eksisozluk
cipram,migren  tedavisinde de kullanilan  anti depresan .,eksisozluk
cipram,"etkisini aldıktan 15 gün sonra göstermeye başladığı söylenen, ilk zamanlarda hafif bir baş dönmesi, bulantı hissi veren, iyi olsanız bile altı ya da sekiz ay kullanmanız gereken anti depresan.",eksisozluk
cipram,sipariş verilen çipura usta çipram çıkıyor mu?,eksisozluk
cipram,"pek çok antidepresan gibi ilk başta 2 hafta boyunca yarım olarak alınan ve en az 6 ay kullanılması gereken,ayakta uyutan ve bırakıldığı takdirde ağlama krizlerine sokan ilaç. aniden bırakıldığında  kesilmek bilmeyen baş dönmeleri olmasına sebep veren ve başlarken olduğu gibi kişinin kendini sersem gibi hissetmesine yol açan ilaç.rahatlatır,uykuyu düzene sokar,anormal yan etkileri yapmaz,24 saat gülücükler saçtırır...",eksisozluk
cipram,"var böyle bi$ii!!! hem de hayat kurtaran cinsinden... haddime düşmeksizin iddia edebilirim ki a/d'lerin en iyisi, en efektifidir, günün birinde asla ihtiyaç duyulmaması dilenir...",eksisozluk
cipram,"avrupada cipramil, abd'de celexa olarak piyasadadır.",eksisozluk
cipram,"danimarka kokenli lundbeck ilac firmasi tarafindan 2000 yilindan beri turkiye'de pazarlanan bir antidepresan, daha evvel yerli bir firma olan liba tarafindan satiliyordu.",eksisozluk
cipram,tarih itibariyle 66 milyona edinilebilicek mutluluk.,eksisozluk
cipram,amerikadaki en ucuz turkiyedeki en pahalli ssri. ilac etkilesim profili en duzgun olan ssri lardan biridir karacigerde d26 inhibisyonu yapmaz. anksiyolitik profili de fena diildir.,eksisozluk
cipram,oda ısısında saklanmalıdır. reçete ile satıldığı için gerekirse bir sonraki kutuya başlamadan önce tekrar kontrole gitmek gerekir.,eksisozluk
cipram,migren  tedavisinde de kullanilan  anti depresan .,eksisozluk
cipram,"etkisini aldıktan 15 gün sonra göstermeye başladığı söylenen, ilk zamanlarda hafif bir baş dönmesi, bulantı hissi veren, iyi olsanız bile altı ya da sekiz ay kullanmanız gereken anti depresan.",eksisozluk
cipram,sipariş verilen çipura usta çipram çıkıyor mu?,eksisozluk
cipram,"pek çok antidepresan gibi ilk başta 2 hafta boyunca yarım olarak alınan ve en az 6 ay kullanılması gereken,ayakta uyutan ve bırakıldığı takdirde ağlama krizlerine sokan ilaç. aniden bırakıldığında  kesilmek bilmeyen baş dönmeleri olmasına sebep veren ve başlarken olduğu gibi kişinin kendini sersem gibi hissetmesine yol açan ilaç.rahatlatır,uykuyu düzene sokar,anormal yan etkileri yapmaz,24 saat gülücükler saçtırır...",eksisozluk
cipram,"var böyle bi$ii!!! hem de hayat kurtaran cinsinden... haddime düşmeksizin iddia edebilirim ki a/d'lerin en iyisi, en efektifidir, günün birinde asla ihtiyaç duyulmaması dilenir...",eksisozluk
cipram,"avrupada cipramil, abd'de celexa olarak piyasadadır.",eksisozluk
cipram,"danimarka kokenli lundbeck ilac firmasi tarafindan 2000 yilindan beri turkiye'de pazarlanan bir antidepresan, daha evvel yerli bir firma olan liba tarafindan satiliyordu.",eksisozluk
cipram,tarih itibariyle 66 milyona edinilebilicek mutluluk.,eksisozluk
cipram,amerikadaki en ucuz turkiyedeki en pahalli ssri. ilac etkilesim profili en duzgun olan ssri lardan biridir karacigerde d26 inhibisyonu yapmaz. anksiyolitik profili de fena diildir.,eksisozluk
cipram,oda ısısında saklanmalıdır. reçete ile satıldığı için gerekirse bir sonraki kutuya başlamadan önce tekrar kontrole gitmek gerekir.,eksisozluk
cipram,migren  tedavisinde de kullanilan  anti depresan .,eksisozluk
cipram,"etkisini aldıktan 15 gün sonra göstermeye başladığı söylenen, ilk zamanlarda hafif bir baş dönmesi, bulantı hissi veren, iyi olsanız bile altı ya da sekiz ay kullanmanız gereken anti depresan.",eksisozluk
cipram,sipariş verilen çipura usta çipram çıkıyor mu?,eksisozluk
cipram,"pek çok antidepresan gibi ilk başta 2 hafta boyunca yarım olarak alınan ve en az 6 ay kullanılması gereken,ayakta uyutan ve bırakıldığı takdirde ağlama krizlerine sokan ilaç. aniden bırakıldığında  kesilmek bilmeyen baş dönmeleri olmasına sebep veren ve başlarken olduğu gibi kişinin kendini sersem gibi hissetmesine yol açan ilaç.rahatlatır,uykuyu düzene sokar,anormal yan etkileri yapmaz,24 saat gülücükler saçtırır...",eksisozluk
cipram,"var böyle bi$ii!!! hem de hayat kurtaran cinsinden... haddime düşmeksizin iddia edebilirim ki a/d'lerin en iyisi, en efektifidir, günün birinde asla ihtiyaç duyulmaması dilenir...",eksisozluk
cipram,"avrupada cipramil, abd'de celexa olarak piyasadadır.",eksisozluk
cipram,"danimarka kokenli lundbeck ilac firmasi tarafindan 2000 yilindan beri turkiye'de pazarlanan bir antidepresan, daha evvel yerli bir firma olan liba tarafindan satiliyordu.",eksisozluk
cipram,tarih itibariyle 66 milyona edinilebilicek mutluluk.,eksisozluk
cipram,amerikadaki en ucuz turkiyedeki en pahalli ssri. ilac etkilesim profili en duzgun olan ssri lardan biridir karacigerde d26 inhibisyonu yapmaz. anksiyolitik profili de fena diildir.,eksisozluk
cipram,oda ısısında saklanmalıdır. reçete ile satıldığı için gerekirse bir sonraki kutuya başlamadan önce tekrar kontrole gitmek gerekir.,eksisozluk
cipram,migren  tedavisinde de kullanilan  anti depresan .,eksisozluk
cipram,"etkisini aldıktan 15 gün sonra göstermeye başladığı söylenen, ilk zamanlarda hafif bir baş dönmesi, bulantı hissi veren, iyi olsanız bile altı ya da sekiz ay kullanmanız gereken anti depresan.",eksisozluk
cipram,sipariş verilen çipura usta çipram çıkıyor mu?,eksisozluk
cipram,"pek çok antidepresan gibi ilk başta 2 hafta boyunca yarım olarak alınan ve en az 6 ay kullanılması gereken,ayakta uyutan ve bırakıldığı takdirde ağlama krizlerine sokan ilaç. aniden bırakıldığında  kesilmek bilmeyen baş dönmeleri olmasına sebep veren ve başlarken olduğu gibi kişinin kendini sersem gibi hissetmesine yol açan ilaç.rahatlatır,uykuyu düzene sokar,anormal yan etkileri yapmaz,24 saat gülücükler saçtırır...",eksisozluk
cipram,"var böyle bi$ii!!! hem de hayat kurtaran cinsinden... haddime düşmeksizin iddia edebilirim ki a/d'lerin en iyisi, en efektifidir, günün birinde asla ihtiyaç duyulmaması dilenir...",eksisozluk
cipram,"avrupada cipramil, abd'de celexa olarak piyasadadır.",eksisozluk
cipram,"danimarka kokenli lundbeck ilac firmasi tarafindan 2000 yilindan beri turkiye'de pazarlanan bir antidepresan, daha evvel yerli bir firma olan liba tarafindan satiliyordu.",eksisozluk
cipram,tarih itibariyle 66 milyona edinilebilicek mutluluk.,eksisozluk
cipram,amerikadaki en ucuz turkiyedeki en pahalli ssri. ilac etkilesim profili en duzgun olan ssri lardan biridir karacigerde d26 inhibisyonu yapmaz. anksiyolitik profili de fena diildir.,eksisozluk
cipram,oda ısısında saklanmalıdır. reçete ile satıldığı için gerekirse bir sonraki kutuya başlamadan önce tekrar kontrole gitmek gerekir.,eksisozluk
cipram,migren  tedavisinde de kullanilan  anti depresan .,eksisozluk
cipram,"etkisini aldıktan 15 gün sonra göstermeye başladığı söylenen, ilk zamanlarda hafif bir baş dönmesi, bulantı hissi veren, iyi olsanız bile altı ya da sekiz ay kullanmanız gereken anti depresan.",eksisozluk
cipram,sipariş verilen çipura usta çipram çıkıyor mu?,eksisozluk
cipram,"pek çok antidepresan gibi ilk başta 2 hafta boyunca yarım olarak alınan ve en az 6 ay kullanılması gereken,ayakta uyutan ve bırakıldığı takdirde ağlama krizlerine sokan ilaç. aniden bırakıldığında  kesilmek bilmeyen baş dönmeleri olmasına sebep veren ve başlarken olduğu gibi kişinin kendini sersem gibi hissetmesine yol açan ilaç.rahatlatır,uykuyu düzene sokar,anormal yan etkileri yapmaz,24 saat gülücükler saçtırır...",eksisozluk
cipram,"var böyle bi$ii!!! hem de hayat kurtaran cinsinden... haddime düşmeksizin iddia edebilirim ki a/d'lerin en iyisi, en efektifidir, günün birinde asla ihtiyaç duyulmaması dilenir...",eksisozluk
cipram,"avrupada cipramil, abd'de celexa olarak piyasadadır.",eksisozluk
cipram,"danimarka kokenli lundbeck ilac firmasi tarafindan 2000 yilindan beri turkiye'de pazarlanan bir antidepresan, daha evvel yerli bir firma olan liba tarafindan satiliyordu.",eksisozluk
cipram,tarih itibariyle 66 milyona edinilebilicek mutluluk.,eksisozluk
cipram,amerikadaki en ucuz turkiyedeki en pahalli ssri. ilac etkilesim profili en duzgun olan ssri lardan biridir karacigerde d26 inhibisyonu yapmaz. anksiyolitik profili de fena diildir.,eksisozluk
cipram,oda ısısında saklanmalıdır. reçete ile satıldığı için gerekirse bir sonraki kutuya başlamadan önce tekrar kontrole gitmek gerekir.,eksisozluk
cipram,migren  tedavisinde de kullanilan  anti depresan .,eksisozluk
cipram,"etkisini aldıktan 15 gün sonra göstermeye başladığı söylenen, ilk zamanlarda hafif bir baş dönmesi, bulantı hissi veren, iyi olsanız bile altı ya da sekiz ay kullanmanız gereken anti depresan.",eksisozluk
cipram,sipariş verilen çipura usta çipram çıkıyor mu?,eksisozluk
cipram,"pek çok antidepresan gibi ilk başta 2 hafta boyunca yarım olarak alınan ve en az 6 ay kullanılması gereken,ayakta uyutan ve bırakıldığı takdirde ağlama krizlerine sokan ilaç. aniden bırakıldığında  kesilmek bilmeyen baş dönmeleri olmasına sebep veren ve başlarken olduğu gibi kişinin kendini sersem gibi hissetmesine yol açan ilaç.rahatlatır,uykuyu düzene sokar,anormal yan etkileri yapmaz,24 saat gülücükler saçtırır...",eksisozluk
cipram,"var böyle bi$ii!!! hem de hayat kurtaran cinsinden... haddime düşmeksizin iddia edebilirim ki a/d'lerin en iyisi, en efektifidir, günün birinde asla ihtiyaç duyulmaması dilenir...",eksisozluk
cipram,"avrupada cipramil, abd'de celexa olarak piyasadadır.",eksisozluk
cipram,"danimarka kokenli lundbeck ilac firmasi tarafindan 2000 yilindan beri turkiye'de pazarlanan bir antidepresan, daha evvel yerli bir firma olan liba tarafindan satiliyordu.",eksisozluk
cipram,tarih itibariyle 66 milyona edinilebilicek mutluluk.,eksisozluk
cipram,amerikadaki en ucuz turkiyedeki en pahalli ssri. ilac etkilesim profili en duzgun olan ssri lardan biridir karacigerde d26 inhibisyonu yapmaz. anksiyolitik profili de fena diildir.,eksisozluk
cipram,oda ısısında saklanmalıdır. reçete ile satıldığı için gerekirse bir sonraki kutuya başlamadan önce tekrar kontrole gitmek gerekir.,eksisozluk
cipram,migren  tedavisinde de kullanilan  anti depresan .,eksisozluk
cipram,"etkisini aldıktan 15 gün sonra göstermeye başladığı söylenen, ilk zamanlarda hafif bir baş dönmesi, bulantı hissi veren, iyi olsanız bile altı ya da sekiz ay kullanmanız gereken anti depresan.",eksisozluk
cipram,sipariş verilen çipura usta çipram çıkıyor mu?,eksisozluk
cipram,"pek çok antidepresan gibi ilk başta 2 hafta boyunca yarım olarak alınan ve en az 6 ay kullanılması gereken,ayakta uyutan ve bırakıldığı takdirde ağlama krizlerine sokan ilaç. aniden bırakıldığında  kesilmek bilmeyen baş dönmeleri olmasına sebep veren ve başlarken olduğu gibi kişinin kendini sersem gibi hissetmesine yol açan ilaç.rahatlatır,uykuyu düzene sokar,anormal yan etkileri yapmaz,24 saat gülücükler saçtırır...",eksisozluk
cipram,"var böyle bi$ii!!! hem de hayat kurtaran cinsinden... haddime düşmeksizin iddia edebilirim ki a/d'lerin en iyisi, en efektifidir, günün birinde asla ihtiyaç duyulmaması dilenir...",eksisozluk
cipram,"avrupada cipramil, abd'de celexa olarak piyasadadır.",eksisozluk
cipram,"danimarka kokenli lundbeck ilac firmasi tarafindan 2000 yilindan beri turkiye'de pazarlanan bir antidepresan, daha evvel yerli bir firma olan liba tarafindan satiliyordu.",eksisozluk
cipram,tarih itibariyle 66 milyona edinilebilicek mutluluk.,eksisozluk
cipram,amerikadaki en ucuz turkiyedeki en pahalli ssri. ilac etkilesim profili en duzgun olan ssri lardan biridir karacigerde d26 inhibisyonu yapmaz. anksiyolitik profili de fena diildir.,eksisozluk
cipram,oda ısısında saklanmalıdır. reçete ile satıldığı için gerekirse bir sonraki kutuya başlamadan önce tekrar kontrole gitmek gerekir.,eksisozluk
cipram,migren  tedavisinde de kullanilan  anti depresan .,eksisozluk
cipram,"etkisini aldıktan 15 gün sonra göstermeye başladığı söylenen, ilk zamanlarda hafif bir baş dönmesi, bulantı hissi veren, iyi olsanız bile altı ya da sekiz ay kullanmanız gereken anti depresan.",eksisozluk
cipram,sipariş verilen çipura usta çipram çıkıyor mu?,eksisozluk
cipram,"pek çok antidepresan gibi ilk başta 2 hafta boyunca yarım olarak alınan ve en az 6 ay kullanılması gereken,ayakta uyutan ve bırakıldığı takdirde ağlama krizlerine sokan ilaç. aniden bırakıldığında  kesilmek bilmeyen baş dönmeleri olmasına sebep veren ve başlarken olduğu gibi kişinin kendini sersem gibi hissetmesine yol açan ilaç.rahatlatır,uykuyu düzene sokar,anormal yan etkileri yapmaz,24 saat gülücükler saçtırır...",eksisozluk
cipram,"var böyle bi$ii!!! hem de hayat kurtaran cinsinden... haddime düşmeksizin iddia edebilirim ki a/d'lerin en iyisi, en efektifidir, günün birinde asla ihtiyaç duyulmaması dilenir...",eksisozluk
cipram,"avrupada cipramil, abd'de celexa olarak piyasadadır.",eksisozluk
cipram,"danimarka kokenli lundbeck ilac firmasi tarafindan 2000 yilindan beri turkiye'de pazarlanan bir antidepresan, daha evvel yerli bir firma olan liba tarafindan satiliyordu.",eksisozluk
cipram,tarih itibariyle 66 milyona edinilebilicek mutluluk.,eksisozluk
cipram,amerikadaki en ucuz turkiyedeki en pahalli ssri. ilac etkilesim profili en duzgun olan ssri lardan biridir karacigerde d26 inhibisyonu yapmaz. anksiyolitik profili de fena diildir.,eksisozluk
cipram,oda ısısında saklanmalıdır. reçete ile satıldığı için gerekirse bir sonraki kutuya başlamadan önce tekrar kontrole gitmek gerekir.,eksisozluk
cipram,migren  tedavisinde de kullanilan  anti depresan .,eksisozluk
cipram,"etkisini aldıktan 15 gün sonra göstermeye başladığı söylenen, ilk zamanlarda hafif bir baş dönmesi, bulantı hissi veren, iyi olsanız bile altı ya da sekiz ay kullanmanız gereken anti depresan.",eksisozluk
cipram,sipariş verilen çipura usta çipram çıkıyor mu?,eksisozluk
cipram,"pek çok antidepresan gibi ilk başta 2 hafta boyunca yarım olarak alınan ve en az 6 ay kullanılması gereken,ayakta uyutan ve bırakıldığı takdirde ağlama krizlerine sokan ilaç. aniden bırakıldığında  kesilmek bilmeyen baş dönmeleri olmasına sebep veren ve başlarken olduğu gibi kişinin kendini sersem gibi hissetmesine yol açan ilaç.rahatlatır,uykuyu düzene sokar,anormal yan etkileri yapmaz,24 saat gülücükler saçtırır...",eksisozluk
cipram,"var böyle bi$ii!!! hem de hayat kurtaran cinsinden... haddime düşmeksizin iddia edebilirim ki a/d'lerin en iyisi, en efektifidir, günün birinde asla ihtiyaç duyulmaması dilenir...",eksisozluk
cipram,"avrupada cipramil, abd'de celexa olarak piyasadadır.",eksisozluk
cipram,"danimarka kokenli lundbeck ilac firmasi tarafindan 2000 yilindan beri turkiye'de pazarlanan bir antidepresan, daha evvel yerli bir firma olan liba tarafindan satiliyordu.",eksisozluk
cipram,tarih itibariyle 66 milyona edinilebilicek mutluluk.,eksisozluk
cipram,amerikadaki en ucuz turkiyedeki en pahalli ssri. ilac etkilesim profili en duzgun olan ssri lardan biridir karacigerde d26 inhibisyonu yapmaz. anksiyolitik profili de fena diildir.,eksisozluk
cipram,oda ısısında saklanmalıdır. reçete ile satıldığı için gerekirse bir sonraki kutuya başlamadan önce tekrar kontrole gitmek gerekir.,eksisozluk
cipram,migren  tedavisinde de kullanilan  anti depresan .,eksisozluk
cipram,"etkisini aldıktan 15 gün sonra göstermeye başladığı söylenen, ilk zamanlarda hafif bir baş dönmesi, bulantı hissi veren, iyi olsanız bile altı ya da sekiz ay kullanmanız gereken anti depresan.",eksisozluk
cipram,sipariş verilen çipura usta çipram çıkıyor mu?,eksisozluk
cipram,"pek çok antidepresan gibi ilk başta 2 hafta boyunca yarım olarak alınan ve en az 6 ay kullanılması gereken,ayakta uyutan ve bırakıldığı takdirde ağlama krizlerine sokan ilaç. aniden bırakıldığında  kesilmek bilmeyen baş dönmeleri olmasına sebep veren ve başlarken olduğu gibi kişinin kendini sersem gibi hissetmesine yol açan ilaç.rahatlatır,uykuyu düzene sokar,anormal yan etkileri yapmaz,24 saat gülücükler saçtırır...",eksisozluk
cipram,"var böyle bi$ii!!! hem de hayat kurtaran cinsinden... haddime düşmeksizin iddia edebilirim ki a/d'lerin en iyisi, en efektifidir, günün birinde asla ihtiyaç duyulmaması dilenir...",eksisozluk
cipram,"avrupada cipramil, abd'de celexa olarak piyasadadır.",eksisozluk
cipram,"danimarka kokenli lundbeck ilac firmasi tarafindan 2000 yilindan beri turkiye'de pazarlanan bir antidepresan, daha evvel yerli bir firma olan liba tarafindan satiliyordu.",eksisozluk
cipram,tarih itibariyle 66 milyona edinilebilicek mutluluk.,eksisozluk
cipram,amerikadaki en ucuz turkiyedeki en pahalli ssri. ilac etkilesim profili en duzgun olan ssri lardan biridir karacigerde d26 inhibisyonu yapmaz. anksiyolitik profili de fena diildir.,eksisozluk
cipram,oda ısısında saklanmalıdır. reçete ile satıldığı için gerekirse bir sonraki kutuya başlamadan önce tekrar kontrole gitmek gerekir.,eksisozluk
cipram,migren  tedavisinde de kullanilan  anti depresan .,eksisozluk
cipram,"etkisini aldıktan 15 gün sonra göstermeye başladığı söylenen, ilk zamanlarda hafif bir baş dönmesi, bulantı hissi veren, iyi olsanız bile altı ya da sekiz ay kullanmanız gereken anti depresan.",eksisozluk
cipram,sipariş verilen çipura usta çipram çıkıyor mu?,eksisozluk
cipram,"pek çok antidepresan gibi ilk başta 2 hafta boyunca yarım olarak alınan ve en az 6 ay kullanılması gereken,ayakta uyutan ve bırakıldığı takdirde ağlama krizlerine sokan ilaç. aniden bırakıldığında  kesilmek bilmeyen baş dönmeleri olmasına sebep veren ve başlarken olduğu gibi kişinin kendini sersem gibi hissetmesine yol açan ilaç.rahatlatır,uykuyu düzene sokar,anormal yan etkileri yapmaz,24 saat gülücükler saçtırır...",eksisozluk
augmentin,"super bir  antibiyotik . 1100'lugu ak$amdan sabaha silkeler bocekleri, bakterileri, direkman ayaga kaldirir.",eksisozluk
augmentin,(bkz:  stacey augmon ),eksisozluk
augmentin,"amoksisilin  ve  klavulanat (klavulanik asit olarak da geçer) bileşiminden oluşan,  fako ilaç  firması tarafından üretilen antibiyotik.",eksisozluk
augmentin,"1000'lik versiyonunun her film tabletinde; 875 mg amoksisiline eşdeğer amoksisilin trihidrat, 125 mg klavulanik asite eşdeğer potasyum klavulanat ve boyar madde olarak titandioksit içeren antibiyotik (bkz:  bokunu çıkarmak )",eksisozluk
augmentin,amoklavin muadili...daha artiz karakterlisi ema...bid formu cikali da cok oldu...gunde 2 adet kafi geliyor...,eksisozluk
augmentin,3 kutu icmi$ olmama ragmen hala beni ayaga kaldiramayan antibiyotik * .,eksisozluk
augmentin,"bir de surup augmentin vardir.cocuklugumda ondan icirilirdim. igrenctir tadi ve kokusu, halen unutmadim cektiklerimi onu icerken.",eksisozluk
augmentin,yirmi yaş dişinin yol açtığı ibneliklerde doktor bunu yazar. hakkaten işe yarar.,eksisozluk
augmentin,"%10'unu ödediğinizde  *  bile bir öğrenciye çok gelecek kadar fahiş fiyatı olan, doktorların en sıradan soğuk algınlıklarında bile hemen yazdığı, mucivezi özellikleri olmayan bir antibiyotik.",eksisozluk
augmentin,"an itibariyle 1000 mg fiyati 31,47 ytl'dir. bilgisayar mühendislerinde siddetli göz agrisi yan etkisi vardir.",eksisozluk
augmentin,"super bir  antibiyotik . 1100'lugu ak$amdan sabaha silkeler bocekleri, bakterileri, direkman ayaga kaldirir.",eksisozluk
augmentin,(bkz:  stacey augmon ),eksisozluk
augmentin,"amoksisilin  ve  klavulanat (klavulanik asit olarak da geçer) bileşiminden oluşan,  fako ilaç  firması tarafından üretilen antibiyotik.",eksisozluk
augmentin,"1000'lik versiyonunun her film tabletinde; 875 mg amoksisiline eşdeğer amoksisilin trihidrat, 125 mg klavulanik asite eşdeğer potasyum klavulanat ve boyar madde olarak titandioksit içeren antibiyotik (bkz:  bokunu çıkarmak )",eksisozluk
augmentin,amoklavin muadili...daha artiz karakterlisi ema...bid formu cikali da cok oldu...gunde 2 adet kafi geliyor...,eksisozluk
augmentin,3 kutu icmi$ olmama ragmen hala beni ayaga kaldiramayan antibiyotik * .,eksisozluk
augmentin,"bir de surup augmentin vardir.cocuklugumda ondan icirilirdim. igrenctir tadi ve kokusu, halen unutmadim cektiklerimi onu icerken.",eksisozluk
augmentin,yirmi yaş dişinin yol açtığı ibneliklerde doktor bunu yazar. hakkaten işe yarar.,eksisozluk
augmentin,"%10'unu ödediğinizde  *  bile bir öğrenciye çok gelecek kadar fahiş fiyatı olan, doktorların en sıradan soğuk algınlıklarında bile hemen yazdığı, mucivezi özellikleri olmayan bir antibiyotik.",eksisozluk
augmentin,"an itibariyle 1000 mg fiyati 31,47 ytl'dir. bilgisayar mühendislerinde siddetli göz agrisi yan etkisi vardir.",eksisozluk
augmentin,"super bir  antibiyotik . 1100'lugu ak$amdan sabaha silkeler bocekleri, bakterileri, direkman ayaga kaldirir.",eksisozluk
augmentin,(bkz:  stacey augmon ),eksisozluk
augmentin,"amoksisilin  ve  klavulanat (klavulanik asit olarak da geçer) bileşiminden oluşan,  fako ilaç  firması tarafından üretilen antibiyotik.",eksisozluk
augmentin,"1000'lik versiyonunun her film tabletinde; 875 mg amoksisiline eşdeğer amoksisilin trihidrat, 125 mg klavulanik asite eşdeğer potasyum klavulanat ve boyar madde olarak titandioksit içeren antibiyotik (bkz:  bokunu çıkarmak )",eksisozluk
augmentin,amoklavin muadili...daha artiz karakterlisi ema...bid formu cikali da cok oldu...gunde 2 adet kafi geliyor...,eksisozluk
augmentin,3 kutu icmi$ olmama ragmen hala beni ayaga kaldiramayan antibiyotik * .,eksisozluk
augmentin,"bir de surup augmentin vardir.cocuklugumda ondan icirilirdim. igrenctir tadi ve kokusu, halen unutmadim cektiklerimi onu icerken.",eksisozluk
augmentin,yirmi yaş dişinin yol açtığı ibneliklerde doktor bunu yazar. hakkaten işe yarar.,eksisozluk
augmentin,"%10'unu ödediğinizde  *  bile bir öğrenciye çok gelecek kadar fahiş fiyatı olan, doktorların en sıradan soğuk algınlıklarında bile hemen yazdığı, mucivezi özellikleri olmayan bir antibiyotik.",eksisozluk
augmentin,"an itibariyle 1000 mg fiyati 31,47 ytl'dir. bilgisayar mühendislerinde siddetli göz agrisi yan etkisi vardir.",eksisozluk
augmentin,"super bir  antibiyotik . 1100'lugu ak$amdan sabaha silkeler bocekleri, bakterileri, direkman ayaga kaldirir.",eksisozluk
augmentin,(bkz:  stacey augmon ),eksisozluk
augmentin,"amoksisilin  ve  klavulanat (klavulanik asit olarak da geçer) bileşiminden oluşan,  fako ilaç  firması tarafından üretilen antibiyotik.",eksisozluk
augmentin,"1000'lik versiyonunun her film tabletinde; 875 mg amoksisiline eşdeğer amoksisilin trihidrat, 125 mg klavulanik asite eşdeğer potasyum klavulanat ve boyar madde olarak titandioksit içeren antibiyotik (bkz:  bokunu çıkarmak )",eksisozluk
augmentin,amoklavin muadili...daha artiz karakterlisi ema...bid formu cikali da cok oldu...gunde 2 adet kafi geliyor...,eksisozluk
augmentin,3 kutu icmi$ olmama ragmen hala beni ayaga kaldiramayan antibiyotik * .,eksisozluk
augmentin,"bir de surup augmentin vardir.cocuklugumda ondan icirilirdim. igrenctir tadi ve kokusu, halen unutmadim cektiklerimi onu icerken.",eksisozluk
augmentin,yirmi yaş dişinin yol açtığı ibneliklerde doktor bunu yazar. hakkaten işe yarar.,eksisozluk
augmentin,"%10'unu ödediğinizde  *  bile bir öğrenciye çok gelecek kadar fahiş fiyatı olan, doktorların en sıradan soğuk algınlıklarında bile hemen yazdığı, mucivezi özellikleri olmayan bir antibiyotik.",eksisozluk
augmentin,"an itibariyle 1000 mg fiyati 31,47 ytl'dir. bilgisayar mühendislerinde siddetli göz agrisi yan etkisi vardir.",eksisozluk
augmentin,"super bir  antibiyotik . 1100'lugu ak$amdan sabaha silkeler bocekleri, bakterileri, direkman ayaga kaldirir.",eksisozluk
augmentin,(bkz:  stacey augmon ),eksisozluk
augmentin,"amoksisilin  ve  klavulanat (klavulanik asit olarak da geçer) bileşiminden oluşan,  fako ilaç  firması tarafından üretilen antibiyotik.",eksisozluk
augmentin,"1000'lik versiyonunun her film tabletinde; 875 mg amoksisiline eşdeğer amoksisilin trihidrat, 125 mg klavulanik asite eşdeğer potasyum klavulanat ve boyar madde olarak titandioksit içeren antibiyotik (bkz:  bokunu çıkarmak )",eksisozluk
augmentin,amoklavin muadili...daha artiz karakterlisi ema...bid formu cikali da cok oldu...gunde 2 adet kafi geliyor...,eksisozluk
augmentin,3 kutu icmi$ olmama ragmen hala beni ayaga kaldiramayan antibiyotik * .,eksisozluk
augmentin,"bir de surup augmentin vardir.cocuklugumda ondan icirilirdim. igrenctir tadi ve kokusu, halen unutmadim cektiklerimi onu icerken.",eksisozluk
augmentin,yirmi yaş dişinin yol açtığı ibneliklerde doktor bunu yazar. hakkaten işe yarar.,eksisozluk
augmentin,"%10'unu ödediğinizde  *  bile bir öğrenciye çok gelecek kadar fahiş fiyatı olan, doktorların en sıradan soğuk algınlıklarında bile hemen yazdığı, mucivezi özellikleri olmayan bir antibiyotik.",eksisozluk
augmentin,"an itibariyle 1000 mg fiyati 31,47 ytl'dir. bilgisayar mühendislerinde siddetli göz agrisi yan etkisi vardir.",eksisozluk
augmentin,"super bir  antibiyotik . 1100'lugu ak$amdan sabaha silkeler bocekleri, bakterileri, direkman ayaga kaldirir.",eksisozluk
augmentin,(bkz:  stacey augmon ),eksisozluk
augmentin,"amoksisilin  ve  klavulanat (klavulanik asit olarak da geçer) bileşiminden oluşan,  fako ilaç  firması tarafından üretilen antibiyotik.",eksisozluk
augmentin,"1000'lik versiyonunun her film tabletinde; 875 mg amoksisiline eşdeğer amoksisilin trihidrat, 125 mg klavulanik asite eşdeğer potasyum klavulanat ve boyar madde olarak titandioksit içeren antibiyotik (bkz:  bokunu çıkarmak )",eksisozluk
augmentin,amoklavin muadili...daha artiz karakterlisi ema...bid formu cikali da cok oldu...gunde 2 adet kafi geliyor...,eksisozluk
augmentin,3 kutu icmi$ olmama ragmen hala beni ayaga kaldiramayan antibiyotik * .,eksisozluk
augmentin,"bir de surup augmentin vardir.cocuklugumda ondan icirilirdim. igrenctir tadi ve kokusu, halen unutmadim cektiklerimi onu icerken.",eksisozluk
augmentin,yirmi yaş dişinin yol açtığı ibneliklerde doktor bunu yazar. hakkaten işe yarar.,eksisozluk
augmentin,"%10'unu ödediğinizde  *  bile bir öğrenciye çok gelecek kadar fahiş fiyatı olan, doktorların en sıradan soğuk algınlıklarında bile hemen yazdığı, mucivezi özellikleri olmayan bir antibiyotik.",eksisozluk
augmentin,"an itibariyle 1000 mg fiyati 31,47 ytl'dir. bilgisayar mühendislerinde siddetli göz agrisi yan etkisi vardir.",eksisozluk
augmentin,"super bir  antibiyotik . 1100'lugu ak$amdan sabaha silkeler bocekleri, bakterileri, direkman ayaga kaldirir.",eksisozluk
augmentin,(bkz:  stacey augmon ),eksisozluk
augmentin,"amoksisilin  ve  klavulanat (klavulanik asit olarak da geçer) bileşiminden oluşan,  fako ilaç  firması tarafından üretilen antibiyotik.",eksisozluk
augmentin,"1000'lik versiyonunun her film tabletinde; 875 mg amoksisiline eşdeğer amoksisilin trihidrat, 125 mg klavulanik asite eşdeğer potasyum klavulanat ve boyar madde olarak titandioksit içeren antibiyotik (bkz:  bokunu çıkarmak )",eksisozluk
augmentin,amoklavin muadili...daha artiz karakterlisi ema...bid formu cikali da cok oldu...gunde 2 adet kafi geliyor...,eksisozluk
augmentin,3 kutu icmi$ olmama ragmen hala beni ayaga kaldiramayan antibiyotik * .,eksisozluk
augmentin,"bir de surup augmentin vardir.cocuklugumda ondan icirilirdim. igrenctir tadi ve kokusu, halen unutmadim cektiklerimi onu icerken.",eksisozluk
augmentin,yirmi yaş dişinin yol açtığı ibneliklerde doktor bunu yazar. hakkaten işe yarar.,eksisozluk
augmentin,"%10'unu ödediğinizde  *  bile bir öğrenciye çok gelecek kadar fahiş fiyatı olan, doktorların en sıradan soğuk algınlıklarında bile hemen yazdığı, mucivezi özellikleri olmayan bir antibiyotik.",eksisozluk
augmentin,"an itibariyle 1000 mg fiyati 31,47 ytl'dir. bilgisayar mühendislerinde siddetli göz agrisi yan etkisi vardir.",eksisozluk
augmentin,"super bir  antibiyotik . 1100'lugu ak$amdan sabaha silkeler bocekleri, bakterileri, direkman ayaga kaldirir.",eksisozluk
augmentin,(bkz:  stacey augmon ),eksisozluk
augmentin,"amoksisilin  ve  klavulanat (klavulanik asit olarak da geçer) bileşiminden oluşan,  fako ilaç  firması tarafından üretilen antibiyotik.",eksisozluk
augmentin,"1000'lik versiyonunun her film tabletinde; 875 mg amoksisiline eşdeğer amoksisilin trihidrat, 125 mg klavulanik asite eşdeğer potasyum klavulanat ve boyar madde olarak titandioksit içeren antibiyotik (bkz:  bokunu çıkarmak )",eksisozluk
augmentin,amoklavin muadili...daha artiz karakterlisi ema...bid formu cikali da cok oldu...gunde 2 adet kafi geliyor...,eksisozluk
augmentin,3 kutu icmi$ olmama ragmen hala beni ayaga kaldiramayan antibiyotik * .,eksisozluk
augmentin,"bir de surup augmentin vardir.cocuklugumda ondan icirilirdim. igrenctir tadi ve kokusu, halen unutmadim cektiklerimi onu icerken.",eksisozluk
augmentin,yirmi yaş dişinin yol açtığı ibneliklerde doktor bunu yazar. hakkaten işe yarar.,eksisozluk
augmentin,"%10'unu ödediğinizde  *  bile bir öğrenciye çok gelecek kadar fahiş fiyatı olan, doktorların en sıradan soğuk algınlıklarında bile hemen yazdığı, mucivezi özellikleri olmayan bir antibiyotik.",eksisozluk
augmentin,"an itibariyle 1000 mg fiyati 31,47 ytl'dir. bilgisayar mühendislerinde siddetli göz agrisi yan etkisi vardir.",eksisozluk
augmentin,"super bir  antibiyotik . 1100'lugu ak$amdan sabaha silkeler bocekleri, bakterileri, direkman ayaga kaldirir.",eksisozluk
augmentin,(bkz:  stacey augmon ),eksisozluk
augmentin,"amoksisilin  ve  klavulanat (klavulanik asit olarak da geçer) bileşiminden oluşan,  fako ilaç  firması tarafından üretilen antibiyotik.",eksisozluk
augmentin,"1000'lik versiyonunun her film tabletinde; 875 mg amoksisiline eşdeğer amoksisilin trihidrat, 125 mg klavulanik asite eşdeğer potasyum klavulanat ve boyar madde olarak titandioksit içeren antibiyotik (bkz:  bokunu çıkarmak )",eksisozluk
augmentin,amoklavin muadili...daha artiz karakterlisi ema...bid formu cikali da cok oldu...gunde 2 adet kafi geliyor...,eksisozluk
augmentin,3 kutu icmi$ olmama ragmen hala beni ayaga kaldiramayan antibiyotik * .,eksisozluk
augmentin,"bir de surup augmentin vardir.cocuklugumda ondan icirilirdim. igrenctir tadi ve kokusu, halen unutmadim cektiklerimi onu icerken.",eksisozluk
augmentin,yirmi yaş dişinin yol açtığı ibneliklerde doktor bunu yazar. hakkaten işe yarar.,eksisozluk
augmentin,"%10'unu ödediğinizde  *  bile bir öğrenciye çok gelecek kadar fahiş fiyatı olan, doktorların en sıradan soğuk algınlıklarında bile hemen yazdığı, mucivezi özellikleri olmayan bir antibiyotik.",eksisozluk
augmentin,"an itibariyle 1000 mg fiyati 31,47 ytl'dir. bilgisayar mühendislerinde siddetli göz agrisi yan etkisi vardir.",eksisozluk
augmentin,"super bir  antibiyotik . 1100'lugu ak$amdan sabaha silkeler bocekleri, bakterileri, direkman ayaga kaldirir.",eksisozluk
augmentin,(bkz:  stacey augmon ),eksisozluk
augmentin,"amoksisilin  ve  klavulanat (klavulanik asit olarak da geçer) bileşiminden oluşan,  fako ilaç  firması tarafından üretilen antibiyotik.",eksisozluk
augmentin,"1000'lik versiyonunun her film tabletinde; 875 mg amoksisiline eşdeğer amoksisilin trihidrat, 125 mg klavulanik asite eşdeğer potasyum klavulanat ve boyar madde olarak titandioksit içeren antibiyotik (bkz:  bokunu çıkarmak )",eksisozluk
augmentin,amoklavin muadili...daha artiz karakterlisi ema...bid formu cikali da cok oldu...gunde 2 adet kafi geliyor...,eksisozluk
augmentin,3 kutu icmi$ olmama ragmen hala beni ayaga kaldiramayan antibiyotik * .,eksisozluk
augmentin,"bir de surup augmentin vardir.cocuklugumda ondan icirilirdim. igrenctir tadi ve kokusu, halen unutmadim cektiklerimi onu icerken.",eksisozluk
augmentin,yirmi yaş dişinin yol açtığı ibneliklerde doktor bunu yazar. hakkaten işe yarar.,eksisozluk
augmentin,"%10'unu ödediğinizde  *  bile bir öğrenciye çok gelecek kadar fahiş fiyatı olan, doktorların en sıradan soğuk algınlıklarında bile hemen yazdığı, mucivezi özellikleri olmayan bir antibiyotik.",eksisozluk
augmentin,"an itibariyle 1000 mg fiyati 31,47 ytl'dir. bilgisayar mühendislerinde siddetli göz agrisi yan etkisi vardir.",eksisozluk
augmentin,"super bir  antibiyotik . 1100'lugu ak$amdan sabaha silkeler bocekleri, bakterileri, direkman ayaga kaldirir.",eksisozluk
augmentin,(bkz:  stacey augmon ),eksisozluk
augmentin,"amoksisilin  ve  klavulanat (klavulanik asit olarak da geçer) bileşiminden oluşan,  fako ilaç  firması tarafından üretilen antibiyotik.",eksisozluk
augmentin,"1000'lik versiyonunun her film tabletinde; 875 mg amoksisiline eşdeğer amoksisilin trihidrat, 125 mg klavulanik asite eşdeğer potasyum klavulanat ve boyar madde olarak titandioksit içeren antibiyotik (bkz:  bokunu çıkarmak )",eksisozluk
augmentin,amoklavin muadili...daha artiz karakterlisi ema...bid formu cikali da cok oldu...gunde 2 adet kafi geliyor...,eksisozluk
augmentin,3 kutu icmi$ olmama ragmen hala beni ayaga kaldiramayan antibiyotik * .,eksisozluk
augmentin,"bir de surup augmentin vardir.cocuklugumda ondan icirilirdim. igrenctir tadi ve kokusu, halen unutmadim cektiklerimi onu icerken.",eksisozluk
augmentin,yirmi yaş dişinin yol açtığı ibneliklerde doktor bunu yazar. hakkaten işe yarar.,eksisozluk
augmentin,"%10'unu ödediğinizde  *  bile bir öğrenciye çok gelecek kadar fahiş fiyatı olan, doktorların en sıradan soğuk algınlıklarında bile hemen yazdığı, mucivezi özellikleri olmayan bir antibiyotik.",eksisozluk
augmentin,"an itibariyle 1000 mg fiyati 31,47 ytl'dir. bilgisayar mühendislerinde siddetli göz agrisi yan etkisi vardir.",eksisozluk
augmentin,"super bir  antibiyotik . 1100'lugu ak$amdan sabaha silkeler bocekleri, bakterileri, direkman ayaga kaldirir.",eksisozluk
augmentin,(bkz:  stacey augmon ),eksisozluk
augmentin,"amoksisilin  ve  klavulanat (klavulanik asit olarak da geçer) bileşiminden oluşan,  fako ilaç  firması tarafından üretilen antibiyotik.",eksisozluk
augmentin,"1000'lik versiyonunun her film tabletinde; 875 mg amoksisiline eşdeğer amoksisilin trihidrat, 125 mg klavulanik asite eşdeğer potasyum klavulanat ve boyar madde olarak titandioksit içeren antibiyotik (bkz:  bokunu çıkarmak )",eksisozluk
augmentin,amoklavin muadili...daha artiz karakterlisi ema...bid formu cikali da cok oldu...gunde 2 adet kafi geliyor...,eksisozluk
augmentin,3 kutu icmi$ olmama ragmen hala beni ayaga kaldiramayan antibiyotik * .,eksisozluk
augmentin,"bir de surup augmentin vardir.cocuklugumda ondan icirilirdim. igrenctir tadi ve kokusu, halen unutmadim cektiklerimi onu icerken.",eksisozluk
augmentin,yirmi yaş dişinin yol açtığı ibneliklerde doktor bunu yazar. hakkaten işe yarar.,eksisozluk
augmentin,"%10'unu ödediğinizde  *  bile bir öğrenciye çok gelecek kadar fahiş fiyatı olan, doktorların en sıradan soğuk algınlıklarında bile hemen yazdığı, mucivezi özellikleri olmayan bir antibiyotik.",eksisozluk
augmentin,"an itibariyle 1000 mg fiyati 31,47 ytl'dir. bilgisayar mühendislerinde siddetli göz agrisi yan etkisi vardir.",eksisozluk
augmentin,"super bir  antibiyotik . 1100'lugu ak$amdan sabaha silkeler bocekleri, bakterileri, direkman ayaga kaldirir.",eksisozluk
augmentin,(bkz:  stacey augmon ),eksisozluk
augmentin,"amoksisilin  ve  klavulanat (klavulanik asit olarak da geçer) bileşiminden oluşan,  fako ilaç  firması tarafından üretilen antibiyotik.",eksisozluk
augmentin,"1000'lik versiyonunun her film tabletinde; 875 mg amoksisiline eşdeğer amoksisilin trihidrat, 125 mg klavulanik asite eşdeğer potasyum klavulanat ve boyar madde olarak titandioksit içeren antibiyotik (bkz:  bokunu çıkarmak )",eksisozluk
augmentin,amoklavin muadili...daha artiz karakterlisi ema...bid formu cikali da cok oldu...gunde 2 adet kafi geliyor...,eksisozluk
augmentin,3 kutu icmi$ olmama ragmen hala beni ayaga kaldiramayan antibiyotik * .,eksisozluk
augmentin,"bir de surup augmentin vardir.cocuklugumda ondan icirilirdim. igrenctir tadi ve kokusu, halen unutmadim cektiklerimi onu icerken.",eksisozluk
augmentin,yirmi yaş dişinin yol açtığı ibneliklerde doktor bunu yazar. hakkaten işe yarar.,eksisozluk
augmentin,"%10'unu ödediğinizde  *  bile bir öğrenciye çok gelecek kadar fahiş fiyatı olan, doktorların en sıradan soğuk algınlıklarında bile hemen yazdığı, mucivezi özellikleri olmayan bir antibiyotik.",eksisozluk
augmentin,"an itibariyle 1000 mg fiyati 31,47 ytl'dir. bilgisayar mühendislerinde siddetli göz agrisi yan etkisi vardir.",eksisozluk
augmentin,"super bir  antibiyotik . 1100'lugu ak$amdan sabaha silkeler bocekleri, bakterileri, direkman ayaga kaldirir.",eksisozluk
augmentin,(bkz:  stacey augmon ),eksisozluk
augmentin,"amoksisilin  ve  klavulanat (klavulanik asit olarak da geçer) bileşiminden oluşan,  fako ilaç  firması tarafından üretilen antibiyotik.",eksisozluk
augmentin,"1000'lik versiyonunun her film tabletinde; 875 mg amoksisiline eşdeğer amoksisilin trihidrat, 125 mg klavulanik asite eşdeğer potasyum klavulanat ve boyar madde olarak titandioksit içeren antibiyotik (bkz:  bokunu çıkarmak )",eksisozluk
augmentin,amoklavin muadili...daha artiz karakterlisi ema...bid formu cikali da cok oldu...gunde 2 adet kafi geliyor...,eksisozluk
augmentin,3 kutu icmi$ olmama ragmen hala beni ayaga kaldiramayan antibiyotik * .,eksisozluk
augmentin,"bir de surup augmentin vardir.cocuklugumda ondan icirilirdim. igrenctir tadi ve kokusu, halen unutmadim cektiklerimi onu icerken.",eksisozluk
augmentin,yirmi yaş dişinin yol açtığı ibneliklerde doktor bunu yazar. hakkaten işe yarar.,eksisozluk
augmentin,"%10'unu ödediğinizde  *  bile bir öğrenciye çok gelecek kadar fahiş fiyatı olan, doktorların en sıradan soğuk algınlıklarında bile hemen yazdığı, mucivezi özellikleri olmayan bir antibiyotik.",eksisozluk
augmentin,"an itibariyle 1000 mg fiyati 31,47 ytl'dir. bilgisayar mühendislerinde siddetli göz agrisi yan etkisi vardir.",eksisozluk
augmentin,"super bir  antibiyotik . 1100'lugu ak$amdan sabaha silkeler bocekleri, bakterileri, direkman ayaga kaldirir.",eksisozluk
augmentin,(bkz:  stacey augmon ),eksisozluk
augmentin,"amoksisilin  ve  klavulanat (klavulanik asit olarak da geçer) bileşiminden oluşan,  fako ilaç  firması tarafından üretilen antibiyotik.",eksisozluk
augmentin,"1000'lik versiyonunun her film tabletinde; 875 mg amoksisiline eşdeğer amoksisilin trihidrat, 125 mg klavulanik asite eşdeğer potasyum klavulanat ve boyar madde olarak titandioksit içeren antibiyotik (bkz:  bokunu çıkarmak )",eksisozluk
augmentin,amoklavin muadili...daha artiz karakterlisi ema...bid formu cikali da cok oldu...gunde 2 adet kafi geliyor...,eksisozluk
augmentin,3 kutu icmi$ olmama ragmen hala beni ayaga kaldiramayan antibiyotik * .,eksisozluk
augmentin,"bir de surup augmentin vardir.cocuklugumda ondan icirilirdim. igrenctir tadi ve kokusu, halen unutmadim cektiklerimi onu icerken.",eksisozluk
augmentin,yirmi yaş dişinin yol açtığı ibneliklerde doktor bunu yazar. hakkaten işe yarar.,eksisozluk
augmentin,"%10'unu ödediğinizde  *  bile bir öğrenciye çok gelecek kadar fahiş fiyatı olan, doktorların en sıradan soğuk algınlıklarında bile hemen yazdığı, mucivezi özellikleri olmayan bir antibiyotik.",eksisozluk
augmentin,"an itibariyle 1000 mg fiyati 31,47 ytl'dir. bilgisayar mühendislerinde siddetli göz agrisi yan etkisi vardir.",eksisozluk
augmentin,"super bir  antibiyotik . 1100'lugu ak$amdan sabaha silkeler bocekleri, bakterileri, direkman ayaga kaldirir.",eksisozluk
augmentin,(bkz:  stacey augmon ),eksisozluk
augmentin,"amoksisilin  ve  klavulanat (klavulanik asit olarak da geçer) bileşiminden oluşan,  fako ilaç  firması tarafından üretilen antibiyotik.",eksisozluk
augmentin,"1000'lik versiyonunun her film tabletinde; 875 mg amoksisiline eşdeğer amoksisilin trihidrat, 125 mg klavulanik asite eşdeğer potasyum klavulanat ve boyar madde olarak titandioksit içeren antibiyotik (bkz:  bokunu çıkarmak )",eksisozluk
augmentin,amoklavin muadili...daha artiz karakterlisi ema...bid formu cikali da cok oldu...gunde 2 adet kafi geliyor...,eksisozluk
augmentin,3 kutu icmi$ olmama ragmen hala beni ayaga kaldiramayan antibiyotik * .,eksisozluk
augmentin,"bir de surup augmentin vardir.cocuklugumda ondan icirilirdim. igrenctir tadi ve kokusu, halen unutmadim cektiklerimi onu icerken.",eksisozluk
augmentin,yirmi yaş dişinin yol açtığı ibneliklerde doktor bunu yazar. hakkaten işe yarar.,eksisozluk
augmentin,"%10'unu ödediğinizde  *  bile bir öğrenciye çok gelecek kadar fahiş fiyatı olan, doktorların en sıradan soğuk algınlıklarında bile hemen yazdığı, mucivezi özellikleri olmayan bir antibiyotik.",eksisozluk
augmentin,"an itibariyle 1000 mg fiyati 31,47 ytl'dir. bilgisayar mühendislerinde siddetli göz agrisi yan etkisi vardir.",eksisozluk
augmentin,"super bir  antibiyotik . 1100'lugu ak$amdan sabaha silkeler bocekleri, bakterileri, direkman ayaga kaldirir.",eksisozluk
augmentin,(bkz:  stacey augmon ),eksisozluk
augmentin,"amoksisilin  ve  klavulanat (klavulanik asit olarak da geçer) bileşiminden oluşan,  fako ilaç  firması tarafından üretilen antibiyotik.",eksisozluk
augmentin,"1000'lik versiyonunun her film tabletinde; 875 mg amoksisiline eşdeğer amoksisilin trihidrat, 125 mg klavulanik asite eşdeğer potasyum klavulanat ve boyar madde olarak titandioksit içeren antibiyotik (bkz:  bokunu çıkarmak )",eksisozluk
augmentin,amoklavin muadili...daha artiz karakterlisi ema...bid formu cikali da cok oldu...gunde 2 adet kafi geliyor...,eksisozluk
augmentin,3 kutu icmi$ olmama ragmen hala beni ayaga kaldiramayan antibiyotik * .,eksisozluk
augmentin,"bir de surup augmentin vardir.cocuklugumda ondan icirilirdim. igrenctir tadi ve kokusu, halen unutmadim cektiklerimi onu icerken.",eksisozluk
augmentin,yirmi yaş dişinin yol açtığı ibneliklerde doktor bunu yazar. hakkaten işe yarar.,eksisozluk
augmentin,"%10'unu ödediğinizde  *  bile bir öğrenciye çok gelecek kadar fahiş fiyatı olan, doktorların en sıradan soğuk algınlıklarında bile hemen yazdığı, mucivezi özellikleri olmayan bir antibiyotik.",eksisozluk
augmentin,"an itibariyle 1000 mg fiyati 31,47 ytl'dir. bilgisayar mühendislerinde siddetli göz agrisi yan etkisi vardir.",eksisozluk
augmentin,"super bir  antibiyotik . 1100'lugu ak$amdan sabaha silkeler bocekleri, bakterileri, direkman ayaga kaldirir.",eksisozluk
augmentin,(bkz:  stacey augmon ),eksisozluk
augmentin,"amoksisilin  ve  klavulanat (klavulanik asit olarak da geçer) bileşiminden oluşan,  fako ilaç  firması tarafından üretilen antibiyotik.",eksisozluk
augmentin,"1000'lik versiyonunun her film tabletinde; 875 mg amoksisiline eşdeğer amoksisilin trihidrat, 125 mg klavulanik asite eşdeğer potasyum klavulanat ve boyar madde olarak titandioksit içeren antibiyotik (bkz:  bokunu çıkarmak )",eksisozluk
augmentin,amoklavin muadili...daha artiz karakterlisi ema...bid formu cikali da cok oldu...gunde 2 adet kafi geliyor...,eksisozluk
augmentin,3 kutu icmi$ olmama ragmen hala beni ayaga kaldiramayan antibiyotik * .,eksisozluk
augmentin,"bir de surup augmentin vardir.cocuklugumda ondan icirilirdim. igrenctir tadi ve kokusu, halen unutmadim cektiklerimi onu icerken.",eksisozluk
augmentin,yirmi yaş dişinin yol açtığı ibneliklerde doktor bunu yazar. hakkaten işe yarar.,eksisozluk
augmentin,"%10'unu ödediğinizde  *  bile bir öğrenciye çok gelecek kadar fahiş fiyatı olan, doktorların en sıradan soğuk algınlıklarında bile hemen yazdığı, mucivezi özellikleri olmayan bir antibiyotik.",eksisozluk
augmentin,"an itibariyle 1000 mg fiyati 31,47 ytl'dir. bilgisayar mühendislerinde siddetli göz agrisi yan etkisi vardir.",eksisozluk
augmentin,"super bir  antibiyotik . 1100'lugu ak$amdan sabaha silkeler bocekleri, bakterileri, direkman ayaga kaldirir.",eksisozluk
augmentin,(bkz:  stacey augmon ),eksisozluk
augmentin,"amoksisilin  ve  klavulanat (klavulanik asit olarak da geçer) bileşiminden oluşan,  fako ilaç  firması tarafından üretilen antibiyotik.",eksisozluk
augmentin,"1000'lik versiyonunun her film tabletinde; 875 mg amoksisiline eşdeğer amoksisilin trihidrat, 125 mg klavulanik asite eşdeğer potasyum klavulanat ve boyar madde olarak titandioksit içeren antibiyotik (bkz:  bokunu çıkarmak )",eksisozluk
augmentin,amoklavin muadili...daha artiz karakterlisi ema...bid formu cikali da cok oldu...gunde 2 adet kafi geliyor...,eksisozluk
augmentin,3 kutu icmi$ olmama ragmen hala beni ayaga kaldiramayan antibiyotik * .,eksisozluk
augmentin,"bir de surup augmentin vardir.cocuklugumda ondan icirilirdim. igrenctir tadi ve kokusu, halen unutmadim cektiklerimi onu icerken.",eksisozluk
augmentin,yirmi yaş dişinin yol açtığı ibneliklerde doktor bunu yazar. hakkaten işe yarar.,eksisozluk
augmentin,"%10'unu ödediğinizde  *  bile bir öğrenciye çok gelecek kadar fahiş fiyatı olan, doktorların en sıradan soğuk algınlıklarında bile hemen yazdığı, mucivezi özellikleri olmayan bir antibiyotik.",eksisozluk
augmentin,"an itibariyle 1000 mg fiyati 31,47 ytl'dir. bilgisayar mühendislerinde siddetli göz agrisi yan etkisi vardir.",eksisozluk
augmentin,"super bir  antibiyotik . 1100'lugu ak$amdan sabaha silkeler bocekleri, bakterileri, direkman ayaga kaldirir.",eksisozluk
augmentin,(bkz:  stacey augmon ),eksisozluk
augmentin,"amoksisilin  ve  klavulanat (klavulanik asit olarak da geçer) bileşiminden oluşan,  fako ilaç  firması tarafından üretilen antibiyotik.",eksisozluk
augmentin,"1000'lik versiyonunun her film tabletinde; 875 mg amoksisiline eşdeğer amoksisilin trihidrat, 125 mg klavulanik asite eşdeğer potasyum klavulanat ve boyar madde olarak titandioksit içeren antibiyotik (bkz:  bokunu çıkarmak )",eksisozluk
augmentin,amoklavin muadili...daha artiz karakterlisi ema...bid formu cikali da cok oldu...gunde 2 adet kafi geliyor...,eksisozluk
augmentin,3 kutu icmi$ olmama ragmen hala beni ayaga kaldiramayan antibiyotik * .,eksisozluk
augmentin,"bir de surup augmentin vardir.cocuklugumda ondan icirilirdim. igrenctir tadi ve kokusu, halen unutmadim cektiklerimi onu icerken.",eksisozluk
augmentin,yirmi yaş dişinin yol açtığı ibneliklerde doktor bunu yazar. hakkaten işe yarar.,eksisozluk
augmentin,"%10'unu ödediğinizde  *  bile bir öğrenciye çok gelecek kadar fahiş fiyatı olan, doktorların en sıradan soğuk algınlıklarında bile hemen yazdığı, mucivezi özellikleri olmayan bir antibiyotik.",eksisozluk
augmentin,"an itibariyle 1000 mg fiyati 31,47 ytl'dir. bilgisayar mühendislerinde siddetli göz agrisi yan etkisi vardir.",eksisozluk
amoksisilin,"yarısentetik bir  penisilin . bağırsak tan emilimi çok iyi olması önemlidir.  gram negatif bakteri lere yüksek etkinlik gösterir.  klavulanik asit ( klavulanat ) (ki o  beta laktamaz inhibitörleri  grubuna dahil bir maddedir) ile beraber kullanımı sayesinde,  beta laktamaz ların yaptığı parçalanmadan korunma şansları, dolayısıyla da etkinlikleri artar...(bkz:  augmentin )",eksisozluk
amoksisilin,molekuler formulu c16 h19 n3 o5s.3h2o ve molekuler agirligi ise 419.45 'tir. orijinal yazimi amoxicillin 'dir.,eksisozluk
amoksisilin,"sari-kirmizi, 500 gramlik kapsullerden iki tane sallayip, bogazimin agrisini geciren super ilac. (acaba placebo efekti mi yapti ne?) allah bulana, yapana dert gostermesin.",eksisozluk
amoksisilin,1000 mg lık olanı yutulamayıp boğaza yapışan antibiyotik. yarıya bölüp yutmaya çalıştığımda gene yapışıyor. susuz ilaç yutmak/@sare  entryimi bana yedirttiren ilaç olmuştur.,eksisozluk
amoksisilin,vücudun c vitamini takviyeli savunma sisteminin 3 gündür indiremediği şişmiş bademcikleri ilk kullanımdan 3 saat sonra huzura kavuşturan şey,eksisozluk
amoksisilin,diş tedavisi öncesinde kalp kapakçığı sorunu olanlarda  enfektif endokardit  gelişmesini engellemek için kullanılması gereken antibiyotik.,eksisozluk
amoksisilin,"kullanmayi nedense sevmedigim genis spektrumlu antibiyotiktir. sindirim sistemine advers etkileri coktur. 45 gun icerisinde, ikinci kez almak mecburiyetinde kaldim. eczacinin beni antibiyotiklerden uzaklastirip, farenjitten sut beyazi olmus bogazimin  semptomatik  tedavisi icin pastillere aspirinlere yoneltmesi, yatistirmasi gerekirken, dayadi 1000mg  klamoks bid 'i. umudumuz, bogaz agrimizin  viral  sebepli olmamasi. 1000mg lik haplariyla taso, misket gibi oyunlar oynanabilir, tavlada kayip pul yerine kullanilabilir, zira yutulmasi icin yapilmamis gibi duruyor. kendime not: hastayken  house  izlemiyoruz.",eksisozluk
amoksisilin,"manyak kafasi var bu ilacin.. inanilmaz durgunlasiyor insan, öroyin yuklemis gibi oluyor. (bkz:  kiza öroyin yükleyin ) tum yasam enerjisini ve hatta sevincini goturuyor, en azimdan benim bunyemde boyle. amoksilin kullandigim gunlerde gunde 17 saat uyudugumu bilirim.",eksisozluk
amoksisilin,"çok güzel osuruk kokuyor. parmağım kadar hap, kokusu ve o iğrenç tadıyla kusmamak için kendimi zor tutuyorum.",eksisozluk
amoksisilin,butun bir haftasonu boyunca iltihaplanmaktan gebermis bogazlarimi 3 saat icinde rahatlatmis antibiyotiktir. yerim ben onu. tek sorun butun hafta kullanmak zorunda olmam.,eksisozluk
amoksisilin,"yarısentetik bir  penisilin . bağırsak tan emilimi çok iyi olması önemlidir.  gram negatif bakteri lere yüksek etkinlik gösterir.  klavulanik asit ( klavulanat ) (ki o  beta laktamaz inhibitörleri  grubuna dahil bir maddedir) ile beraber kullanımı sayesinde,  beta laktamaz ların yaptığı parçalanmadan korunma şansları, dolayısıyla da etkinlikleri artar...(bkz:  augmentin )",eksisozluk
amoksisilin,molekuler formulu c16 h19 n3 o5s.3h2o ve molekuler agirligi ise 419.45 'tir. orijinal yazimi amoxicillin 'dir.,eksisozluk
amoksisilin,"sari-kirmizi, 500 gramlik kapsullerden iki tane sallayip, bogazimin agrisini geciren super ilac. (acaba placebo efekti mi yapti ne?) allah bulana, yapana dert gostermesin.",eksisozluk
amoksisilin,1000 mg lık olanı yutulamayıp boğaza yapışan antibiyotik. yarıya bölüp yutmaya çalıştığımda gene yapışıyor. susuz ilaç yutmak/@sare  entryimi bana yedirttiren ilaç olmuştur.,eksisozluk
amoksisilin,vücudun c vitamini takviyeli savunma sisteminin 3 gündür indiremediği şişmiş bademcikleri ilk kullanımdan 3 saat sonra huzura kavuşturan şey,eksisozluk
amoksisilin,diş tedavisi öncesinde kalp kapakçığı sorunu olanlarda  enfektif endokardit  gelişmesini engellemek için kullanılması gereken antibiyotik.,eksisozluk
amoksisilin,"kullanmayi nedense sevmedigim genis spektrumlu antibiyotiktir. sindirim sistemine advers etkileri coktur. 45 gun icerisinde, ikinci kez almak mecburiyetinde kaldim. eczacinin beni antibiyotiklerden uzaklastirip, farenjitten sut beyazi olmus bogazimin  semptomatik  tedavisi icin pastillere aspirinlere yoneltmesi, yatistirmasi gerekirken, dayadi 1000mg  klamoks bid 'i. umudumuz, bogaz agrimizin  viral  sebepli olmamasi. 1000mg lik haplariyla taso, misket gibi oyunlar oynanabilir, tavlada kayip pul yerine kullanilabilir, zira yutulmasi icin yapilmamis gibi duruyor. kendime not: hastayken  house  izlemiyoruz.",eksisozluk
amoksisilin,"manyak kafasi var bu ilacin.. inanilmaz durgunlasiyor insan, öroyin yuklemis gibi oluyor. (bkz:  kiza öroyin yükleyin ) tum yasam enerjisini ve hatta sevincini goturuyor, en azimdan benim bunyemde boyle. amoksilin kullandigim gunlerde gunde 17 saat uyudugumu bilirim.",eksisozluk
amoksisilin,"çok güzel osuruk kokuyor. parmağım kadar hap, kokusu ve o iğrenç tadıyla kusmamak için kendimi zor tutuyorum.",eksisozluk
amoksisilin,butun bir haftasonu boyunca iltihaplanmaktan gebermis bogazlarimi 3 saat icinde rahatlatmis antibiyotiktir. yerim ben onu. tek sorun butun hafta kullanmak zorunda olmam.,eksisozluk
amoksisilin,"yarısentetik bir  penisilin . bağırsak tan emilimi çok iyi olması önemlidir.  gram negatif bakteri lere yüksek etkinlik gösterir.  klavulanik asit ( klavulanat ) (ki o  beta laktamaz inhibitörleri  grubuna dahil bir maddedir) ile beraber kullanımı sayesinde,  beta laktamaz ların yaptığı parçalanmadan korunma şansları, dolayısıyla da etkinlikleri artar...(bkz:  augmentin )",eksisozluk
amoksisilin,molekuler formulu c16 h19 n3 o5s.3h2o ve molekuler agirligi ise 419.45 'tir. orijinal yazimi amoxicillin 'dir.,eksisozluk
amoksisilin,"sari-kirmizi, 500 gramlik kapsullerden iki tane sallayip, bogazimin agrisini geciren super ilac. (acaba placebo efekti mi yapti ne?) allah bulana, yapana dert gostermesin.",eksisozluk
amoksisilin,1000 mg lık olanı yutulamayıp boğaza yapışan antibiyotik. yarıya bölüp yutmaya çalıştığımda gene yapışıyor. susuz ilaç yutmak/@sare  entryimi bana yedirttiren ilaç olmuştur.,eksisozluk
amoksisilin,vücudun c vitamini takviyeli savunma sisteminin 3 gündür indiremediği şişmiş bademcikleri ilk kullanımdan 3 saat sonra huzura kavuşturan şey,eksisozluk
amoksisilin,diş tedavisi öncesinde kalp kapakçığı sorunu olanlarda  enfektif endokardit  gelişmesini engellemek için kullanılması gereken antibiyotik.,eksisozluk
amoksisilin,"kullanmayi nedense sevmedigim genis spektrumlu antibiyotiktir. sindirim sistemine advers etkileri coktur. 45 gun icerisinde, ikinci kez almak mecburiyetinde kaldim. eczacinin beni antibiyotiklerden uzaklastirip, farenjitten sut beyazi olmus bogazimin  semptomatik  tedavisi icin pastillere aspirinlere yoneltmesi, yatistirmasi gerekirken, dayadi 1000mg  klamoks bid 'i. umudumuz, bogaz agrimizin  viral  sebepli olmamasi. 1000mg lik haplariyla taso, misket gibi oyunlar oynanabilir, tavlada kayip pul yerine kullanilabilir, zira yutulmasi icin yapilmamis gibi duruyor. kendime not: hastayken  house  izlemiyoruz.",eksisozluk
amoksisilin,"manyak kafasi var bu ilacin.. inanilmaz durgunlasiyor insan, öroyin yuklemis gibi oluyor. (bkz:  kiza öroyin yükleyin ) tum yasam enerjisini ve hatta sevincini goturuyor, en azimdan benim bunyemde boyle. amoksilin kullandigim gunlerde gunde 17 saat uyudugumu bilirim.",eksisozluk
amoksisilin,"çok güzel osuruk kokuyor. parmağım kadar hap, kokusu ve o iğrenç tadıyla kusmamak için kendimi zor tutuyorum.",eksisozluk
amoksisilin,butun bir haftasonu boyunca iltihaplanmaktan gebermis bogazlarimi 3 saat icinde rahatlatmis antibiyotiktir. yerim ben onu. tek sorun butun hafta kullanmak zorunda olmam.,eksisozluk
amoksisilin,"yarısentetik bir  penisilin . bağırsak tan emilimi çok iyi olması önemlidir.  gram negatif bakteri lere yüksek etkinlik gösterir.  klavulanik asit ( klavulanat ) (ki o  beta laktamaz inhibitörleri  grubuna dahil bir maddedir) ile beraber kullanımı sayesinde,  beta laktamaz ların yaptığı parçalanmadan korunma şansları, dolayısıyla da etkinlikleri artar...(bkz:  augmentin )",eksisozluk
amoksisilin,molekuler formulu c16 h19 n3 o5s.3h2o ve molekuler agirligi ise 419.45 'tir. orijinal yazimi amoxicillin 'dir.,eksisozluk
amoksisilin,"sari-kirmizi, 500 gramlik kapsullerden iki tane sallayip, bogazimin agrisini geciren super ilac. (acaba placebo efekti mi yapti ne?) allah bulana, yapana dert gostermesin.",eksisozluk
amoksisilin,1000 mg lık olanı yutulamayıp boğaza yapışan antibiyotik. yarıya bölüp yutmaya çalıştığımda gene yapışıyor. susuz ilaç yutmak/@sare  entryimi bana yedirttiren ilaç olmuştur.,eksisozluk
amoksisilin,vücudun c vitamini takviyeli savunma sisteminin 3 gündür indiremediği şişmiş bademcikleri ilk kullanımdan 3 saat sonra huzura kavuşturan şey,eksisozluk
amoksisilin,diş tedavisi öncesinde kalp kapakçığı sorunu olanlarda  enfektif endokardit  gelişmesini engellemek için kullanılması gereken antibiyotik.,eksisozluk
amoksisilin,"kullanmayi nedense sevmedigim genis spektrumlu antibiyotiktir. sindirim sistemine advers etkileri coktur. 45 gun icerisinde, ikinci kez almak mecburiyetinde kaldim. eczacinin beni antibiyotiklerden uzaklastirip, farenjitten sut beyazi olmus bogazimin  semptomatik  tedavisi icin pastillere aspirinlere yoneltmesi, yatistirmasi gerekirken, dayadi 1000mg  klamoks bid 'i. umudumuz, bogaz agrimizin  viral  sebepli olmamasi. 1000mg lik haplariyla taso, misket gibi oyunlar oynanabilir, tavlada kayip pul yerine kullanilabilir, zira yutulmasi icin yapilmamis gibi duruyor. kendime not: hastayken  house  izlemiyoruz.",eksisozluk
amoksisilin,"manyak kafasi var bu ilacin.. inanilmaz durgunlasiyor insan, öroyin yuklemis gibi oluyor. (bkz:  kiza öroyin yükleyin ) tum yasam enerjisini ve hatta sevincini goturuyor, en azimdan benim bunyemde boyle. amoksilin kullandigim gunlerde gunde 17 saat uyudugumu bilirim.",eksisozluk
amoksisilin,"çok güzel osuruk kokuyor. parmağım kadar hap, kokusu ve o iğrenç tadıyla kusmamak için kendimi zor tutuyorum.",eksisozluk
amoksisilin,butun bir haftasonu boyunca iltihaplanmaktan gebermis bogazlarimi 3 saat icinde rahatlatmis antibiyotiktir. yerim ben onu. tek sorun butun hafta kullanmak zorunda olmam.,eksisozluk
amoksisilin,"yarısentetik bir  penisilin . bağırsak tan emilimi çok iyi olması önemlidir.  gram negatif bakteri lere yüksek etkinlik gösterir.  klavulanik asit ( klavulanat ) (ki o  beta laktamaz inhibitörleri  grubuna dahil bir maddedir) ile beraber kullanımı sayesinde,  beta laktamaz ların yaptığı parçalanmadan korunma şansları, dolayısıyla da etkinlikleri artar...(bkz:  augmentin )",eksisozluk
amoksisilin,molekuler formulu c16 h19 n3 o5s.3h2o ve molekuler agirligi ise 419.45 'tir. orijinal yazimi amoxicillin 'dir.,eksisozluk
amoksisilin,"sari-kirmizi, 500 gramlik kapsullerden iki tane sallayip, bogazimin agrisini geciren super ilac. (acaba placebo efekti mi yapti ne?) allah bulana, yapana dert gostermesin.",eksisozluk
amoksisilin,1000 mg lık olanı yutulamayıp boğaza yapışan antibiyotik. yarıya bölüp yutmaya çalıştığımda gene yapışıyor. susuz ilaç yutmak/@sare  entryimi bana yedirttiren ilaç olmuştur.,eksisozluk
amoksisilin,vücudun c vitamini takviyeli savunma sisteminin 3 gündür indiremediği şişmiş bademcikleri ilk kullanımdan 3 saat sonra huzura kavuşturan şey,eksisozluk
amoksisilin,diş tedavisi öncesinde kalp kapakçığı sorunu olanlarda  enfektif endokardit  gelişmesini engellemek için kullanılması gereken antibiyotik.,eksisozluk
amoksisilin,"kullanmayi nedense sevmedigim genis spektrumlu antibiyotiktir. sindirim sistemine advers etkileri coktur. 45 gun icerisinde, ikinci kez almak mecburiyetinde kaldim. eczacinin beni antibiyotiklerden uzaklastirip, farenjitten sut beyazi olmus bogazimin  semptomatik  tedavisi icin pastillere aspirinlere yoneltmesi, yatistirmasi gerekirken, dayadi 1000mg  klamoks bid 'i. umudumuz, bogaz agrimizin  viral  sebepli olmamasi. 1000mg lik haplariyla taso, misket gibi oyunlar oynanabilir, tavlada kayip pul yerine kullanilabilir, zira yutulmasi icin yapilmamis gibi duruyor. kendime not: hastayken  house  izlemiyoruz.",eksisozluk
amoksisilin,"manyak kafasi var bu ilacin.. inanilmaz durgunlasiyor insan, öroyin yuklemis gibi oluyor. (bkz:  kiza öroyin yükleyin ) tum yasam enerjisini ve hatta sevincini goturuyor, en azimdan benim bunyemde boyle. amoksilin kullandigim gunlerde gunde 17 saat uyudugumu bilirim.",eksisozluk
amoksisilin,"çok güzel osuruk kokuyor. parmağım kadar hap, kokusu ve o iğrenç tadıyla kusmamak için kendimi zor tutuyorum.",eksisozluk
amoksisilin,butun bir haftasonu boyunca iltihaplanmaktan gebermis bogazlarimi 3 saat icinde rahatlatmis antibiyotiktir. yerim ben onu. tek sorun butun hafta kullanmak zorunda olmam.,eksisozluk
amoksisilin,"yarısentetik bir  penisilin . bağırsak tan emilimi çok iyi olması önemlidir.  gram negatif bakteri lere yüksek etkinlik gösterir.  klavulanik asit ( klavulanat ) (ki o  beta laktamaz inhibitörleri  grubuna dahil bir maddedir) ile beraber kullanımı sayesinde,  beta laktamaz ların yaptığı parçalanmadan korunma şansları, dolayısıyla da etkinlikleri artar...(bkz:  augmentin )",eksisozluk
amoksisilin,molekuler formulu c16 h19 n3 o5s.3h2o ve molekuler agirligi ise 419.45 'tir. orijinal yazimi amoxicillin 'dir.,eksisozluk
amoksisilin,"sari-kirmizi, 500 gramlik kapsullerden iki tane sallayip, bogazimin agrisini geciren super ilac. (acaba placebo efekti mi yapti ne?) allah bulana, yapana dert gostermesin.",eksisozluk
amoksisilin,1000 mg lık olanı yutulamayıp boğaza yapışan antibiyotik. yarıya bölüp yutmaya çalıştığımda gene yapışıyor. susuz ilaç yutmak/@sare  entryimi bana yedirttiren ilaç olmuştur.,eksisozluk
amoksisilin,vücudun c vitamini takviyeli savunma sisteminin 3 gündür indiremediği şişmiş bademcikleri ilk kullanımdan 3 saat sonra huzura kavuşturan şey,eksisozluk
amoksisilin,diş tedavisi öncesinde kalp kapakçığı sorunu olanlarda  enfektif endokardit  gelişmesini engellemek için kullanılması gereken antibiyotik.,eksisozluk
amoksisilin,"kullanmayi nedense sevmedigim genis spektrumlu antibiyotiktir. sindirim sistemine advers etkileri coktur. 45 gun icerisinde, ikinci kez almak mecburiyetinde kaldim. eczacinin beni antibiyotiklerden uzaklastirip, farenjitten sut beyazi olmus bogazimin  semptomatik  tedavisi icin pastillere aspirinlere yoneltmesi, yatistirmasi gerekirken, dayadi 1000mg  klamoks bid 'i. umudumuz, bogaz agrimizin  viral  sebepli olmamasi. 1000mg lik haplariyla taso, misket gibi oyunlar oynanabilir, tavlada kayip pul yerine kullanilabilir, zira yutulmasi icin yapilmamis gibi duruyor. kendime not: hastayken  house  izlemiyoruz.",eksisozluk
amoksisilin,"manyak kafasi var bu ilacin.. inanilmaz durgunlasiyor insan, öroyin yuklemis gibi oluyor. (bkz:  kiza öroyin yükleyin ) tum yasam enerjisini ve hatta sevincini goturuyor, en azimdan benim bunyemde boyle. amoksilin kullandigim gunlerde gunde 17 saat uyudugumu bilirim.",eksisozluk
amoksisilin,"çok güzel osuruk kokuyor. parmağım kadar hap, kokusu ve o iğrenç tadıyla kusmamak için kendimi zor tutuyorum.",eksisozluk
amoksisilin,butun bir haftasonu boyunca iltihaplanmaktan gebermis bogazlarimi 3 saat icinde rahatlatmis antibiyotiktir. yerim ben onu. tek sorun butun hafta kullanmak zorunda olmam.,eksisozluk
amoksisilin,"yarısentetik bir  penisilin . bağırsak tan emilimi çok iyi olması önemlidir.  gram negatif bakteri lere yüksek etkinlik gösterir.  klavulanik asit ( klavulanat ) (ki o  beta laktamaz inhibitörleri  grubuna dahil bir maddedir) ile beraber kullanımı sayesinde,  beta laktamaz ların yaptığı parçalanmadan korunma şansları, dolayısıyla da etkinlikleri artar...(bkz:  augmentin )",eksisozluk
amoksisilin,molekuler formulu c16 h19 n3 o5s.3h2o ve molekuler agirligi ise 419.45 'tir. orijinal yazimi amoxicillin 'dir.,eksisozluk
amoksisilin,"sari-kirmizi, 500 gramlik kapsullerden iki tane sallayip, bogazimin agrisini geciren super ilac. (acaba placebo efekti mi yapti ne?) allah bulana, yapana dert gostermesin.",eksisozluk
amoksisilin,1000 mg lık olanı yutulamayıp boğaza yapışan antibiyotik. yarıya bölüp yutmaya çalıştığımda gene yapışıyor. susuz ilaç yutmak/@sare  entryimi bana yedirttiren ilaç olmuştur.,eksisozluk
amoksisilin,vücudun c vitamini takviyeli savunma sisteminin 3 gündür indiremediği şişmiş bademcikleri ilk kullanımdan 3 saat sonra huzura kavuşturan şey,eksisozluk
amoksisilin,diş tedavisi öncesinde kalp kapakçığı sorunu olanlarda  enfektif endokardit  gelişmesini engellemek için kullanılması gereken antibiyotik.,eksisozluk
amoksisilin,"kullanmayi nedense sevmedigim genis spektrumlu antibiyotiktir. sindirim sistemine advers etkileri coktur. 45 gun icerisinde, ikinci kez almak mecburiyetinde kaldim. eczacinin beni antibiyotiklerden uzaklastirip, farenjitten sut beyazi olmus bogazimin  semptomatik  tedavisi icin pastillere aspirinlere yoneltmesi, yatistirmasi gerekirken, dayadi 1000mg  klamoks bid 'i. umudumuz, bogaz agrimizin  viral  sebepli olmamasi. 1000mg lik haplariyla taso, misket gibi oyunlar oynanabilir, tavlada kayip pul yerine kullanilabilir, zira yutulmasi icin yapilmamis gibi duruyor. kendime not: hastayken  house  izlemiyoruz.",eksisozluk
amoksisilin,"manyak kafasi var bu ilacin.. inanilmaz durgunlasiyor insan, öroyin yuklemis gibi oluyor. (bkz:  kiza öroyin yükleyin ) tum yasam enerjisini ve hatta sevincini goturuyor, en azimdan benim bunyemde boyle. amoksilin kullandigim gunlerde gunde 17 saat uyudugumu bilirim.",eksisozluk
amoksisilin,"çok güzel osuruk kokuyor. parmağım kadar hap, kokusu ve o iğrenç tadıyla kusmamak için kendimi zor tutuyorum.",eksisozluk
amoksisilin,butun bir haftasonu boyunca iltihaplanmaktan gebermis bogazlarimi 3 saat icinde rahatlatmis antibiyotiktir. yerim ben onu. tek sorun butun hafta kullanmak zorunda olmam.,eksisozluk
amoksisilin,"yarısentetik bir  penisilin . bağırsak tan emilimi çok iyi olması önemlidir.  gram negatif bakteri lere yüksek etkinlik gösterir.  klavulanik asit ( klavulanat ) (ki o  beta laktamaz inhibitörleri  grubuna dahil bir maddedir) ile beraber kullanımı sayesinde,  beta laktamaz ların yaptığı parçalanmadan korunma şansları, dolayısıyla da etkinlikleri artar...(bkz:  augmentin )",eksisozluk
amoksisilin,molekuler formulu c16 h19 n3 o5s.3h2o ve molekuler agirligi ise 419.45 'tir. orijinal yazimi amoxicillin 'dir.,eksisozluk
amoksisilin,"sari-kirmizi, 500 gramlik kapsullerden iki tane sallayip, bogazimin agrisini geciren super ilac. (acaba placebo efekti mi yapti ne?) allah bulana, yapana dert gostermesin.",eksisozluk
amoksisilin,1000 mg lık olanı yutulamayıp boğaza yapışan antibiyotik. yarıya bölüp yutmaya çalıştığımda gene yapışıyor. susuz ilaç yutmak/@sare  entryimi bana yedirttiren ilaç olmuştur.,eksisozluk
amoksisilin,vücudun c vitamini takviyeli savunma sisteminin 3 gündür indiremediği şişmiş bademcikleri ilk kullanımdan 3 saat sonra huzura kavuşturan şey,eksisozluk
amoksisilin,diş tedavisi öncesinde kalp kapakçığı sorunu olanlarda  enfektif endokardit  gelişmesini engellemek için kullanılması gereken antibiyotik.,eksisozluk
amoksisilin,"kullanmayi nedense sevmedigim genis spektrumlu antibiyotiktir. sindirim sistemine advers etkileri coktur. 45 gun icerisinde, ikinci kez almak mecburiyetinde kaldim. eczacinin beni antibiyotiklerden uzaklastirip, farenjitten sut beyazi olmus bogazimin  semptomatik  tedavisi icin pastillere aspirinlere yoneltmesi, yatistirmasi gerekirken, dayadi 1000mg  klamoks bid 'i. umudumuz, bogaz agrimizin  viral  sebepli olmamasi. 1000mg lik haplariyla taso, misket gibi oyunlar oynanabilir, tavlada kayip pul yerine kullanilabilir, zira yutulmasi icin yapilmamis gibi duruyor. kendime not: hastayken  house  izlemiyoruz.",eksisozluk
amoksisilin,"manyak kafasi var bu ilacin.. inanilmaz durgunlasiyor insan, öroyin yuklemis gibi oluyor. (bkz:  kiza öroyin yükleyin ) tum yasam enerjisini ve hatta sevincini goturuyor, en azimdan benim bunyemde boyle. amoksilin kullandigim gunlerde gunde 17 saat uyudugumu bilirim.",eksisozluk
amoksisilin,"çok güzel osuruk kokuyor. parmağım kadar hap, kokusu ve o iğrenç tadıyla kusmamak için kendimi zor tutuyorum.",eksisozluk
amoksisilin,butun bir haftasonu boyunca iltihaplanmaktan gebermis bogazlarimi 3 saat icinde rahatlatmis antibiyotiktir. yerim ben onu. tek sorun butun hafta kullanmak zorunda olmam.,eksisozluk
amoksisilin,"yarısentetik bir  penisilin . bağırsak tan emilimi çok iyi olması önemlidir.  gram negatif bakteri lere yüksek etkinlik gösterir.  klavulanik asit ( klavulanat ) (ki o  beta laktamaz inhibitörleri  grubuna dahil bir maddedir) ile beraber kullanımı sayesinde,  beta laktamaz ların yaptığı parçalanmadan korunma şansları, dolayısıyla da etkinlikleri artar...(bkz:  augmentin )",eksisozluk
amoksisilin,molekuler formulu c16 h19 n3 o5s.3h2o ve molekuler agirligi ise 419.45 'tir. orijinal yazimi amoxicillin 'dir.,eksisozluk
amoksisilin,"sari-kirmizi, 500 gramlik kapsullerden iki tane sallayip, bogazimin agrisini geciren super ilac. (acaba placebo efekti mi yapti ne?) allah bulana, yapana dert gostermesin.",eksisozluk
amoksisilin,1000 mg lık olanı yutulamayıp boğaza yapışan antibiyotik. yarıya bölüp yutmaya çalıştığımda gene yapışıyor. susuz ilaç yutmak/@sare  entryimi bana yedirttiren ilaç olmuştur.,eksisozluk
amoksisilin,vücudun c vitamini takviyeli savunma sisteminin 3 gündür indiremediği şişmiş bademcikleri ilk kullanımdan 3 saat sonra huzura kavuşturan şey,eksisozluk
amoksisilin,diş tedavisi öncesinde kalp kapakçığı sorunu olanlarda  enfektif endokardit  gelişmesini engellemek için kullanılması gereken antibiyotik.,eksisozluk
amoksisilin,"kullanmayi nedense sevmedigim genis spektrumlu antibiyotiktir. sindirim sistemine advers etkileri coktur. 45 gun icerisinde, ikinci kez almak mecburiyetinde kaldim. eczacinin beni antibiyotiklerden uzaklastirip, farenjitten sut beyazi olmus bogazimin  semptomatik  tedavisi icin pastillere aspirinlere yoneltmesi, yatistirmasi gerekirken, dayadi 1000mg  klamoks bid 'i. umudumuz, bogaz agrimizin  viral  sebepli olmamasi. 1000mg lik haplariyla taso, misket gibi oyunlar oynanabilir, tavlada kayip pul yerine kullanilabilir, zira yutulmasi icin yapilmamis gibi duruyor. kendime not: hastayken  house  izlemiyoruz.",eksisozluk
amoksisilin,"manyak kafasi var bu ilacin.. inanilmaz durgunlasiyor insan, öroyin yuklemis gibi oluyor. (bkz:  kiza öroyin yükleyin ) tum yasam enerjisini ve hatta sevincini goturuyor, en azimdan benim bunyemde boyle. amoksilin kullandigim gunlerde gunde 17 saat uyudugumu bilirim.",eksisozluk
amoksisilin,"çok güzel osuruk kokuyor. parmağım kadar hap, kokusu ve o iğrenç tadıyla kusmamak için kendimi zor tutuyorum.",eksisozluk
amoksisilin,butun bir haftasonu boyunca iltihaplanmaktan gebermis bogazlarimi 3 saat icinde rahatlatmis antibiyotiktir. yerim ben onu. tek sorun butun hafta kullanmak zorunda olmam.,eksisozluk
amoksisilin,"yarısentetik bir  penisilin . bağırsak tan emilimi çok iyi olması önemlidir.  gram negatif bakteri lere yüksek etkinlik gösterir.  klavulanik asit ( klavulanat ) (ki o  beta laktamaz inhibitörleri  grubuna dahil bir maddedir) ile beraber kullanımı sayesinde,  beta laktamaz ların yaptığı parçalanmadan korunma şansları, dolayısıyla da etkinlikleri artar...(bkz:  augmentin )",eksisozluk
amoksisilin,molekuler formulu c16 h19 n3 o5s.3h2o ve molekuler agirligi ise 419.45 'tir. orijinal yazimi amoxicillin 'dir.,eksisozluk
amoksisilin,"sari-kirmizi, 500 gramlik kapsullerden iki tane sallayip, bogazimin agrisini geciren super ilac. (acaba placebo efekti mi yapti ne?) allah bulana, yapana dert gostermesin.",eksisozluk
amoksisilin,1000 mg lık olanı yutulamayıp boğaza yapışan antibiyotik. yarıya bölüp yutmaya çalıştığımda gene yapışıyor. susuz ilaç yutmak/@sare  entryimi bana yedirttiren ilaç olmuştur.,eksisozluk
amoksisilin,vücudun c vitamini takviyeli savunma sisteminin 3 gündür indiremediği şişmiş bademcikleri ilk kullanımdan 3 saat sonra huzura kavuşturan şey,eksisozluk
amoksisilin,diş tedavisi öncesinde kalp kapakçığı sorunu olanlarda  enfektif endokardit  gelişmesini engellemek için kullanılması gereken antibiyotik.,eksisozluk
amoksisilin,"kullanmayi nedense sevmedigim genis spektrumlu antibiyotiktir. sindirim sistemine advers etkileri coktur. 45 gun icerisinde, ikinci kez almak mecburiyetinde kaldim. eczacinin beni antibiyotiklerden uzaklastirip, farenjitten sut beyazi olmus bogazimin  semptomatik  tedavisi icin pastillere aspirinlere yoneltmesi, yatistirmasi gerekirken, dayadi 1000mg  klamoks bid 'i. umudumuz, bogaz agrimizin  viral  sebepli olmamasi. 1000mg lik haplariyla taso, misket gibi oyunlar oynanabilir, tavlada kayip pul yerine kullanilabilir, zira yutulmasi icin yapilmamis gibi duruyor. kendime not: hastayken  house  izlemiyoruz.",eksisozluk
amoksisilin,"manyak kafasi var bu ilacin.. inanilmaz durgunlasiyor insan, öroyin yuklemis gibi oluyor. (bkz:  kiza öroyin yükleyin ) tum yasam enerjisini ve hatta sevincini goturuyor, en azimdan benim bunyemde boyle. amoksilin kullandigim gunlerde gunde 17 saat uyudugumu bilirim.",eksisozluk
amoksisilin,"çok güzel osuruk kokuyor. parmağım kadar hap, kokusu ve o iğrenç tadıyla kusmamak için kendimi zor tutuyorum.",eksisozluk
amoksisilin,butun bir haftasonu boyunca iltihaplanmaktan gebermis bogazlarimi 3 saat icinde rahatlatmis antibiyotiktir. yerim ben onu. tek sorun butun hafta kullanmak zorunda olmam.,eksisozluk
amoksisilin,"yarısentetik bir  penisilin . bağırsak tan emilimi çok iyi olması önemlidir.  gram negatif bakteri lere yüksek etkinlik gösterir.  klavulanik asit ( klavulanat ) (ki o  beta laktamaz inhibitörleri  grubuna dahil bir maddedir) ile beraber kullanımı sayesinde,  beta laktamaz ların yaptığı parçalanmadan korunma şansları, dolayısıyla da etkinlikleri artar...(bkz:  augmentin )",eksisozluk
amoksisilin,molekuler formulu c16 h19 n3 o5s.3h2o ve molekuler agirligi ise 419.45 'tir. orijinal yazimi amoxicillin 'dir.,eksisozluk
amoksisilin,"sari-kirmizi, 500 gramlik kapsullerden iki tane sallayip, bogazimin agrisini geciren super ilac. (acaba placebo efekti mi yapti ne?) allah bulana, yapana dert gostermesin.",eksisozluk
amoksisilin,1000 mg lık olanı yutulamayıp boğaza yapışan antibiyotik. yarıya bölüp yutmaya çalıştığımda gene yapışıyor. susuz ilaç yutmak/@sare  entryimi bana yedirttiren ilaç olmuştur.,eksisozluk
amoksisilin,vücudun c vitamini takviyeli savunma sisteminin 3 gündür indiremediği şişmiş bademcikleri ilk kullanımdan 3 saat sonra huzura kavuşturan şey,eksisozluk
amoksisilin,diş tedavisi öncesinde kalp kapakçığı sorunu olanlarda  enfektif endokardit  gelişmesini engellemek için kullanılması gereken antibiyotik.,eksisozluk
amoksisilin,"kullanmayi nedense sevmedigim genis spektrumlu antibiyotiktir. sindirim sistemine advers etkileri coktur. 45 gun icerisinde, ikinci kez almak mecburiyetinde kaldim. eczacinin beni antibiyotiklerden uzaklastirip, farenjitten sut beyazi olmus bogazimin  semptomatik  tedavisi icin pastillere aspirinlere yoneltmesi, yatistirmasi gerekirken, dayadi 1000mg  klamoks bid 'i. umudumuz, bogaz agrimizin  viral  sebepli olmamasi. 1000mg lik haplariyla taso, misket gibi oyunlar oynanabilir, tavlada kayip pul yerine kullanilabilir, zira yutulmasi icin yapilmamis gibi duruyor. kendime not: hastayken  house  izlemiyoruz.",eksisozluk
amoksisilin,"manyak kafasi var bu ilacin.. inanilmaz durgunlasiyor insan, öroyin yuklemis gibi oluyor. (bkz:  kiza öroyin yükleyin ) tum yasam enerjisini ve hatta sevincini goturuyor, en azimdan benim bunyemde boyle. amoksilin kullandigim gunlerde gunde 17 saat uyudugumu bilirim.",eksisozluk
amoksisilin,"çok güzel osuruk kokuyor. parmağım kadar hap, kokusu ve o iğrenç tadıyla kusmamak için kendimi zor tutuyorum.",eksisozluk
amoksisilin,butun bir haftasonu boyunca iltihaplanmaktan gebermis bogazlarimi 3 saat icinde rahatlatmis antibiyotiktir. yerim ben onu. tek sorun butun hafta kullanmak zorunda olmam.,eksisozluk
amoksisilin,"yarısentetik bir  penisilin . bağırsak tan emilimi çok iyi olması önemlidir.  gram negatif bakteri lere yüksek etkinlik gösterir.  klavulanik asit ( klavulanat ) (ki o  beta laktamaz inhibitörleri  grubuna dahil bir maddedir) ile beraber kullanımı sayesinde,  beta laktamaz ların yaptığı parçalanmadan korunma şansları, dolayısıyla da etkinlikleri artar...(bkz:  augmentin )",eksisozluk
amoksisilin,molekuler formulu c16 h19 n3 o5s.3h2o ve molekuler agirligi ise 419.45 'tir. orijinal yazimi amoxicillin 'dir.,eksisozluk
amoksisilin,"sari-kirmizi, 500 gramlik kapsullerden iki tane sallayip, bogazimin agrisini geciren super ilac. (acaba placebo efekti mi yapti ne?) allah bulana, yapana dert gostermesin.",eksisozluk
amoksisilin,1000 mg lık olanı yutulamayıp boğaza yapışan antibiyotik. yarıya bölüp yutmaya çalıştığımda gene yapışıyor. susuz ilaç yutmak/@sare  entryimi bana yedirttiren ilaç olmuştur.,eksisozluk
amoksisilin,vücudun c vitamini takviyeli savunma sisteminin 3 gündür indiremediği şişmiş bademcikleri ilk kullanımdan 3 saat sonra huzura kavuşturan şey,eksisozluk
amoksisilin,diş tedavisi öncesinde kalp kapakçığı sorunu olanlarda  enfektif endokardit  gelişmesini engellemek için kullanılması gereken antibiyotik.,eksisozluk
amoksisilin,"kullanmayi nedense sevmedigim genis spektrumlu antibiyotiktir. sindirim sistemine advers etkileri coktur. 45 gun icerisinde, ikinci kez almak mecburiyetinde kaldim. eczacinin beni antibiyotiklerden uzaklastirip, farenjitten sut beyazi olmus bogazimin  semptomatik  tedavisi icin pastillere aspirinlere yoneltmesi, yatistirmasi gerekirken, dayadi 1000mg  klamoks bid 'i. umudumuz, bogaz agrimizin  viral  sebepli olmamasi. 1000mg lik haplariyla taso, misket gibi oyunlar oynanabilir, tavlada kayip pul yerine kullanilabilir, zira yutulmasi icin yapilmamis gibi duruyor. kendime not: hastayken  house  izlemiyoruz.",eksisozluk
amoksisilin,"manyak kafasi var bu ilacin.. inanilmaz durgunlasiyor insan, öroyin yuklemis gibi oluyor. (bkz:  kiza öroyin yükleyin ) tum yasam enerjisini ve hatta sevincini goturuyor, en azimdan benim bunyemde boyle. amoksilin kullandigim gunlerde gunde 17 saat uyudugumu bilirim.",eksisozluk
amoksisilin,"çok güzel osuruk kokuyor. parmağım kadar hap, kokusu ve o iğrenç tadıyla kusmamak için kendimi zor tutuyorum.",eksisozluk
amoksisilin,butun bir haftasonu boyunca iltihaplanmaktan gebermis bogazlarimi 3 saat icinde rahatlatmis antibiyotiktir. yerim ben onu. tek sorun butun hafta kullanmak zorunda olmam.,eksisozluk
amoksisilin,"yarısentetik bir  penisilin . bağırsak tan emilimi çok iyi olması önemlidir.  gram negatif bakteri lere yüksek etkinlik gösterir.  klavulanik asit ( klavulanat ) (ki o  beta laktamaz inhibitörleri  grubuna dahil bir maddedir) ile beraber kullanımı sayesinde,  beta laktamaz ların yaptığı parçalanmadan korunma şansları, dolayısıyla da etkinlikleri artar...(bkz:  augmentin )",eksisozluk
amoksisilin,molekuler formulu c16 h19 n3 o5s.3h2o ve molekuler agirligi ise 419.45 'tir. orijinal yazimi amoxicillin 'dir.,eksisozluk
amoksisilin,"sari-kirmizi, 500 gramlik kapsullerden iki tane sallayip, bogazimin agrisini geciren super ilac. (acaba placebo efekti mi yapti ne?) allah bulana, yapana dert gostermesin.",eksisozluk
amoksisilin,1000 mg lık olanı yutulamayıp boğaza yapışan antibiyotik. yarıya bölüp yutmaya çalıştığımda gene yapışıyor. susuz ilaç yutmak/@sare  entryimi bana yedirttiren ilaç olmuştur.,eksisozluk
amoksisilin,vücudun c vitamini takviyeli savunma sisteminin 3 gündür indiremediği şişmiş bademcikleri ilk kullanımdan 3 saat sonra huzura kavuşturan şey,eksisozluk
amoksisilin,diş tedavisi öncesinde kalp kapakçığı sorunu olanlarda  enfektif endokardit  gelişmesini engellemek için kullanılması gereken antibiyotik.,eksisozluk
amoksisilin,"kullanmayi nedense sevmedigim genis spektrumlu antibiyotiktir. sindirim sistemine advers etkileri coktur. 45 gun icerisinde, ikinci kez almak mecburiyetinde kaldim. eczacinin beni antibiyotiklerden uzaklastirip, farenjitten sut beyazi olmus bogazimin  semptomatik  tedavisi icin pastillere aspirinlere yoneltmesi, yatistirmasi gerekirken, dayadi 1000mg  klamoks bid 'i. umudumuz, bogaz agrimizin  viral  sebepli olmamasi. 1000mg lik haplariyla taso, misket gibi oyunlar oynanabilir, tavlada kayip pul yerine kullanilabilir, zira yutulmasi icin yapilmamis gibi duruyor. kendime not: hastayken  house  izlemiyoruz.",eksisozluk
amoksisilin,"manyak kafasi var bu ilacin.. inanilmaz durgunlasiyor insan, öroyin yuklemis gibi oluyor. (bkz:  kiza öroyin yükleyin ) tum yasam enerjisini ve hatta sevincini goturuyor, en azimdan benim bunyemde boyle. amoksilin kullandigim gunlerde gunde 17 saat uyudugumu bilirim.",eksisozluk
amoksisilin,"çok güzel osuruk kokuyor. parmağım kadar hap, kokusu ve o iğrenç tadıyla kusmamak için kendimi zor tutuyorum.",eksisozluk
amoksisilin,butun bir haftasonu boyunca iltihaplanmaktan gebermis bogazlarimi 3 saat icinde rahatlatmis antibiyotiktir. yerim ben onu. tek sorun butun hafta kullanmak zorunda olmam.,eksisozluk
amoksisilin,"yarısentetik bir  penisilin . bağırsak tan emilimi çok iyi olması önemlidir.  gram negatif bakteri lere yüksek etkinlik gösterir.  klavulanik asit ( klavulanat ) (ki o  beta laktamaz inhibitörleri  grubuna dahil bir maddedir) ile beraber kullanımı sayesinde,  beta laktamaz ların yaptığı parçalanmadan korunma şansları, dolayısıyla da etkinlikleri artar...(bkz:  augmentin )",eksisozluk
amoksisilin,molekuler formulu c16 h19 n3 o5s.3h2o ve molekuler agirligi ise 419.45 'tir. orijinal yazimi amoxicillin 'dir.,eksisozluk
amoksisilin,"sari-kirmizi, 500 gramlik kapsullerden iki tane sallayip, bogazimin agrisini geciren super ilac. (acaba placebo efekti mi yapti ne?) allah bulana, yapana dert gostermesin.",eksisozluk
amoksisilin,1000 mg lık olanı yutulamayıp boğaza yapışan antibiyotik. yarıya bölüp yutmaya çalıştığımda gene yapışıyor. susuz ilaç yutmak/@sare  entryimi bana yedirttiren ilaç olmuştur.,eksisozluk
amoksisilin,vücudun c vitamini takviyeli savunma sisteminin 3 gündür indiremediği şişmiş bademcikleri ilk kullanımdan 3 saat sonra huzura kavuşturan şey,eksisozluk
amoksisilin,diş tedavisi öncesinde kalp kapakçığı sorunu olanlarda  enfektif endokardit  gelişmesini engellemek için kullanılması gereken antibiyotik.,eksisozluk
amoksisilin,"kullanmayi nedense sevmedigim genis spektrumlu antibiyotiktir. sindirim sistemine advers etkileri coktur. 45 gun icerisinde, ikinci kez almak mecburiyetinde kaldim. eczacinin beni antibiyotiklerden uzaklastirip, farenjitten sut beyazi olmus bogazimin  semptomatik  tedavisi icin pastillere aspirinlere yoneltmesi, yatistirmasi gerekirken, dayadi 1000mg  klamoks bid 'i. umudumuz, bogaz agrimizin  viral  sebepli olmamasi. 1000mg lik haplariyla taso, misket gibi oyunlar oynanabilir, tavlada kayip pul yerine kullanilabilir, zira yutulmasi icin yapilmamis gibi duruyor. kendime not: hastayken  house  izlemiyoruz.",eksisozluk
amoksisilin,"manyak kafasi var bu ilacin.. inanilmaz durgunlasiyor insan, öroyin yuklemis gibi oluyor. (bkz:  kiza öroyin yükleyin ) tum yasam enerjisini ve hatta sevincini goturuyor, en azimdan benim bunyemde boyle. amoksilin kullandigim gunlerde gunde 17 saat uyudugumu bilirim.",eksisozluk
amoksisilin,"çok güzel osuruk kokuyor. parmağım kadar hap, kokusu ve o iğrenç tadıyla kusmamak için kendimi zor tutuyorum.",eksisozluk
amoksisilin,butun bir haftasonu boyunca iltihaplanmaktan gebermis bogazlarimi 3 saat icinde rahatlatmis antibiyotiktir. yerim ben onu. tek sorun butun hafta kullanmak zorunda olmam.,eksisozluk
amoksisilin,"yarısentetik bir  penisilin . bağırsak tan emilimi çok iyi olması önemlidir.  gram negatif bakteri lere yüksek etkinlik gösterir.  klavulanik asit ( klavulanat ) (ki o  beta laktamaz inhibitörleri  grubuna dahil bir maddedir) ile beraber kullanımı sayesinde,  beta laktamaz ların yaptığı parçalanmadan korunma şansları, dolayısıyla da etkinlikleri artar...(bkz:  augmentin )",eksisozluk
amoksisilin,molekuler formulu c16 h19 n3 o5s.3h2o ve molekuler agirligi ise 419.45 'tir. orijinal yazimi amoxicillin 'dir.,eksisozluk
amoksisilin,"sari-kirmizi, 500 gramlik kapsullerden iki tane sallayip, bogazimin agrisini geciren super ilac. (acaba placebo efekti mi yapti ne?) allah bulana, yapana dert gostermesin.",eksisozluk
amoksisilin,1000 mg lık olanı yutulamayıp boğaza yapışan antibiyotik. yarıya bölüp yutmaya çalıştığımda gene yapışıyor. susuz ilaç yutmak/@sare  entryimi bana yedirttiren ilaç olmuştur.,eksisozluk
amoksisilin,vücudun c vitamini takviyeli savunma sisteminin 3 gündür indiremediği şişmiş bademcikleri ilk kullanımdan 3 saat sonra huzura kavuşturan şey,eksisozluk
amoksisilin,diş tedavisi öncesinde kalp kapakçığı sorunu olanlarda  enfektif endokardit  gelişmesini engellemek için kullanılması gereken antibiyotik.,eksisozluk
amoksisilin,"kullanmayi nedense sevmedigim genis spektrumlu antibiyotiktir. sindirim sistemine advers etkileri coktur. 45 gun icerisinde, ikinci kez almak mecburiyetinde kaldim. eczacinin beni antibiyotiklerden uzaklastirip, farenjitten sut beyazi olmus bogazimin  semptomatik  tedavisi icin pastillere aspirinlere yoneltmesi, yatistirmasi gerekirken, dayadi 1000mg  klamoks bid 'i. umudumuz, bogaz agrimizin  viral  sebepli olmamasi. 1000mg lik haplariyla taso, misket gibi oyunlar oynanabilir, tavlada kayip pul yerine kullanilabilir, zira yutulmasi icin yapilmamis gibi duruyor. kendime not: hastayken  house  izlemiyoruz.",eksisozluk
amoksisilin,"manyak kafasi var bu ilacin.. inanilmaz durgunlasiyor insan, öroyin yuklemis gibi oluyor. (bkz:  kiza öroyin yükleyin ) tum yasam enerjisini ve hatta sevincini goturuyor, en azimdan benim bunyemde boyle. amoksilin kullandigim gunlerde gunde 17 saat uyudugumu bilirim.",eksisozluk
amoksisilin,"çok güzel osuruk kokuyor. parmağım kadar hap, kokusu ve o iğrenç tadıyla kusmamak için kendimi zor tutuyorum.",eksisozluk
amoksisilin,butun bir haftasonu boyunca iltihaplanmaktan gebermis bogazlarimi 3 saat icinde rahatlatmis antibiyotiktir. yerim ben onu. tek sorun butun hafta kullanmak zorunda olmam.,eksisozluk
amoksisilin,"yarısentetik bir  penisilin . bağırsak tan emilimi çok iyi olması önemlidir.  gram negatif bakteri lere yüksek etkinlik gösterir.  klavulanik asit ( klavulanat ) (ki o  beta laktamaz inhibitörleri  grubuna dahil bir maddedir) ile beraber kullanımı sayesinde,  beta laktamaz ların yaptığı parçalanmadan korunma şansları, dolayısıyla da etkinlikleri artar...(bkz:  augmentin )",eksisozluk
amoksisilin,molekuler formulu c16 h19 n3 o5s.3h2o ve molekuler agirligi ise 419.45 'tir. orijinal yazimi amoxicillin 'dir.,eksisozluk
amoksisilin,"sari-kirmizi, 500 gramlik kapsullerden iki tane sallayip, bogazimin agrisini geciren super ilac. (acaba placebo efekti mi yapti ne?) allah bulana, yapana dert gostermesin.",eksisozluk
amoksisilin,1000 mg lık olanı yutulamayıp boğaza yapışan antibiyotik. yarıya bölüp yutmaya çalıştığımda gene yapışıyor. susuz ilaç yutmak/@sare  entryimi bana yedirttiren ilaç olmuştur.,eksisozluk
amoksisilin,vücudun c vitamini takviyeli savunma sisteminin 3 gündür indiremediği şişmiş bademcikleri ilk kullanımdan 3 saat sonra huzura kavuşturan şey,eksisozluk
amoksisilin,diş tedavisi öncesinde kalp kapakçığı sorunu olanlarda  enfektif endokardit  gelişmesini engellemek için kullanılması gereken antibiyotik.,eksisozluk
amoksisilin,"kullanmayi nedense sevmedigim genis spektrumlu antibiyotiktir. sindirim sistemine advers etkileri coktur. 45 gun icerisinde, ikinci kez almak mecburiyetinde kaldim. eczacinin beni antibiyotiklerden uzaklastirip, farenjitten sut beyazi olmus bogazimin  semptomatik  tedavisi icin pastillere aspirinlere yoneltmesi, yatistirmasi gerekirken, dayadi 1000mg  klamoks bid 'i. umudumuz, bogaz agrimizin  viral  sebepli olmamasi. 1000mg lik haplariyla taso, misket gibi oyunlar oynanabilir, tavlada kayip pul yerine kullanilabilir, zira yutulmasi icin yapilmamis gibi duruyor. kendime not: hastayken  house  izlemiyoruz.",eksisozluk
amoksisilin,"manyak kafasi var bu ilacin.. inanilmaz durgunlasiyor insan, öroyin yuklemis gibi oluyor. (bkz:  kiza öroyin yükleyin ) tum yasam enerjisini ve hatta sevincini goturuyor, en azimdan benim bunyemde boyle. amoksilin kullandigim gunlerde gunde 17 saat uyudugumu bilirim.",eksisozluk
amoksisilin,"çok güzel osuruk kokuyor. parmağım kadar hap, kokusu ve o iğrenç tadıyla kusmamak için kendimi zor tutuyorum.",eksisozluk
amoksisilin,butun bir haftasonu boyunca iltihaplanmaktan gebermis bogazlarimi 3 saat icinde rahatlatmis antibiyotiktir. yerim ben onu. tek sorun butun hafta kullanmak zorunda olmam.,eksisozluk
amoksisilin,"yarısentetik bir  penisilin . bağırsak tan emilimi çok iyi olması önemlidir.  gram negatif bakteri lere yüksek etkinlik gösterir.  klavulanik asit ( klavulanat ) (ki o  beta laktamaz inhibitörleri  grubuna dahil bir maddedir) ile beraber kullanımı sayesinde,  beta laktamaz ların yaptığı parçalanmadan korunma şansları, dolayısıyla da etkinlikleri artar...(bkz:  augmentin )",eksisozluk
amoksisilin,molekuler formulu c16 h19 n3 o5s.3h2o ve molekuler agirligi ise 419.45 'tir. orijinal yazimi amoxicillin 'dir.,eksisozluk
amoksisilin,"sari-kirmizi, 500 gramlik kapsullerden iki tane sallayip, bogazimin agrisini geciren super ilac. (acaba placebo efekti mi yapti ne?) allah bulana, yapana dert gostermesin.",eksisozluk
amoksisilin,1000 mg lık olanı yutulamayıp boğaza yapışan antibiyotik. yarıya bölüp yutmaya çalıştığımda gene yapışıyor. susuz ilaç yutmak/@sare  entryimi bana yedirttiren ilaç olmuştur.,eksisozluk
amoksisilin,vücudun c vitamini takviyeli savunma sisteminin 3 gündür indiremediği şişmiş bademcikleri ilk kullanımdan 3 saat sonra huzura kavuşturan şey,eksisozluk
amoksisilin,diş tedavisi öncesinde kalp kapakçığı sorunu olanlarda  enfektif endokardit  gelişmesini engellemek için kullanılması gereken antibiyotik.,eksisozluk
amoksisilin,"kullanmayi nedense sevmedigim genis spektrumlu antibiyotiktir. sindirim sistemine advers etkileri coktur. 45 gun icerisinde, ikinci kez almak mecburiyetinde kaldim. eczacinin beni antibiyotiklerden uzaklastirip, farenjitten sut beyazi olmus bogazimin  semptomatik  tedavisi icin pastillere aspirinlere yoneltmesi, yatistirmasi gerekirken, dayadi 1000mg  klamoks bid 'i. umudumuz, bogaz agrimizin  viral  sebepli olmamasi. 1000mg lik haplariyla taso, misket gibi oyunlar oynanabilir, tavlada kayip pul yerine kullanilabilir, zira yutulmasi icin yapilmamis gibi duruyor. kendime not: hastayken  house  izlemiyoruz.",eksisozluk
amoksisilin,"manyak kafasi var bu ilacin.. inanilmaz durgunlasiyor insan, öroyin yuklemis gibi oluyor. (bkz:  kiza öroyin yükleyin ) tum yasam enerjisini ve hatta sevincini goturuyor, en azimdan benim bunyemde boyle. amoksilin kullandigim gunlerde gunde 17 saat uyudugumu bilirim.",eksisozluk
amoksisilin,"çok güzel osuruk kokuyor. parmağım kadar hap, kokusu ve o iğrenç tadıyla kusmamak için kendimi zor tutuyorum.",eksisozluk
amoksisilin,butun bir haftasonu boyunca iltihaplanmaktan gebermis bogazlarimi 3 saat icinde rahatlatmis antibiyotiktir. yerim ben onu. tek sorun butun hafta kullanmak zorunda olmam.,eksisozluk
amoksisilin,"yarısentetik bir  penisilin . bağırsak tan emilimi çok iyi olması önemlidir.  gram negatif bakteri lere yüksek etkinlik gösterir.  klavulanik asit ( klavulanat ) (ki o  beta laktamaz inhibitörleri  grubuna dahil bir maddedir) ile beraber kullanımı sayesinde,  beta laktamaz ların yaptığı parçalanmadan korunma şansları, dolayısıyla da etkinlikleri artar...(bkz:  augmentin )",eksisozluk
amoksisilin,molekuler formulu c16 h19 n3 o5s.3h2o ve molekuler agirligi ise 419.45 'tir. orijinal yazimi amoxicillin 'dir.,eksisozluk
amoksisilin,"sari-kirmizi, 500 gramlik kapsullerden iki tane sallayip, bogazimin agrisini geciren super ilac. (acaba placebo efekti mi yapti ne?) allah bulana, yapana dert gostermesin.",eksisozluk
amoksisilin,1000 mg lık olanı yutulamayıp boğaza yapışan antibiyotik. yarıya bölüp yutmaya çalıştığımda gene yapışıyor. susuz ilaç yutmak/@sare  entryimi bana yedirttiren ilaç olmuştur.,eksisozluk
amoksisilin,vücudun c vitamini takviyeli savunma sisteminin 3 gündür indiremediği şişmiş bademcikleri ilk kullanımdan 3 saat sonra huzura kavuşturan şey,eksisozluk
amoksisilin,diş tedavisi öncesinde kalp kapakçığı sorunu olanlarda  enfektif endokardit  gelişmesini engellemek için kullanılması gereken antibiyotik.,eksisozluk
amoksisilin,"kullanmayi nedense sevmedigim genis spektrumlu antibiyotiktir. sindirim sistemine advers etkileri coktur. 45 gun icerisinde, ikinci kez almak mecburiyetinde kaldim. eczacinin beni antibiyotiklerden uzaklastirip, farenjitten sut beyazi olmus bogazimin  semptomatik  tedavisi icin pastillere aspirinlere yoneltmesi, yatistirmasi gerekirken, dayadi 1000mg  klamoks bid 'i. umudumuz, bogaz agrimizin  viral  sebepli olmamasi. 1000mg lik haplariyla taso, misket gibi oyunlar oynanabilir, tavlada kayip pul yerine kullanilabilir, zira yutulmasi icin yapilmamis gibi duruyor. kendime not: hastayken  house  izlemiyoruz.",eksisozluk
amoksisilin,"manyak kafasi var bu ilacin.. inanilmaz durgunlasiyor insan, öroyin yuklemis gibi oluyor. (bkz:  kiza öroyin yükleyin ) tum yasam enerjisini ve hatta sevincini goturuyor, en azimdan benim bunyemde boyle. amoksilin kullandigim gunlerde gunde 17 saat uyudugumu bilirim.",eksisozluk
amoksisilin,"çok güzel osuruk kokuyor. parmağım kadar hap, kokusu ve o iğrenç tadıyla kusmamak için kendimi zor tutuyorum.",eksisozluk
amoksisilin,butun bir haftasonu boyunca iltihaplanmaktan gebermis bogazlarimi 3 saat icinde rahatlatmis antibiyotiktir. yerim ben onu. tek sorun butun hafta kullanmak zorunda olmam.,eksisozluk
amoksisilin,"yarısentetik bir  penisilin . bağırsak tan emilimi çok iyi olması önemlidir.  gram negatif bakteri lere yüksek etkinlik gösterir.  klavulanik asit ( klavulanat ) (ki o  beta laktamaz inhibitörleri  grubuna dahil bir maddedir) ile beraber kullanımı sayesinde,  beta laktamaz ların yaptığı parçalanmadan korunma şansları, dolayısıyla da etkinlikleri artar...(bkz:  augmentin )",eksisozluk
amoksisilin,molekuler formulu c16 h19 n3 o5s.3h2o ve molekuler agirligi ise 419.45 'tir. orijinal yazimi amoxicillin 'dir.,eksisozluk
amoksisilin,"sari-kirmizi, 500 gramlik kapsullerden iki tane sallayip, bogazimin agrisini geciren super ilac. (acaba placebo efekti mi yapti ne?) allah bulana, yapana dert gostermesin.",eksisozluk
amoksisilin,1000 mg lık olanı yutulamayıp boğaza yapışan antibiyotik. yarıya bölüp yutmaya çalıştığımda gene yapışıyor. susuz ilaç yutmak/@sare  entryimi bana yedirttiren ilaç olmuştur.,eksisozluk
amoksisilin,vücudun c vitamini takviyeli savunma sisteminin 3 gündür indiremediği şişmiş bademcikleri ilk kullanımdan 3 saat sonra huzura kavuşturan şey,eksisozluk
amoksisilin,diş tedavisi öncesinde kalp kapakçığı sorunu olanlarda  enfektif endokardit  gelişmesini engellemek için kullanılması gereken antibiyotik.,eksisozluk
amoksisilin,"kullanmayi nedense sevmedigim genis spektrumlu antibiyotiktir. sindirim sistemine advers etkileri coktur. 45 gun icerisinde, ikinci kez almak mecburiyetinde kaldim. eczacinin beni antibiyotiklerden uzaklastirip, farenjitten sut beyazi olmus bogazimin  semptomatik  tedavisi icin pastillere aspirinlere yoneltmesi, yatistirmasi gerekirken, dayadi 1000mg  klamoks bid 'i. umudumuz, bogaz agrimizin  viral  sebepli olmamasi. 1000mg lik haplariyla taso, misket gibi oyunlar oynanabilir, tavlada kayip pul yerine kullanilabilir, zira yutulmasi icin yapilmamis gibi duruyor. kendime not: hastayken  house  izlemiyoruz.",eksisozluk
amoksisilin,"manyak kafasi var bu ilacin.. inanilmaz durgunlasiyor insan, öroyin yuklemis gibi oluyor. (bkz:  kiza öroyin yükleyin ) tum yasam enerjisini ve hatta sevincini goturuyor, en azimdan benim bunyemde boyle. amoksilin kullandigim gunlerde gunde 17 saat uyudugumu bilirim.",eksisozluk
amoksisilin,"çok güzel osuruk kokuyor. parmağım kadar hap, kokusu ve o iğrenç tadıyla kusmamak için kendimi zor tutuyorum.",eksisozluk
amoksisilin,butun bir haftasonu boyunca iltihaplanmaktan gebermis bogazlarimi 3 saat icinde rahatlatmis antibiyotiktir. yerim ben onu. tek sorun butun hafta kullanmak zorunda olmam.,eksisozluk
amoksisilin,"yarısentetik bir  penisilin . bağırsak tan emilimi çok iyi olması önemlidir.  gram negatif bakteri lere yüksek etkinlik gösterir.  klavulanik asit ( klavulanat ) (ki o  beta laktamaz inhibitörleri  grubuna dahil bir maddedir) ile beraber kullanımı sayesinde,  beta laktamaz ların yaptığı parçalanmadan korunma şansları, dolayısıyla da etkinlikleri artar...(bkz:  augmentin )",eksisozluk
amoksisilin,molekuler formulu c16 h19 n3 o5s.3h2o ve molekuler agirligi ise 419.45 'tir. orijinal yazimi amoxicillin 'dir.,eksisozluk
amoksisilin,"sari-kirmizi, 500 gramlik kapsullerden iki tane sallayip, bogazimin agrisini geciren super ilac. (acaba placebo efekti mi yapti ne?) allah bulana, yapana dert gostermesin.",eksisozluk
amoksisilin,1000 mg lık olanı yutulamayıp boğaza yapışan antibiyotik. yarıya bölüp yutmaya çalıştığımda gene yapışıyor. susuz ilaç yutmak/@sare  entryimi bana yedirttiren ilaç olmuştur.,eksisozluk
amoksisilin,vücudun c vitamini takviyeli savunma sisteminin 3 gündür indiremediği şişmiş bademcikleri ilk kullanımdan 3 saat sonra huzura kavuşturan şey,eksisozluk
amoksisilin,diş tedavisi öncesinde kalp kapakçığı sorunu olanlarda  enfektif endokardit  gelişmesini engellemek için kullanılması gereken antibiyotik.,eksisozluk
amoksisilin,"kullanmayi nedense sevmedigim genis spektrumlu antibiyotiktir. sindirim sistemine advers etkileri coktur. 45 gun icerisinde, ikinci kez almak mecburiyetinde kaldim. eczacinin beni antibiyotiklerden uzaklastirip, farenjitten sut beyazi olmus bogazimin  semptomatik  tedavisi icin pastillere aspirinlere yoneltmesi, yatistirmasi gerekirken, dayadi 1000mg  klamoks bid 'i. umudumuz, bogaz agrimizin  viral  sebepli olmamasi. 1000mg lik haplariyla taso, misket gibi oyunlar oynanabilir, tavlada kayip pul yerine kullanilabilir, zira yutulmasi icin yapilmamis gibi duruyor. kendime not: hastayken  house  izlemiyoruz.",eksisozluk
amoksisilin,"manyak kafasi var bu ilacin.. inanilmaz durgunlasiyor insan, öroyin yuklemis gibi oluyor. (bkz:  kiza öroyin yükleyin ) tum yasam enerjisini ve hatta sevincini goturuyor, en azimdan benim bunyemde boyle. amoksilin kullandigim gunlerde gunde 17 saat uyudugumu bilirim.",eksisozluk
amoksisilin,"çok güzel osuruk kokuyor. parmağım kadar hap, kokusu ve o iğrenç tadıyla kusmamak için kendimi zor tutuyorum.",eksisozluk
amoksisilin,butun bir haftasonu boyunca iltihaplanmaktan gebermis bogazlarimi 3 saat icinde rahatlatmis antibiyotiktir. yerim ben onu. tek sorun butun hafta kullanmak zorunda olmam.,eksisozluk
klaritromisin,bir  makrolid  turu  antibiyotik ..alt ve ust solunum yolu infeksiyonlarinda endikedir.,eksisozluk
klaritromisin,kullanıldığı süre içerisinde ağız tadınızı bozan  antibiyotik. atipik pnömonilerin vazgeçilmezi.,eksisozluk
klaritromisin,toplum kökenli pnömonide tercih edilmesi gereken ilk ilaç. ayrıca otitis media ve sinuzit tedavisinde de oldukça başarılıdır.,eksisozluk
klaritromisin,"m. avium , t. gondi , h. pilori, h. influenza bakterilerinde etkili antibiyotik. dokulara dağılımı iyidir.",eksisozluk
klaritromisin,uykusuzluk ve kişilik değişikliğine neden olan antibiyotiktir..,eksisozluk
klaritromisin,"kullanımı oldukça zor olan antibiyotik. ağızda bıraktığı metalik tattan dolayı iştah bırakmaz, mide bulantısı yapar, kısmen hayattan soğutur ama ölüyü de diriltiyor hani.",eksisozluk
klaritromisin,(bkz:  klitorisimsin ),eksisozluk
klaritromisin,(bkz:  klitorisinkimin ),eksisozluk
klaritromisin,(bkz:  klacid ) (bkz:  macrol ) (bkz:  deklarit ) (bkz:  klamer ) (bkz:  klarolid ),eksisozluk
klaritromisin,çok etkilidir ancak agzınız zehir yutmuş gibidir kullandıgınız sürece.,eksisozluk
klaritromisin,bir  makrolid  turu  antibiyotik ..alt ve ust solunum yolu infeksiyonlarinda endikedir.,eksisozluk
klaritromisin,kullanıldığı süre içerisinde ağız tadınızı bozan  antibiyotik. atipik pnömonilerin vazgeçilmezi.,eksisozluk
klaritromisin,toplum kökenli pnömonide tercih edilmesi gereken ilk ilaç. ayrıca otitis media ve sinuzit tedavisinde de oldukça başarılıdır.,eksisozluk
klaritromisin,"m. avium , t. gondi , h. pilori, h. influenza bakterilerinde etkili antibiyotik. dokulara dağılımı iyidir.",eksisozluk
klaritromisin,uykusuzluk ve kişilik değişikliğine neden olan antibiyotiktir..,eksisozluk
klaritromisin,"kullanımı oldukça zor olan antibiyotik. ağızda bıraktığı metalik tattan dolayı iştah bırakmaz, mide bulantısı yapar, kısmen hayattan soğutur ama ölüyü de diriltiyor hani.",eksisozluk
klaritromisin,(bkz:  klitorisimsin ),eksisozluk
klaritromisin,(bkz:  klitorisinkimin ),eksisozluk
klaritromisin,(bkz:  klacid ) (bkz:  macrol ) (bkz:  deklarit ) (bkz:  klamer ) (bkz:  klarolid ),eksisozluk
klaritromisin,çok etkilidir ancak agzınız zehir yutmuş gibidir kullandıgınız sürece.,eksisozluk
klaritromisin,bir  makrolid  turu  antibiyotik ..alt ve ust solunum yolu infeksiyonlarinda endikedir.,eksisozluk
klaritromisin,kullanıldığı süre içerisinde ağız tadınızı bozan  antibiyotik. atipik pnömonilerin vazgeçilmezi.,eksisozluk
klaritromisin,toplum kökenli pnömonide tercih edilmesi gereken ilk ilaç. ayrıca otitis media ve sinuzit tedavisinde de oldukça başarılıdır.,eksisozluk
klaritromisin,"m. avium , t. gondi , h. pilori, h. influenza bakterilerinde etkili antibiyotik. dokulara dağılımı iyidir.",eksisozluk
klaritromisin,uykusuzluk ve kişilik değişikliğine neden olan antibiyotiktir..,eksisozluk
klaritromisin,"kullanımı oldukça zor olan antibiyotik. ağızda bıraktığı metalik tattan dolayı iştah bırakmaz, mide bulantısı yapar, kısmen hayattan soğutur ama ölüyü de diriltiyor hani.",eksisozluk
klaritromisin,(bkz:  klitorisimsin ),eksisozluk
klaritromisin,(bkz:  klitorisinkimin ),eksisozluk
klaritromisin,(bkz:  klacid ) (bkz:  macrol ) (bkz:  deklarit ) (bkz:  klamer ) (bkz:  klarolid ),eksisozluk
klaritromisin,çok etkilidir ancak agzınız zehir yutmuş gibidir kullandıgınız sürece.,eksisozluk
klaritromisin,bir  makrolid  turu  antibiyotik ..alt ve ust solunum yolu infeksiyonlarinda endikedir.,eksisozluk
klaritromisin,kullanıldığı süre içerisinde ağız tadınızı bozan  antibiyotik. atipik pnömonilerin vazgeçilmezi.,eksisozluk
klaritromisin,toplum kökenli pnömonide tercih edilmesi gereken ilk ilaç. ayrıca otitis media ve sinuzit tedavisinde de oldukça başarılıdır.,eksisozluk
klaritromisin,"m. avium , t. gondi , h. pilori, h. influenza bakterilerinde etkili antibiyotik. dokulara dağılımı iyidir.",eksisozluk
klaritromisin,uykusuzluk ve kişilik değişikliğine neden olan antibiyotiktir..,eksisozluk
klaritromisin,"kullanımı oldukça zor olan antibiyotik. ağızda bıraktığı metalik tattan dolayı iştah bırakmaz, mide bulantısı yapar, kısmen hayattan soğutur ama ölüyü de diriltiyor hani.",eksisozluk
klaritromisin,(bkz:  klitorisimsin ),eksisozluk
klaritromisin,(bkz:  klitorisinkimin ),eksisozluk
klaritromisin,(bkz:  klacid ) (bkz:  macrol ) (bkz:  deklarit ) (bkz:  klamer ) (bkz:  klarolid ),eksisozluk
klaritromisin,çok etkilidir ancak agzınız zehir yutmuş gibidir kullandıgınız sürece.,eksisozluk
klaritromisin,bir  makrolid  turu  antibiyotik ..alt ve ust solunum yolu infeksiyonlarinda endikedir.,eksisozluk
klaritromisin,kullanıldığı süre içerisinde ağız tadınızı bozan  antibiyotik. atipik pnömonilerin vazgeçilmezi.,eksisozluk
klaritromisin,toplum kökenli pnömonide tercih edilmesi gereken ilk ilaç. ayrıca otitis media ve sinuzit tedavisinde de oldukça başarılıdır.,eksisozluk
klaritromisin,"m. avium , t. gondi , h. pilori, h. influenza bakterilerinde etkili antibiyotik. dokulara dağılımı iyidir.",eksisozluk
klaritromisin,uykusuzluk ve kişilik değişikliğine neden olan antibiyotiktir..,eksisozluk
klaritromisin,"kullanımı oldukça zor olan antibiyotik. ağızda bıraktığı metalik tattan dolayı iştah bırakmaz, mide bulantısı yapar, kısmen hayattan soğutur ama ölüyü de diriltiyor hani.",eksisozluk
klaritromisin,(bkz:  klitorisimsin ),eksisozluk
klaritromisin,(bkz:  klitorisinkimin ),eksisozluk
klaritromisin,(bkz:  klacid ) (bkz:  macrol ) (bkz:  deklarit ) (bkz:  klamer ) (bkz:  klarolid ),eksisozluk
klaritromisin,çok etkilidir ancak agzınız zehir yutmuş gibidir kullandıgınız sürece.,eksisozluk
klaritromisin,bir  makrolid  turu  antibiyotik ..alt ve ust solunum yolu infeksiyonlarinda endikedir.,eksisozluk
klaritromisin,kullanıldığı süre içerisinde ağız tadınızı bozan  antibiyotik. atipik pnömonilerin vazgeçilmezi.,eksisozluk
klaritromisin,toplum kökenli pnömonide tercih edilmesi gereken ilk ilaç. ayrıca otitis media ve sinuzit tedavisinde de oldukça başarılıdır.,eksisozluk
klaritromisin,"m. avium , t. gondi , h. pilori, h. influenza bakterilerinde etkili antibiyotik. dokulara dağılımı iyidir.",eksisozluk
klaritromisin,uykusuzluk ve kişilik değişikliğine neden olan antibiyotiktir..,eksisozluk
klaritromisin,"kullanımı oldukça zor olan antibiyotik. ağızda bıraktığı metalik tattan dolayı iştah bırakmaz, mide bulantısı yapar, kısmen hayattan soğutur ama ölüyü de diriltiyor hani.",eksisozluk
klaritromisin,(bkz:  klitorisimsin ),eksisozluk
klaritromisin,(bkz:  klitorisinkimin ),eksisozluk
klaritromisin,(bkz:  klacid ) (bkz:  macrol ) (bkz:  deklarit ) (bkz:  klamer ) (bkz:  klarolid ),eksisozluk
klaritromisin,çok etkilidir ancak agzınız zehir yutmuş gibidir kullandıgınız sürece.,eksisozluk
klaritromisin,bir  makrolid  turu  antibiyotik ..alt ve ust solunum yolu infeksiyonlarinda endikedir.,eksisozluk
klaritromisin,kullanıldığı süre içerisinde ağız tadınızı bozan  antibiyotik. atipik pnömonilerin vazgeçilmezi.,eksisozluk
klaritromisin,toplum kökenli pnömonide tercih edilmesi gereken ilk ilaç. ayrıca otitis media ve sinuzit tedavisinde de oldukça başarılıdır.,eksisozluk
klaritromisin,"m. avium , t. gondi , h. pilori, h. influenza bakterilerinde etkili antibiyotik. dokulara dağılımı iyidir.",eksisozluk
klaritromisin,uykusuzluk ve kişilik değişikliğine neden olan antibiyotiktir..,eksisozluk
klaritromisin,"kullanımı oldukça zor olan antibiyotik. ağızda bıraktığı metalik tattan dolayı iştah bırakmaz, mide bulantısı yapar, kısmen hayattan soğutur ama ölüyü de diriltiyor hani.",eksisozluk
klaritromisin,(bkz:  klitorisimsin ),eksisozluk
klaritromisin,(bkz:  klitorisinkimin ),eksisozluk
klaritromisin,(bkz:  klacid ) (bkz:  macrol ) (bkz:  deklarit ) (bkz:  klamer ) (bkz:  klarolid ),eksisozluk
klaritromisin,çok etkilidir ancak agzınız zehir yutmuş gibidir kullandıgınız sürece.,eksisozluk
klaritromisin,bir  makrolid  turu  antibiyotik ..alt ve ust solunum yolu infeksiyonlarinda endikedir.,eksisozluk
klaritromisin,kullanıldığı süre içerisinde ağız tadınızı bozan  antibiyotik. atipik pnömonilerin vazgeçilmezi.,eksisozluk
klaritromisin,toplum kökenli pnömonide tercih edilmesi gereken ilk ilaç. ayrıca otitis media ve sinuzit tedavisinde de oldukça başarılıdır.,eksisozluk
klaritromisin,"m. avium , t. gondi , h. pilori, h. influenza bakterilerinde etkili antibiyotik. dokulara dağılımı iyidir.",eksisozluk
klaritromisin,uykusuzluk ve kişilik değişikliğine neden olan antibiyotiktir..,eksisozluk
klaritromisin,"kullanımı oldukça zor olan antibiyotik. ağızda bıraktığı metalik tattan dolayı iştah bırakmaz, mide bulantısı yapar, kısmen hayattan soğutur ama ölüyü de diriltiyor hani.",eksisozluk
klaritromisin,(bkz:  klitorisimsin ),eksisozluk
klaritromisin,(bkz:  klitorisinkimin ),eksisozluk
klaritromisin,(bkz:  klacid ) (bkz:  macrol ) (bkz:  deklarit ) (bkz:  klamer ) (bkz:  klarolid ),eksisozluk
klaritromisin,çok etkilidir ancak agzınız zehir yutmuş gibidir kullandıgınız sürece.,eksisozluk
klaritromisin,bir  makrolid  turu  antibiyotik ..alt ve ust solunum yolu infeksiyonlarinda endikedir.,eksisozluk
klaritromisin,kullanıldığı süre içerisinde ağız tadınızı bozan  antibiyotik. atipik pnömonilerin vazgeçilmezi.,eksisozluk
klaritromisin,toplum kökenli pnömonide tercih edilmesi gereken ilk ilaç. ayrıca otitis media ve sinuzit tedavisinde de oldukça başarılıdır.,eksisozluk
klaritromisin,"m. avium , t. gondi , h. pilori, h. influenza bakterilerinde etkili antibiyotik. dokulara dağılımı iyidir.",eksisozluk
klaritromisin,uykusuzluk ve kişilik değişikliğine neden olan antibiyotiktir..,eksisozluk
klaritromisin,"kullanımı oldukça zor olan antibiyotik. ağızda bıraktığı metalik tattan dolayı iştah bırakmaz, mide bulantısı yapar, kısmen hayattan soğutur ama ölüyü de diriltiyor hani.",eksisozluk
klaritromisin,(bkz:  klitorisimsin ),eksisozluk
klaritromisin,(bkz:  klitorisinkimin ),eksisozluk
klaritromisin,(bkz:  klacid ) (bkz:  macrol ) (bkz:  deklarit ) (bkz:  klamer ) (bkz:  klarolid ),eksisozluk
klaritromisin,çok etkilidir ancak agzınız zehir yutmuş gibidir kullandıgınız sürece.,eksisozluk
klaritromisin,bir  makrolid  turu  antibiyotik ..alt ve ust solunum yolu infeksiyonlarinda endikedir.,eksisozluk
klaritromisin,kullanıldığı süre içerisinde ağız tadınızı bozan  antibiyotik. atipik pnömonilerin vazgeçilmezi.,eksisozluk
klaritromisin,toplum kökenli pnömonide tercih edilmesi gereken ilk ilaç. ayrıca otitis media ve sinuzit tedavisinde de oldukça başarılıdır.,eksisozluk
klaritromisin,"m. avium , t. gondi , h. pilori, h. influenza bakterilerinde etkili antibiyotik. dokulara dağılımı iyidir.",eksisozluk
klaritromisin,uykusuzluk ve kişilik değişikliğine neden olan antibiyotiktir..,eksisozluk
klaritromisin,"kullanımı oldukça zor olan antibiyotik. ağızda bıraktığı metalik tattan dolayı iştah bırakmaz, mide bulantısı yapar, kısmen hayattan soğutur ama ölüyü de diriltiyor hani.",eksisozluk
klaritromisin,(bkz:  klitorisimsin ),eksisozluk
klaritromisin,(bkz:  klitorisinkimin ),eksisozluk
klaritromisin,(bkz:  klacid ) (bkz:  macrol ) (bkz:  deklarit ) (bkz:  klamer ) (bkz:  klarolid ),eksisozluk
klaritromisin,çok etkilidir ancak agzınız zehir yutmuş gibidir kullandıgınız sürece.,eksisozluk
klaritromisin,bir  makrolid  turu  antibiyotik ..alt ve ust solunum yolu infeksiyonlarinda endikedir.,eksisozluk
klaritromisin,kullanıldığı süre içerisinde ağız tadınızı bozan  antibiyotik. atipik pnömonilerin vazgeçilmezi.,eksisozluk
klaritromisin,toplum kökenli pnömonide tercih edilmesi gereken ilk ilaç. ayrıca otitis media ve sinuzit tedavisinde de oldukça başarılıdır.,eksisozluk
klaritromisin,"m. avium , t. gondi , h. pilori, h. influenza bakterilerinde etkili antibiyotik. dokulara dağılımı iyidir.",eksisozluk
klaritromisin,uykusuzluk ve kişilik değişikliğine neden olan antibiyotiktir..,eksisozluk
klaritromisin,"kullanımı oldukça zor olan antibiyotik. ağızda bıraktığı metalik tattan dolayı iştah bırakmaz, mide bulantısı yapar, kısmen hayattan soğutur ama ölüyü de diriltiyor hani.",eksisozluk
klaritromisin,(bkz:  klitorisimsin ),eksisozluk
klaritromisin,(bkz:  klitorisinkimin ),eksisozluk
klaritromisin,(bkz:  klacid ) (bkz:  macrol ) (bkz:  deklarit ) (bkz:  klamer ) (bkz:  klarolid ),eksisozluk
klaritromisin,çok etkilidir ancak agzınız zehir yutmuş gibidir kullandıgınız sürece.,eksisozluk
klaritromisin,bir  makrolid  turu  antibiyotik ..alt ve ust solunum yolu infeksiyonlarinda endikedir.,eksisozluk
klaritromisin,kullanıldığı süre içerisinde ağız tadınızı bozan  antibiyotik. atipik pnömonilerin vazgeçilmezi.,eksisozluk
klaritromisin,toplum kökenli pnömonide tercih edilmesi gereken ilk ilaç. ayrıca otitis media ve sinuzit tedavisinde de oldukça başarılıdır.,eksisozluk
klaritromisin,"m. avium , t. gondi , h. pilori, h. influenza bakterilerinde etkili antibiyotik. dokulara dağılımı iyidir.",eksisozluk
klaritromisin,uykusuzluk ve kişilik değişikliğine neden olan antibiyotiktir..,eksisozluk
klaritromisin,"kullanımı oldukça zor olan antibiyotik. ağızda bıraktığı metalik tattan dolayı iştah bırakmaz, mide bulantısı yapar, kısmen hayattan soğutur ama ölüyü de diriltiyor hani.",eksisozluk
klaritromisin,(bkz:  klitorisimsin ),eksisozluk
klaritromisin,(bkz:  klitorisinkimin ),eksisozluk
klaritromisin,(bkz:  klacid ) (bkz:  macrol ) (bkz:  deklarit ) (bkz:  klamer ) (bkz:  klarolid ),eksisozluk
klaritromisin,çok etkilidir ancak agzınız zehir yutmuş gibidir kullandıgınız sürece.,eksisozluk
klaritromisin,bir  makrolid  turu  antibiyotik ..alt ve ust solunum yolu infeksiyonlarinda endikedir.,eksisozluk
klaritromisin,kullanıldığı süre içerisinde ağız tadınızı bozan  antibiyotik. atipik pnömonilerin vazgeçilmezi.,eksisozluk
klaritromisin,toplum kökenli pnömonide tercih edilmesi gereken ilk ilaç. ayrıca otitis media ve sinuzit tedavisinde de oldukça başarılıdır.,eksisozluk
klaritromisin,"m. avium , t. gondi , h. pilori, h. influenza bakterilerinde etkili antibiyotik. dokulara dağılımı iyidir.",eksisozluk
klaritromisin,uykusuzluk ve kişilik değişikliğine neden olan antibiyotiktir..,eksisozluk
klaritromisin,"kullanımı oldukça zor olan antibiyotik. ağızda bıraktığı metalik tattan dolayı iştah bırakmaz, mide bulantısı yapar, kısmen hayattan soğutur ama ölüyü de diriltiyor hani.",eksisozluk
klaritromisin,(bkz:  klitorisimsin ),eksisozluk
klaritromisin,(bkz:  klitorisinkimin ),eksisozluk
klaritromisin,(bkz:  klacid ) (bkz:  macrol ) (bkz:  deklarit ) (bkz:  klamer ) (bkz:  klarolid ),eksisozluk
klaritromisin,çok etkilidir ancak agzınız zehir yutmuş gibidir kullandıgınız sürece.,eksisozluk
klaritromisin,bir  makrolid  turu  antibiyotik ..alt ve ust solunum yolu infeksiyonlarinda endikedir.,eksisozluk
klaritromisin,kullanıldığı süre içerisinde ağız tadınızı bozan  antibiyotik. atipik pnömonilerin vazgeçilmezi.,eksisozluk
klaritromisin,toplum kökenli pnömonide tercih edilmesi gereken ilk ilaç. ayrıca otitis media ve sinuzit tedavisinde de oldukça başarılıdır.,eksisozluk
klaritromisin,"m. avium , t. gondi , h. pilori, h. influenza bakterilerinde etkili antibiyotik. dokulara dağılımı iyidir.",eksisozluk
klaritromisin,uykusuzluk ve kişilik değişikliğine neden olan antibiyotiktir..,eksisozluk
klaritromisin,"kullanımı oldukça zor olan antibiyotik. ağızda bıraktığı metalik tattan dolayı iştah bırakmaz, mide bulantısı yapar, kısmen hayattan soğutur ama ölüyü de diriltiyor hani.",eksisozluk
klaritromisin,(bkz:  klitorisimsin ),eksisozluk
klaritromisin,(bkz:  klitorisinkimin ),eksisozluk
klaritromisin,(bkz:  klacid ) (bkz:  macrol ) (bkz:  deklarit ) (bkz:  klamer ) (bkz:  klarolid ),eksisozluk
klaritromisin,çok etkilidir ancak agzınız zehir yutmuş gibidir kullandıgınız sürece.,eksisozluk
klaritromisin,bir  makrolid  turu  antibiyotik ..alt ve ust solunum yolu infeksiyonlarinda endikedir.,eksisozluk
klaritromisin,kullanıldığı süre içerisinde ağız tadınızı bozan  antibiyotik. atipik pnömonilerin vazgeçilmezi.,eksisozluk
klaritromisin,toplum kökenli pnömonide tercih edilmesi gereken ilk ilaç. ayrıca otitis media ve sinuzit tedavisinde de oldukça başarılıdır.,eksisozluk
klaritromisin,"m. avium , t. gondi , h. pilori, h. influenza bakterilerinde etkili antibiyotik. dokulara dağılımı iyidir.",eksisozluk
klaritromisin,uykusuzluk ve kişilik değişikliğine neden olan antibiyotiktir..,eksisozluk
klaritromisin,"kullanımı oldukça zor olan antibiyotik. ağızda bıraktığı metalik tattan dolayı iştah bırakmaz, mide bulantısı yapar, kısmen hayattan soğutur ama ölüyü de diriltiyor hani.",eksisozluk
klaritromisin,(bkz:  klitorisimsin ),eksisozluk
klaritromisin,(bkz:  klitorisinkimin ),eksisozluk
klaritromisin,(bkz:  klacid ) (bkz:  macrol ) (bkz:  deklarit ) (bkz:  klamer ) (bkz:  klarolid ),eksisozluk
klaritromisin,çok etkilidir ancak agzınız zehir yutmuş gibidir kullandıgınız sürece.,eksisozluk
klaritromisin,bir  makrolid  turu  antibiyotik ..alt ve ust solunum yolu infeksiyonlarinda endikedir.,eksisozluk
klaritromisin,kullanıldığı süre içerisinde ağız tadınızı bozan  antibiyotik. atipik pnömonilerin vazgeçilmezi.,eksisozluk
klaritromisin,toplum kökenli pnömonide tercih edilmesi gereken ilk ilaç. ayrıca otitis media ve sinuzit tedavisinde de oldukça başarılıdır.,eksisozluk
klaritromisin,"m. avium , t. gondi , h. pilori, h. influenza bakterilerinde etkili antibiyotik. dokulara dağılımı iyidir.",eksisozluk
klaritromisin,uykusuzluk ve kişilik değişikliğine neden olan antibiyotiktir..,eksisozluk
klaritromisin,"kullanımı oldukça zor olan antibiyotik. ağızda bıraktığı metalik tattan dolayı iştah bırakmaz, mide bulantısı yapar, kısmen hayattan soğutur ama ölüyü de diriltiyor hani.",eksisozluk
klaritromisin,(bkz:  klitorisimsin ),eksisozluk
klaritromisin,(bkz:  klitorisinkimin ),eksisozluk
klaritromisin,(bkz:  klacid ) (bkz:  macrol ) (bkz:  deklarit ) (bkz:  klamer ) (bkz:  klarolid ),eksisozluk
klaritromisin,çok etkilidir ancak agzınız zehir yutmuş gibidir kullandıgınız sürece.,eksisozluk
klaritromisin,bir  makrolid  turu  antibiyotik ..alt ve ust solunum yolu infeksiyonlarinda endikedir.,eksisozluk
klaritromisin,kullanıldığı süre içerisinde ağız tadınızı bozan  antibiyotik. atipik pnömonilerin vazgeçilmezi.,eksisozluk
klaritromisin,toplum kökenli pnömonide tercih edilmesi gereken ilk ilaç. ayrıca otitis media ve sinuzit tedavisinde de oldukça başarılıdır.,eksisozluk
klaritromisin,"m. avium , t. gondi , h. pilori, h. influenza bakterilerinde etkili antibiyotik. dokulara dağılımı iyidir.",eksisozluk
klaritromisin,uykusuzluk ve kişilik değişikliğine neden olan antibiyotiktir..,eksisozluk
klaritromisin,"kullanımı oldukça zor olan antibiyotik. ağızda bıraktığı metalik tattan dolayı iştah bırakmaz, mide bulantısı yapar, kısmen hayattan soğutur ama ölüyü de diriltiyor hani.",eksisozluk
klaritromisin,(bkz:  klitorisimsin ),eksisozluk
klaritromisin,(bkz:  klitorisinkimin ),eksisozluk
klaritromisin,(bkz:  klacid ) (bkz:  macrol ) (bkz:  deklarit ) (bkz:  klamer ) (bkz:  klarolid ),eksisozluk
klaritromisin,çok etkilidir ancak agzınız zehir yutmuş gibidir kullandıgınız sürece.,eksisozluk
klaritromisin,bir  makrolid  turu  antibiyotik ..alt ve ust solunum yolu infeksiyonlarinda endikedir.,eksisozluk
klaritromisin,kullanıldığı süre içerisinde ağız tadınızı bozan  antibiyotik. atipik pnömonilerin vazgeçilmezi.,eksisozluk
klaritromisin,toplum kökenli pnömonide tercih edilmesi gereken ilk ilaç. ayrıca otitis media ve sinuzit tedavisinde de oldukça başarılıdır.,eksisozluk
klaritromisin,"m. avium , t. gondi , h. pilori, h. influenza bakterilerinde etkili antibiyotik. dokulara dağılımı iyidir.",eksisozluk
klaritromisin,uykusuzluk ve kişilik değişikliğine neden olan antibiyotiktir..,eksisozluk
klaritromisin,"kullanımı oldukça zor olan antibiyotik. ağızda bıraktığı metalik tattan dolayı iştah bırakmaz, mide bulantısı yapar, kısmen hayattan soğutur ama ölüyü de diriltiyor hani.",eksisozluk
klaritromisin,(bkz:  klitorisimsin ),eksisozluk
klaritromisin,(bkz:  klitorisinkimin ),eksisozluk
klaritromisin,(bkz:  klacid ) (bkz:  macrol ) (bkz:  deklarit ) (bkz:  klamer ) (bkz:  klarolid ),eksisozluk
klaritromisin,çok etkilidir ancak agzınız zehir yutmuş gibidir kullandıgınız sürece.,eksisozluk
klaritromisin,bir  makrolid  turu  antibiyotik ..alt ve ust solunum yolu infeksiyonlarinda endikedir.,eksisozluk
klaritromisin,kullanıldığı süre içerisinde ağız tadınızı bozan  antibiyotik. atipik pnömonilerin vazgeçilmezi.,eksisozluk
klaritromisin,toplum kökenli pnömonide tercih edilmesi gereken ilk ilaç. ayrıca otitis media ve sinuzit tedavisinde de oldukça başarılıdır.,eksisozluk
klaritromisin,"m. avium , t. gondi , h. pilori, h. influenza bakterilerinde etkili antibiyotik. dokulara dağılımı iyidir.",eksisozluk
klaritromisin,uykusuzluk ve kişilik değişikliğine neden olan antibiyotiktir..,eksisozluk
klaritromisin,"kullanımı oldukça zor olan antibiyotik. ağızda bıraktığı metalik tattan dolayı iştah bırakmaz, mide bulantısı yapar, kısmen hayattan soğutur ama ölüyü de diriltiyor hani.",eksisozluk
klaritromisin,(bkz:  klitorisimsin ),eksisozluk
klaritromisin,(bkz:  klitorisinkimin ),eksisozluk
klaritromisin,(bkz:  klacid ) (bkz:  macrol ) (bkz:  deklarit ) (bkz:  klamer ) (bkz:  klarolid ),eksisozluk
klaritromisin,çok etkilidir ancak agzınız zehir yutmuş gibidir kullandıgınız sürece.,eksisozluk
klaritromisin,bir  makrolid  turu  antibiyotik ..alt ve ust solunum yolu infeksiyonlarinda endikedir.,eksisozluk
klaritromisin,kullanıldığı süre içerisinde ağız tadınızı bozan  antibiyotik. atipik pnömonilerin vazgeçilmezi.,eksisozluk
klaritromisin,toplum kökenli pnömonide tercih edilmesi gereken ilk ilaç. ayrıca otitis media ve sinuzit tedavisinde de oldukça başarılıdır.,eksisozluk
klaritromisin,"m. avium , t. gondi , h. pilori, h. influenza bakterilerinde etkili antibiyotik. dokulara dağılımı iyidir.",eksisozluk
klaritromisin,uykusuzluk ve kişilik değişikliğine neden olan antibiyotiktir..,eksisozluk
klaritromisin,"kullanımı oldukça zor olan antibiyotik. ağızda bıraktığı metalik tattan dolayı iştah bırakmaz, mide bulantısı yapar, kısmen hayattan soğutur ama ölüyü de diriltiyor hani.",eksisozluk
klaritromisin,(bkz:  klitorisimsin ),eksisozluk
klaritromisin,(bkz:  klitorisinkimin ),eksisozluk
klaritromisin,(bkz:  klacid ) (bkz:  macrol ) (bkz:  deklarit ) (bkz:  klamer ) (bkz:  klarolid ),eksisozluk
klaritromisin,çok etkilidir ancak agzınız zehir yutmuş gibidir kullandıgınız sürece.,eksisozluk
nexium,helicobacter pylori  ve gastrit teshisi ile aladurdugum (bkz:  emedur ) sabahlari ac karnina alinan isvicre de uretilen  afilli  ilac.,eksisozluk
nexium,reflu tedavisinde de kullanilan ilac,eksisozluk
nexium,"turkcede mide yanmasi olarak tabir edilen mide asidinin girtlak borusuna kacmasi ve aci icinde yanmalara sebep olmasini gecici olarak tedavi eden ilactir.  prilosec  isimli ilacin cikisinin ve ustelik recetesiz satisinin ardindan sigorta sirketlerinin odemesinde en cok sorun cikarttigi ilaclarin da basinda gelir, 30 gunluk receteli nexium icin 159 dolar isteyen eczaciya aval aval bakmam sonucu anlattigina gore bu ilaci alabilmek icin receteden ziyade doktordan kesin olarak hastanin bu ilaca ihtiyaci var onayi gerekiyormus sigorta sirketinin odemeyi yapmasi icin..",eksisozluk
nexium,yemeklerden en az 1 saat önce ve hep aynı saate alınması önerilir ki bu bilgi ilaç prospektüsünde yazılmamıştır.  http://www.always-health.com/nexium_benifits.html,eksisozluk
nexium,bugün  radikal  gazetesinde cikan bir habere göre demir ve kalsiyum emilimini engelleyerek kalca kirigi riskini arttiran da bir ilacmis.,eksisozluk
nexium,"nexium (esomeprazol) dünyanın ilk ve tek izomer proton pompa inhibitörüdür. s ve r izomerin birbirinden ayrılması sonucu elde edilmiştir. bu teknoloji sayesinde beş bilim adamı nobel kimya ödülünü almışlardır. özellikle şu anda tüm dünyada en çok satan ikinci ilaçtır. asıl tercih edilme nedeni daha fazla hastayı iyileştirmesidir. ilk kez 2003 yılında türkiye'de piyasaya verilmiş, bir buçuk yıl gibi kısa bir sürede grubunda en çok tercih edilen ilaç olmuştur. özellikle gastro özofageal reflü (görh), peptik ve duedonal ulcus, helicobacter pylori eradikasyonunun tedavisinde uygun antibiyotiklerle kombine, nsaid 'lerin gasro intestinal yan etkilerinin profilaksisinde, zollinger ellison sendromunda kullanılmaktadır. genelde 40mg tek doz kullanılmaktadır. özel mups tablet yapısı sayesinde etkinliği artırılmış ve suda eritilip yutma güçlüğü olan hastalarda kullanılma imkanı sağlanmıştır.",eksisozluk
nexium,"diger proton pompasi inhubuturleri ile arasinda ne gibi farklar oldugunu merak ettigim ilac..misal endoskopiden sonra lansor yerine bunu onerdi doktorum,neden boyle olmustur bilen saglikci sozluk yazarlarina selam ederim.",eksisozluk
nexium,"prospektüsünde yazan yan etkilerin mutlaka dikkate alınması gereken ilaç. ahan da yazıyorum buraya: kan ve  lenfatik  sistem hastalıkları nadir:  lökopeni ,  trombositopeni çok nadir:  agranülositoz ,  pansitopeni . immün sistem  hastalıkları nadir:  hipersensitivite  reaksiyonları örn. ateş,  anjiyoödem , anafilaktik reaksiyon/şok metabolizma ve beslenme hastalıkları seyrek: periferal ödem nadir: hiponatremi psikiyatrik hastalıklar seyrek: uykusuzluk nadir: ajitasyon ,  konfüzyon , depresyon çok nadir: agresyon,  halüsinasyonlar sinir sistemi hastalıkları sık: başağrısı seyrek: baş dönmesi,  parestezi , uykuya eğilim nadir: tat alma bozukluğu göz hastalıkları nadir: bulanık görme kulak hastalıkları seyrek: vertigo solunum,  toraks  ve  mediasten  hastalıkları nadir: bronkospazm gastrointestinal hastalıklar sık:  abdominal ağrı,  konstipasyon ,  diyare , şişkinlik, kusma/bulantı seyrek: ağız kuruluğu nadir:  stomatit , gastrointestinal  kandidiyazis hepatobiliyer  hastalıklar seyrek: karaciğer enzimlerinde yükselme nadir:  ikter li ya da iktersiz hepatit çok nadir: karaciğer yetmezliği, daha önce karaciğer hastalığı olanlarda ensefalopati deri ve  subkutan  doku hastalıkları seyrek: dermatit,  prurit , döküntü, ürtiker nadir: alopesi, fotosensitivite çok nadir:  eritema multiforme ,  stevens-johnson  sendromu, toksik epidermal  nekroliz  (ten) kas, iskelet sistemi, bağ dokusu ve kemik hastalıkları nadir: artralji ,  miyalji çok nadir: adale güçsüzlüğü böbrek ve üriner sistem hastalıkları çok nadir: interstisyal  nefrit üreme sistemi ve meme hastalıkları çok nadir: jinekomasti nadir: yorgunluk, aşırı terleme",eksisozluk
nexium,"müthiş bir ilaçtır bu. sabah 1 adet 40 mg aldıktan sonra öğle yemeğinde bir acılı, bir acılı, bir acılı daha.. edit : mesela yani",eksisozluk
nexium,helicobacter pylori  ve gastrit teshisi ile aladurdugum (bkz:  emedur ) sabahlari ac karnina alinan isvicre de uretilen  afilli  ilac.,eksisozluk
nexium,reflu tedavisinde de kullanilan ilac,eksisozluk
nexium,"turkcede mide yanmasi olarak tabir edilen mide asidinin girtlak borusuna kacmasi ve aci icinde yanmalara sebep olmasini gecici olarak tedavi eden ilactir.  prilosec  isimli ilacin cikisinin ve ustelik recetesiz satisinin ardindan sigorta sirketlerinin odemesinde en cok sorun cikarttigi ilaclarin da basinda gelir, 30 gunluk receteli nexium icin 159 dolar isteyen eczaciya aval aval bakmam sonucu anlattigina gore bu ilaci alabilmek icin receteden ziyade doktordan kesin olarak hastanin bu ilaca ihtiyaci var onayi gerekiyormus sigorta sirketinin odemeyi yapmasi icin..",eksisozluk
nexium,yemeklerden en az 1 saat önce ve hep aynı saate alınması önerilir ki bu bilgi ilaç prospektüsünde yazılmamıştır.  http://www.always-health.com/nexium_benifits.html,eksisozluk
nexium,bugün  radikal  gazetesinde cikan bir habere göre demir ve kalsiyum emilimini engelleyerek kalca kirigi riskini arttiran da bir ilacmis.,eksisozluk
nexium,"nexium (esomeprazol) dünyanın ilk ve tek izomer proton pompa inhibitörüdür. s ve r izomerin birbirinden ayrılması sonucu elde edilmiştir. bu teknoloji sayesinde beş bilim adamı nobel kimya ödülünü almışlardır. özellikle şu anda tüm dünyada en çok satan ikinci ilaçtır. asıl tercih edilme nedeni daha fazla hastayı iyileştirmesidir. ilk kez 2003 yılında türkiye'de piyasaya verilmiş, bir buçuk yıl gibi kısa bir sürede grubunda en çok tercih edilen ilaç olmuştur. özellikle gastro özofageal reflü (görh), peptik ve duedonal ulcus, helicobacter pylori eradikasyonunun tedavisinde uygun antibiyotiklerle kombine, nsaid 'lerin gasro intestinal yan etkilerinin profilaksisinde, zollinger ellison sendromunda kullanılmaktadır. genelde 40mg tek doz kullanılmaktadır. özel mups tablet yapısı sayesinde etkinliği artırılmış ve suda eritilip yutma güçlüğü olan hastalarda kullanılma imkanı sağlanmıştır.",eksisozluk
nexium,"diger proton pompasi inhubuturleri ile arasinda ne gibi farklar oldugunu merak ettigim ilac..misal endoskopiden sonra lansor yerine bunu onerdi doktorum,neden boyle olmustur bilen saglikci sozluk yazarlarina selam ederim.",eksisozluk
nexium,"prospektüsünde yazan yan etkilerin mutlaka dikkate alınması gereken ilaç. ahan da yazıyorum buraya: kan ve  lenfatik  sistem hastalıkları nadir:  lökopeni ,  trombositopeni çok nadir:  agranülositoz ,  pansitopeni . immün sistem  hastalıkları nadir:  hipersensitivite  reaksiyonları örn. ateş,  anjiyoödem , anafilaktik reaksiyon/şok metabolizma ve beslenme hastalıkları seyrek: periferal ödem nadir: hiponatremi psikiyatrik hastalıklar seyrek: uykusuzluk nadir: ajitasyon ,  konfüzyon , depresyon çok nadir: agresyon,  halüsinasyonlar sinir sistemi hastalıkları sık: başağrısı seyrek: baş dönmesi,  parestezi , uykuya eğilim nadir: tat alma bozukluğu göz hastalıkları nadir: bulanık görme kulak hastalıkları seyrek: vertigo solunum,  toraks  ve  mediasten  hastalıkları nadir: bronkospazm gastrointestinal hastalıklar sık:  abdominal ağrı,  konstipasyon ,  diyare , şişkinlik, kusma/bulantı seyrek: ağız kuruluğu nadir:  stomatit , gastrointestinal  kandidiyazis hepatobiliyer  hastalıklar seyrek: karaciğer enzimlerinde yükselme nadir:  ikter li ya da iktersiz hepatit çok nadir: karaciğer yetmezliği, daha önce karaciğer hastalığı olanlarda ensefalopati deri ve  subkutan  doku hastalıkları seyrek: dermatit,  prurit , döküntü, ürtiker nadir: alopesi, fotosensitivite çok nadir:  eritema multiforme ,  stevens-johnson  sendromu, toksik epidermal  nekroliz  (ten) kas, iskelet sistemi, bağ dokusu ve kemik hastalıkları nadir: artralji ,  miyalji çok nadir: adale güçsüzlüğü böbrek ve üriner sistem hastalıkları çok nadir: interstisyal  nefrit üreme sistemi ve meme hastalıkları çok nadir: jinekomasti nadir: yorgunluk, aşırı terleme",eksisozluk
nexium,"müthiş bir ilaçtır bu. sabah 1 adet 40 mg aldıktan sonra öğle yemeğinde bir acılı, bir acılı, bir acılı daha.. edit : mesela yani",eksisozluk
nexium,helicobacter pylori  ve gastrit teshisi ile aladurdugum (bkz:  emedur ) sabahlari ac karnina alinan isvicre de uretilen  afilli  ilac.,eksisozluk
nexium,reflu tedavisinde de kullanilan ilac,eksisozluk
nexium,"turkcede mide yanmasi olarak tabir edilen mide asidinin girtlak borusuna kacmasi ve aci icinde yanmalara sebep olmasini gecici olarak tedavi eden ilactir.  prilosec  isimli ilacin cikisinin ve ustelik recetesiz satisinin ardindan sigorta sirketlerinin odemesinde en cok sorun cikarttigi ilaclarin da basinda gelir, 30 gunluk receteli nexium icin 159 dolar isteyen eczaciya aval aval bakmam sonucu anlattigina gore bu ilaci alabilmek icin receteden ziyade doktordan kesin olarak hastanin bu ilaca ihtiyaci var onayi gerekiyormus sigorta sirketinin odemeyi yapmasi icin..",eksisozluk
nexium,yemeklerden en az 1 saat önce ve hep aynı saate alınması önerilir ki bu bilgi ilaç prospektüsünde yazılmamıştır.  http://www.always-health.com/nexium_benifits.html,eksisozluk
nexium,bugün  radikal  gazetesinde cikan bir habere göre demir ve kalsiyum emilimini engelleyerek kalca kirigi riskini arttiran da bir ilacmis.,eksisozluk
nexium,"nexium (esomeprazol) dünyanın ilk ve tek izomer proton pompa inhibitörüdür. s ve r izomerin birbirinden ayrılması sonucu elde edilmiştir. bu teknoloji sayesinde beş bilim adamı nobel kimya ödülünü almışlardır. özellikle şu anda tüm dünyada en çok satan ikinci ilaçtır. asıl tercih edilme nedeni daha fazla hastayı iyileştirmesidir. ilk kez 2003 yılında türkiye'de piyasaya verilmiş, bir buçuk yıl gibi kısa bir sürede grubunda en çok tercih edilen ilaç olmuştur. özellikle gastro özofageal reflü (görh), peptik ve duedonal ulcus, helicobacter pylori eradikasyonunun tedavisinde uygun antibiyotiklerle kombine, nsaid 'lerin gasro intestinal yan etkilerinin profilaksisinde, zollinger ellison sendromunda kullanılmaktadır. genelde 40mg tek doz kullanılmaktadır. özel mups tablet yapısı sayesinde etkinliği artırılmış ve suda eritilip yutma güçlüğü olan hastalarda kullanılma imkanı sağlanmıştır.",eksisozluk
nexium,"diger proton pompasi inhubuturleri ile arasinda ne gibi farklar oldugunu merak ettigim ilac..misal endoskopiden sonra lansor yerine bunu onerdi doktorum,neden boyle olmustur bilen saglikci sozluk yazarlarina selam ederim.",eksisozluk
nexium,"prospektüsünde yazan yan etkilerin mutlaka dikkate alınması gereken ilaç. ahan da yazıyorum buraya: kan ve  lenfatik  sistem hastalıkları nadir:  lökopeni ,  trombositopeni çok nadir:  agranülositoz ,  pansitopeni . immün sistem  hastalıkları nadir:  hipersensitivite  reaksiyonları örn. ateş,  anjiyoödem , anafilaktik reaksiyon/şok metabolizma ve beslenme hastalıkları seyrek: periferal ödem nadir: hiponatremi psikiyatrik hastalıklar seyrek: uykusuzluk nadir: ajitasyon ,  konfüzyon , depresyon çok nadir: agresyon,  halüsinasyonlar sinir sistemi hastalıkları sık: başağrısı seyrek: baş dönmesi,  parestezi , uykuya eğilim nadir: tat alma bozukluğu göz hastalıkları nadir: bulanık görme kulak hastalıkları seyrek: vertigo solunum,  toraks  ve  mediasten  hastalıkları nadir: bronkospazm gastrointestinal hastalıklar sık:  abdominal ağrı,  konstipasyon ,  diyare , şişkinlik, kusma/bulantı seyrek: ağız kuruluğu nadir:  stomatit , gastrointestinal  kandidiyazis hepatobiliyer  hastalıklar seyrek: karaciğer enzimlerinde yükselme nadir:  ikter li ya da iktersiz hepatit çok nadir: karaciğer yetmezliği, daha önce karaciğer hastalığı olanlarda ensefalopati deri ve  subkutan  doku hastalıkları seyrek: dermatit,  prurit , döküntü, ürtiker nadir: alopesi, fotosensitivite çok nadir:  eritema multiforme ,  stevens-johnson  sendromu, toksik epidermal  nekroliz  (ten) kas, iskelet sistemi, bağ dokusu ve kemik hastalıkları nadir: artralji ,  miyalji çok nadir: adale güçsüzlüğü böbrek ve üriner sistem hastalıkları çok nadir: interstisyal  nefrit üreme sistemi ve meme hastalıkları çok nadir: jinekomasti nadir: yorgunluk, aşırı terleme",eksisozluk
nexium,"müthiş bir ilaçtır bu. sabah 1 adet 40 mg aldıktan sonra öğle yemeğinde bir acılı, bir acılı, bir acılı daha.. edit : mesela yani",eksisozluk
nexium,helicobacter pylori  ve gastrit teshisi ile aladurdugum (bkz:  emedur ) sabahlari ac karnina alinan isvicre de uretilen  afilli  ilac.,eksisozluk
nexium,reflu tedavisinde de kullanilan ilac,eksisozluk
nexium,"turkcede mide yanmasi olarak tabir edilen mide asidinin girtlak borusuna kacmasi ve aci icinde yanmalara sebep olmasini gecici olarak tedavi eden ilactir.  prilosec  isimli ilacin cikisinin ve ustelik recetesiz satisinin ardindan sigorta sirketlerinin odemesinde en cok sorun cikarttigi ilaclarin da basinda gelir, 30 gunluk receteli nexium icin 159 dolar isteyen eczaciya aval aval bakmam sonucu anlattigina gore bu ilaci alabilmek icin receteden ziyade doktordan kesin olarak hastanin bu ilaca ihtiyaci var onayi gerekiyormus sigorta sirketinin odemeyi yapmasi icin..",eksisozluk
nexium,yemeklerden en az 1 saat önce ve hep aynı saate alınması önerilir ki bu bilgi ilaç prospektüsünde yazılmamıştır.  http://www.always-health.com/nexium_benifits.html,eksisozluk
nexium,bugün  radikal  gazetesinde cikan bir habere göre demir ve kalsiyum emilimini engelleyerek kalca kirigi riskini arttiran da bir ilacmis.,eksisozluk
nexium,"nexium (esomeprazol) dünyanın ilk ve tek izomer proton pompa inhibitörüdür. s ve r izomerin birbirinden ayrılması sonucu elde edilmiştir. bu teknoloji sayesinde beş bilim adamı nobel kimya ödülünü almışlardır. özellikle şu anda tüm dünyada en çok satan ikinci ilaçtır. asıl tercih edilme nedeni daha fazla hastayı iyileştirmesidir. ilk kez 2003 yılında türkiye'de piyasaya verilmiş, bir buçuk yıl gibi kısa bir sürede grubunda en çok tercih edilen ilaç olmuştur. özellikle gastro özofageal reflü (görh), peptik ve duedonal ulcus, helicobacter pylori eradikasyonunun tedavisinde uygun antibiyotiklerle kombine, nsaid 'lerin gasro intestinal yan etkilerinin profilaksisinde, zollinger ellison sendromunda kullanılmaktadır. genelde 40mg tek doz kullanılmaktadır. özel mups tablet yapısı sayesinde etkinliği artırılmış ve suda eritilip yutma güçlüğü olan hastalarda kullanılma imkanı sağlanmıştır.",eksisozluk
nexium,"diger proton pompasi inhubuturleri ile arasinda ne gibi farklar oldugunu merak ettigim ilac..misal endoskopiden sonra lansor yerine bunu onerdi doktorum,neden boyle olmustur bilen saglikci sozluk yazarlarina selam ederim.",eksisozluk
nexium,"prospektüsünde yazan yan etkilerin mutlaka dikkate alınması gereken ilaç. ahan da yazıyorum buraya: kan ve  lenfatik  sistem hastalıkları nadir:  lökopeni ,  trombositopeni çok nadir:  agranülositoz ,  pansitopeni . immün sistem  hastalıkları nadir:  hipersensitivite  reaksiyonları örn. ateş,  anjiyoödem , anafilaktik reaksiyon/şok metabolizma ve beslenme hastalıkları seyrek: periferal ödem nadir: hiponatremi psikiyatrik hastalıklar seyrek: uykusuzluk nadir: ajitasyon ,  konfüzyon , depresyon çok nadir: agresyon,  halüsinasyonlar sinir sistemi hastalıkları sık: başağrısı seyrek: baş dönmesi,  parestezi , uykuya eğilim nadir: tat alma bozukluğu göz hastalıkları nadir: bulanık görme kulak hastalıkları seyrek: vertigo solunum,  toraks  ve  mediasten  hastalıkları nadir: bronkospazm gastrointestinal hastalıklar sık:  abdominal ağrı,  konstipasyon ,  diyare , şişkinlik, kusma/bulantı seyrek: ağız kuruluğu nadir:  stomatit , gastrointestinal  kandidiyazis hepatobiliyer  hastalıklar seyrek: karaciğer enzimlerinde yükselme nadir:  ikter li ya da iktersiz hepatit çok nadir: karaciğer yetmezliği, daha önce karaciğer hastalığı olanlarda ensefalopati deri ve  subkutan  doku hastalıkları seyrek: dermatit,  prurit , döküntü, ürtiker nadir: alopesi, fotosensitivite çok nadir:  eritema multiforme ,  stevens-johnson  sendromu, toksik epidermal  nekroliz  (ten) kas, iskelet sistemi, bağ dokusu ve kemik hastalıkları nadir: artralji ,  miyalji çok nadir: adale güçsüzlüğü böbrek ve üriner sistem hastalıkları çok nadir: interstisyal  nefrit üreme sistemi ve meme hastalıkları çok nadir: jinekomasti nadir: yorgunluk, aşırı terleme",eksisozluk
nexium,"müthiş bir ilaçtır bu. sabah 1 adet 40 mg aldıktan sonra öğle yemeğinde bir acılı, bir acılı, bir acılı daha.. edit : mesela yani",eksisozluk
nexium,helicobacter pylori  ve gastrit teshisi ile aladurdugum (bkz:  emedur ) sabahlari ac karnina alinan isvicre de uretilen  afilli  ilac.,eksisozluk
nexium,reflu tedavisinde de kullanilan ilac,eksisozluk
nexium,"turkcede mide yanmasi olarak tabir edilen mide asidinin girtlak borusuna kacmasi ve aci icinde yanmalara sebep olmasini gecici olarak tedavi eden ilactir.  prilosec  isimli ilacin cikisinin ve ustelik recetesiz satisinin ardindan sigorta sirketlerinin odemesinde en cok sorun cikarttigi ilaclarin da basinda gelir, 30 gunluk receteli nexium icin 159 dolar isteyen eczaciya aval aval bakmam sonucu anlattigina gore bu ilaci alabilmek icin receteden ziyade doktordan kesin olarak hastanin bu ilaca ihtiyaci var onayi gerekiyormus sigorta sirketinin odemeyi yapmasi icin..",eksisozluk
nexium,yemeklerden en az 1 saat önce ve hep aynı saate alınması önerilir ki bu bilgi ilaç prospektüsünde yazılmamıştır.  http://www.always-health.com/nexium_benifits.html,eksisozluk
nexium,bugün  radikal  gazetesinde cikan bir habere göre demir ve kalsiyum emilimini engelleyerek kalca kirigi riskini arttiran da bir ilacmis.,eksisozluk
nexium,"nexium (esomeprazol) dünyanın ilk ve tek izomer proton pompa inhibitörüdür. s ve r izomerin birbirinden ayrılması sonucu elde edilmiştir. bu teknoloji sayesinde beş bilim adamı nobel kimya ödülünü almışlardır. özellikle şu anda tüm dünyada en çok satan ikinci ilaçtır. asıl tercih edilme nedeni daha fazla hastayı iyileştirmesidir. ilk kez 2003 yılında türkiye'de piyasaya verilmiş, bir buçuk yıl gibi kısa bir sürede grubunda en çok tercih edilen ilaç olmuştur. özellikle gastro özofageal reflü (görh), peptik ve duedonal ulcus, helicobacter pylori eradikasyonunun tedavisinde uygun antibiyotiklerle kombine, nsaid 'lerin gasro intestinal yan etkilerinin profilaksisinde, zollinger ellison sendromunda kullanılmaktadır. genelde 40mg tek doz kullanılmaktadır. özel mups tablet yapısı sayesinde etkinliği artırılmış ve suda eritilip yutma güçlüğü olan hastalarda kullanılma imkanı sağlanmıştır.",eksisozluk
nexium,"diger proton pompasi inhubuturleri ile arasinda ne gibi farklar oldugunu merak ettigim ilac..misal endoskopiden sonra lansor yerine bunu onerdi doktorum,neden boyle olmustur bilen saglikci sozluk yazarlarina selam ederim.",eksisozluk
nexium,"prospektüsünde yazan yan etkilerin mutlaka dikkate alınması gereken ilaç. ahan da yazıyorum buraya: kan ve  lenfatik  sistem hastalıkları nadir:  lökopeni ,  trombositopeni çok nadir:  agranülositoz ,  pansitopeni . immün sistem  hastalıkları nadir:  hipersensitivite  reaksiyonları örn. ateş,  anjiyoödem , anafilaktik reaksiyon/şok metabolizma ve beslenme hastalıkları seyrek: periferal ödem nadir: hiponatremi psikiyatrik hastalıklar seyrek: uykusuzluk nadir: ajitasyon ,  konfüzyon , depresyon çok nadir: agresyon,  halüsinasyonlar sinir sistemi hastalıkları sık: başağrısı seyrek: baş dönmesi,  parestezi , uykuya eğilim nadir: tat alma bozukluğu göz hastalıkları nadir: bulanık görme kulak hastalıkları seyrek: vertigo solunum,  toraks  ve  mediasten  hastalıkları nadir: bronkospazm gastrointestinal hastalıklar sık:  abdominal ağrı,  konstipasyon ,  diyare , şişkinlik, kusma/bulantı seyrek: ağız kuruluğu nadir:  stomatit , gastrointestinal  kandidiyazis hepatobiliyer  hastalıklar seyrek: karaciğer enzimlerinde yükselme nadir:  ikter li ya da iktersiz hepatit çok nadir: karaciğer yetmezliği, daha önce karaciğer hastalığı olanlarda ensefalopati deri ve  subkutan  doku hastalıkları seyrek: dermatit,  prurit , döküntü, ürtiker nadir: alopesi, fotosensitivite çok nadir:  eritema multiforme ,  stevens-johnson  sendromu, toksik epidermal  nekroliz  (ten) kas, iskelet sistemi, bağ dokusu ve kemik hastalıkları nadir: artralji ,  miyalji çok nadir: adale güçsüzlüğü böbrek ve üriner sistem hastalıkları çok nadir: interstisyal  nefrit üreme sistemi ve meme hastalıkları çok nadir: jinekomasti nadir: yorgunluk, aşırı terleme",eksisozluk
nexium,"müthiş bir ilaçtır bu. sabah 1 adet 40 mg aldıktan sonra öğle yemeğinde bir acılı, bir acılı, bir acılı daha.. edit : mesela yani",eksisozluk
nexium,helicobacter pylori  ve gastrit teshisi ile aladurdugum (bkz:  emedur ) sabahlari ac karnina alinan isvicre de uretilen  afilli  ilac.,eksisozluk
nexium,reflu tedavisinde de kullanilan ilac,eksisozluk
nexium,"turkcede mide yanmasi olarak tabir edilen mide asidinin girtlak borusuna kacmasi ve aci icinde yanmalara sebep olmasini gecici olarak tedavi eden ilactir.  prilosec  isimli ilacin cikisinin ve ustelik recetesiz satisinin ardindan sigorta sirketlerinin odemesinde en cok sorun cikarttigi ilaclarin da basinda gelir, 30 gunluk receteli nexium icin 159 dolar isteyen eczaciya aval aval bakmam sonucu anlattigina gore bu ilaci alabilmek icin receteden ziyade doktordan kesin olarak hastanin bu ilaca ihtiyaci var onayi gerekiyormus sigorta sirketinin odemeyi yapmasi icin..",eksisozluk
nexium,yemeklerden en az 1 saat önce ve hep aynı saate alınması önerilir ki bu bilgi ilaç prospektüsünde yazılmamıştır.  http://www.always-health.com/nexium_benifits.html,eksisozluk
nexium,bugün  radikal  gazetesinde cikan bir habere göre demir ve kalsiyum emilimini engelleyerek kalca kirigi riskini arttiran da bir ilacmis.,eksisozluk
nexium,"nexium (esomeprazol) dünyanın ilk ve tek izomer proton pompa inhibitörüdür. s ve r izomerin birbirinden ayrılması sonucu elde edilmiştir. bu teknoloji sayesinde beş bilim adamı nobel kimya ödülünü almışlardır. özellikle şu anda tüm dünyada en çok satan ikinci ilaçtır. asıl tercih edilme nedeni daha fazla hastayı iyileştirmesidir. ilk kez 2003 yılında türkiye'de piyasaya verilmiş, bir buçuk yıl gibi kısa bir sürede grubunda en çok tercih edilen ilaç olmuştur. özellikle gastro özofageal reflü (görh), peptik ve duedonal ulcus, helicobacter pylori eradikasyonunun tedavisinde uygun antibiyotiklerle kombine, nsaid 'lerin gasro intestinal yan etkilerinin profilaksisinde, zollinger ellison sendromunda kullanılmaktadır. genelde 40mg tek doz kullanılmaktadır. özel mups tablet yapısı sayesinde etkinliği artırılmış ve suda eritilip yutma güçlüğü olan hastalarda kullanılma imkanı sağlanmıştır.",eksisozluk
nexium,"diger proton pompasi inhubuturleri ile arasinda ne gibi farklar oldugunu merak ettigim ilac..misal endoskopiden sonra lansor yerine bunu onerdi doktorum,neden boyle olmustur bilen saglikci sozluk yazarlarina selam ederim.",eksisozluk
nexium,"prospektüsünde yazan yan etkilerin mutlaka dikkate alınması gereken ilaç. ahan da yazıyorum buraya: kan ve  lenfatik  sistem hastalıkları nadir:  lökopeni ,  trombositopeni çok nadir:  agranülositoz ,  pansitopeni . immün sistem  hastalıkları nadir:  hipersensitivite  reaksiyonları örn. ateş,  anjiyoödem , anafilaktik reaksiyon/şok metabolizma ve beslenme hastalıkları seyrek: periferal ödem nadir: hiponatremi psikiyatrik hastalıklar seyrek: uykusuzluk nadir: ajitasyon ,  konfüzyon , depresyon çok nadir: agresyon,  halüsinasyonlar sinir sistemi hastalıkları sık: başağrısı seyrek: baş dönmesi,  parestezi , uykuya eğilim nadir: tat alma bozukluğu göz hastalıkları nadir: bulanık görme kulak hastalıkları seyrek: vertigo solunum,  toraks  ve  mediasten  hastalıkları nadir: bronkospazm gastrointestinal hastalıklar sık:  abdominal ağrı,  konstipasyon ,  diyare , şişkinlik, kusma/bulantı seyrek: ağız kuruluğu nadir:  stomatit , gastrointestinal  kandidiyazis hepatobiliyer  hastalıklar seyrek: karaciğer enzimlerinde yükselme nadir:  ikter li ya da iktersiz hepatit çok nadir: karaciğer yetmezliği, daha önce karaciğer hastalığı olanlarda ensefalopati deri ve  subkutan  doku hastalıkları seyrek: dermatit,  prurit , döküntü, ürtiker nadir: alopesi, fotosensitivite çok nadir:  eritema multiforme ,  stevens-johnson  sendromu, toksik epidermal  nekroliz  (ten) kas, iskelet sistemi, bağ dokusu ve kemik hastalıkları nadir: artralji ,  miyalji çok nadir: adale güçsüzlüğü böbrek ve üriner sistem hastalıkları çok nadir: interstisyal  nefrit üreme sistemi ve meme hastalıkları çok nadir: jinekomasti nadir: yorgunluk, aşırı terleme",eksisozluk
nexium,"müthiş bir ilaçtır bu. sabah 1 adet 40 mg aldıktan sonra öğle yemeğinde bir acılı, bir acılı, bir acılı daha.. edit : mesela yani",eksisozluk
nexium,helicobacter pylori  ve gastrit teshisi ile aladurdugum (bkz:  emedur ) sabahlari ac karnina alinan isvicre de uretilen  afilli  ilac.,eksisozluk
nexium,reflu tedavisinde de kullanilan ilac,eksisozluk
nexium,"turkcede mide yanmasi olarak tabir edilen mide asidinin girtlak borusuna kacmasi ve aci icinde yanmalara sebep olmasini gecici olarak tedavi eden ilactir.  prilosec  isimli ilacin cikisinin ve ustelik recetesiz satisinin ardindan sigorta sirketlerinin odemesinde en cok sorun cikarttigi ilaclarin da basinda gelir, 30 gunluk receteli nexium icin 159 dolar isteyen eczaciya aval aval bakmam sonucu anlattigina gore bu ilaci alabilmek icin receteden ziyade doktordan kesin olarak hastanin bu ilaca ihtiyaci var onayi gerekiyormus sigorta sirketinin odemeyi yapmasi icin..",eksisozluk
nexium,yemeklerden en az 1 saat önce ve hep aynı saate alınması önerilir ki bu bilgi ilaç prospektüsünde yazılmamıştır.  http://www.always-health.com/nexium_benifits.html,eksisozluk
nexium,bugün  radikal  gazetesinde cikan bir habere göre demir ve kalsiyum emilimini engelleyerek kalca kirigi riskini arttiran da bir ilacmis.,eksisozluk
nexium,"nexium (esomeprazol) dünyanın ilk ve tek izomer proton pompa inhibitörüdür. s ve r izomerin birbirinden ayrılması sonucu elde edilmiştir. bu teknoloji sayesinde beş bilim adamı nobel kimya ödülünü almışlardır. özellikle şu anda tüm dünyada en çok satan ikinci ilaçtır. asıl tercih edilme nedeni daha fazla hastayı iyileştirmesidir. ilk kez 2003 yılında türkiye'de piyasaya verilmiş, bir buçuk yıl gibi kısa bir sürede grubunda en çok tercih edilen ilaç olmuştur. özellikle gastro özofageal reflü (görh), peptik ve duedonal ulcus, helicobacter pylori eradikasyonunun tedavisinde uygun antibiyotiklerle kombine, nsaid 'lerin gasro intestinal yan etkilerinin profilaksisinde, zollinger ellison sendromunda kullanılmaktadır. genelde 40mg tek doz kullanılmaktadır. özel mups tablet yapısı sayesinde etkinliği artırılmış ve suda eritilip yutma güçlüğü olan hastalarda kullanılma imkanı sağlanmıştır.",eksisozluk
nexium,"diger proton pompasi inhubuturleri ile arasinda ne gibi farklar oldugunu merak ettigim ilac..misal endoskopiden sonra lansor yerine bunu onerdi doktorum,neden boyle olmustur bilen saglikci sozluk yazarlarina selam ederim.",eksisozluk
nexium,"prospektüsünde yazan yan etkilerin mutlaka dikkate alınması gereken ilaç. ahan da yazıyorum buraya: kan ve  lenfatik  sistem hastalıkları nadir:  lökopeni ,  trombositopeni çok nadir:  agranülositoz ,  pansitopeni . immün sistem  hastalıkları nadir:  hipersensitivite  reaksiyonları örn. ateş,  anjiyoödem , anafilaktik reaksiyon/şok metabolizma ve beslenme hastalıkları seyrek: periferal ödem nadir: hiponatremi psikiyatrik hastalıklar seyrek: uykusuzluk nadir: ajitasyon ,  konfüzyon , depresyon çok nadir: agresyon,  halüsinasyonlar sinir sistemi hastalıkları sık: başağrısı seyrek: baş dönmesi,  parestezi , uykuya eğilim nadir: tat alma bozukluğu göz hastalıkları nadir: bulanık görme kulak hastalıkları seyrek: vertigo solunum,  toraks  ve  mediasten  hastalıkları nadir: bronkospazm gastrointestinal hastalıklar sık:  abdominal ağrı,  konstipasyon ,  diyare , şişkinlik, kusma/bulantı seyrek: ağız kuruluğu nadir:  stomatit , gastrointestinal  kandidiyazis hepatobiliyer  hastalıklar seyrek: karaciğer enzimlerinde yükselme nadir:  ikter li ya da iktersiz hepatit çok nadir: karaciğer yetmezliği, daha önce karaciğer hastalığı olanlarda ensefalopati deri ve  subkutan  doku hastalıkları seyrek: dermatit,  prurit , döküntü, ürtiker nadir: alopesi, fotosensitivite çok nadir:  eritema multiforme ,  stevens-johnson  sendromu, toksik epidermal  nekroliz  (ten) kas, iskelet sistemi, bağ dokusu ve kemik hastalıkları nadir: artralji ,  miyalji çok nadir: adale güçsüzlüğü böbrek ve üriner sistem hastalıkları çok nadir: interstisyal  nefrit üreme sistemi ve meme hastalıkları çok nadir: jinekomasti nadir: yorgunluk, aşırı terleme",eksisozluk
nexium,"müthiş bir ilaçtır bu. sabah 1 adet 40 mg aldıktan sonra öğle yemeğinde bir acılı, bir acılı, bir acılı daha.. edit : mesela yani",eksisozluk
nexium,helicobacter pylori  ve gastrit teshisi ile aladurdugum (bkz:  emedur ) sabahlari ac karnina alinan isvicre de uretilen  afilli  ilac.,eksisozluk
nexium,reflu tedavisinde de kullanilan ilac,eksisozluk
nexium,"turkcede mide yanmasi olarak tabir edilen mide asidinin girtlak borusuna kacmasi ve aci icinde yanmalara sebep olmasini gecici olarak tedavi eden ilactir.  prilosec  isimli ilacin cikisinin ve ustelik recetesiz satisinin ardindan sigorta sirketlerinin odemesinde en cok sorun cikarttigi ilaclarin da basinda gelir, 30 gunluk receteli nexium icin 159 dolar isteyen eczaciya aval aval bakmam sonucu anlattigina gore bu ilaci alabilmek icin receteden ziyade doktordan kesin olarak hastanin bu ilaca ihtiyaci var onayi gerekiyormus sigorta sirketinin odemeyi yapmasi icin..",eksisozluk
nexium,yemeklerden en az 1 saat önce ve hep aynı saate alınması önerilir ki bu bilgi ilaç prospektüsünde yazılmamıştır.  http://www.always-health.com/nexium_benifits.html,eksisozluk
nexium,bugün  radikal  gazetesinde cikan bir habere göre demir ve kalsiyum emilimini engelleyerek kalca kirigi riskini arttiran da bir ilacmis.,eksisozluk
nexium,"nexium (esomeprazol) dünyanın ilk ve tek izomer proton pompa inhibitörüdür. s ve r izomerin birbirinden ayrılması sonucu elde edilmiştir. bu teknoloji sayesinde beş bilim adamı nobel kimya ödülünü almışlardır. özellikle şu anda tüm dünyada en çok satan ikinci ilaçtır. asıl tercih edilme nedeni daha fazla hastayı iyileştirmesidir. ilk kez 2003 yılında türkiye'de piyasaya verilmiş, bir buçuk yıl gibi kısa bir sürede grubunda en çok tercih edilen ilaç olmuştur. özellikle gastro özofageal reflü (görh), peptik ve duedonal ulcus, helicobacter pylori eradikasyonunun tedavisinde uygun antibiyotiklerle kombine, nsaid 'lerin gasro intestinal yan etkilerinin profilaksisinde, zollinger ellison sendromunda kullanılmaktadır. genelde 40mg tek doz kullanılmaktadır. özel mups tablet yapısı sayesinde etkinliği artırılmış ve suda eritilip yutma güçlüğü olan hastalarda kullanılma imkanı sağlanmıştır.",eksisozluk
nexium,"diger proton pompasi inhubuturleri ile arasinda ne gibi farklar oldugunu merak ettigim ilac..misal endoskopiden sonra lansor yerine bunu onerdi doktorum,neden boyle olmustur bilen saglikci sozluk yazarlarina selam ederim.",eksisozluk
nexium,"prospektüsünde yazan yan etkilerin mutlaka dikkate alınması gereken ilaç. ahan da yazıyorum buraya: kan ve  lenfatik  sistem hastalıkları nadir:  lökopeni ,  trombositopeni çok nadir:  agranülositoz ,  pansitopeni . immün sistem  hastalıkları nadir:  hipersensitivite  reaksiyonları örn. ateş,  anjiyoödem , anafilaktik reaksiyon/şok metabolizma ve beslenme hastalıkları seyrek: periferal ödem nadir: hiponatremi psikiyatrik hastalıklar seyrek: uykusuzluk nadir: ajitasyon ,  konfüzyon , depresyon çok nadir: agresyon,  halüsinasyonlar sinir sistemi hastalıkları sık: başağrısı seyrek: baş dönmesi,  parestezi , uykuya eğilim nadir: tat alma bozukluğu göz hastalıkları nadir: bulanık görme kulak hastalıkları seyrek: vertigo solunum,  toraks  ve  mediasten  hastalıkları nadir: bronkospazm gastrointestinal hastalıklar sık:  abdominal ağrı,  konstipasyon ,  diyare , şişkinlik, kusma/bulantı seyrek: ağız kuruluğu nadir:  stomatit , gastrointestinal  kandidiyazis hepatobiliyer  hastalıklar seyrek: karaciğer enzimlerinde yükselme nadir:  ikter li ya da iktersiz hepatit çok nadir: karaciğer yetmezliği, daha önce karaciğer hastalığı olanlarda ensefalopati deri ve  subkutan  doku hastalıkları seyrek: dermatit,  prurit , döküntü, ürtiker nadir: alopesi, fotosensitivite çok nadir:  eritema multiforme ,  stevens-johnson  sendromu, toksik epidermal  nekroliz  (ten) kas, iskelet sistemi, bağ dokusu ve kemik hastalıkları nadir: artralji ,  miyalji çok nadir: adale güçsüzlüğü böbrek ve üriner sistem hastalıkları çok nadir: interstisyal  nefrit üreme sistemi ve meme hastalıkları çok nadir: jinekomasti nadir: yorgunluk, aşırı terleme",eksisozluk
nexium,"müthiş bir ilaçtır bu. sabah 1 adet 40 mg aldıktan sonra öğle yemeğinde bir acılı, bir acılı, bir acılı daha.. edit : mesela yani",eksisozluk
nexium,helicobacter pylori  ve gastrit teshisi ile aladurdugum (bkz:  emedur ) sabahlari ac karnina alinan isvicre de uretilen  afilli  ilac.,eksisozluk
nexium,reflu tedavisinde de kullanilan ilac,eksisozluk
nexium,"turkcede mide yanmasi olarak tabir edilen mide asidinin girtlak borusuna kacmasi ve aci icinde yanmalara sebep olmasini gecici olarak tedavi eden ilactir.  prilosec  isimli ilacin cikisinin ve ustelik recetesiz satisinin ardindan sigorta sirketlerinin odemesinde en cok sorun cikarttigi ilaclarin da basinda gelir, 30 gunluk receteli nexium icin 159 dolar isteyen eczaciya aval aval bakmam sonucu anlattigina gore bu ilaci alabilmek icin receteden ziyade doktordan kesin olarak hastanin bu ilaca ihtiyaci var onayi gerekiyormus sigorta sirketinin odemeyi yapmasi icin..",eksisozluk
nexium,yemeklerden en az 1 saat önce ve hep aynı saate alınması önerilir ki bu bilgi ilaç prospektüsünde yazılmamıştır.  http://www.always-health.com/nexium_benifits.html,eksisozluk
nexium,bugün  radikal  gazetesinde cikan bir habere göre demir ve kalsiyum emilimini engelleyerek kalca kirigi riskini arttiran da bir ilacmis.,eksisozluk
nexium,"nexium (esomeprazol) dünyanın ilk ve tek izomer proton pompa inhibitörüdür. s ve r izomerin birbirinden ayrılması sonucu elde edilmiştir. bu teknoloji sayesinde beş bilim adamı nobel kimya ödülünü almışlardır. özellikle şu anda tüm dünyada en çok satan ikinci ilaçtır. asıl tercih edilme nedeni daha fazla hastayı iyileştirmesidir. ilk kez 2003 yılında türkiye'de piyasaya verilmiş, bir buçuk yıl gibi kısa bir sürede grubunda en çok tercih edilen ilaç olmuştur. özellikle gastro özofageal reflü (görh), peptik ve duedonal ulcus, helicobacter pylori eradikasyonunun tedavisinde uygun antibiyotiklerle kombine, nsaid 'lerin gasro intestinal yan etkilerinin profilaksisinde, zollinger ellison sendromunda kullanılmaktadır. genelde 40mg tek doz kullanılmaktadır. özel mups tablet yapısı sayesinde etkinliği artırılmış ve suda eritilip yutma güçlüğü olan hastalarda kullanılma imkanı sağlanmıştır.",eksisozluk
nexium,"diger proton pompasi inhubuturleri ile arasinda ne gibi farklar oldugunu merak ettigim ilac..misal endoskopiden sonra lansor yerine bunu onerdi doktorum,neden boyle olmustur bilen saglikci sozluk yazarlarina selam ederim.",eksisozluk
nexium,"prospektüsünde yazan yan etkilerin mutlaka dikkate alınması gereken ilaç. ahan da yazıyorum buraya: kan ve  lenfatik  sistem hastalıkları nadir:  lökopeni ,  trombositopeni çok nadir:  agranülositoz ,  pansitopeni . immün sistem  hastalıkları nadir:  hipersensitivite  reaksiyonları örn. ateş,  anjiyoödem , anafilaktik reaksiyon/şok metabolizma ve beslenme hastalıkları seyrek: periferal ödem nadir: hiponatremi psikiyatrik hastalıklar seyrek: uykusuzluk nadir: ajitasyon ,  konfüzyon , depresyon çok nadir: agresyon,  halüsinasyonlar sinir sistemi hastalıkları sık: başağrısı seyrek: baş dönmesi,  parestezi , uykuya eğilim nadir: tat alma bozukluğu göz hastalıkları nadir: bulanık görme kulak hastalıkları seyrek: vertigo solunum,  toraks  ve  mediasten  hastalıkları nadir: bronkospazm gastrointestinal hastalıklar sık:  abdominal ağrı,  konstipasyon ,  diyare , şişkinlik, kusma/bulantı seyrek: ağız kuruluğu nadir:  stomatit , gastrointestinal  kandidiyazis hepatobiliyer  hastalıklar seyrek: karaciğer enzimlerinde yükselme nadir:  ikter li ya da iktersiz hepatit çok nadir: karaciğer yetmezliği, daha önce karaciğer hastalığı olanlarda ensefalopati deri ve  subkutan  doku hastalıkları seyrek: dermatit,  prurit , döküntü, ürtiker nadir: alopesi, fotosensitivite çok nadir:  eritema multiforme ,  stevens-johnson  sendromu, toksik epidermal  nekroliz  (ten) kas, iskelet sistemi, bağ dokusu ve kemik hastalıkları nadir: artralji ,  miyalji çok nadir: adale güçsüzlüğü böbrek ve üriner sistem hastalıkları çok nadir: interstisyal  nefrit üreme sistemi ve meme hastalıkları çok nadir: jinekomasti nadir: yorgunluk, aşırı terleme",eksisozluk
nexium,"müthiş bir ilaçtır bu. sabah 1 adet 40 mg aldıktan sonra öğle yemeğinde bir acılı, bir acılı, bir acılı daha.. edit : mesela yani",eksisozluk
nexium,helicobacter pylori  ve gastrit teshisi ile aladurdugum (bkz:  emedur ) sabahlari ac karnina alinan isvicre de uretilen  afilli  ilac.,eksisozluk
nexium,reflu tedavisinde de kullanilan ilac,eksisozluk
nexium,"turkcede mide yanmasi olarak tabir edilen mide asidinin girtlak borusuna kacmasi ve aci icinde yanmalara sebep olmasini gecici olarak tedavi eden ilactir.  prilosec  isimli ilacin cikisinin ve ustelik recetesiz satisinin ardindan sigorta sirketlerinin odemesinde en cok sorun cikarttigi ilaclarin da basinda gelir, 30 gunluk receteli nexium icin 159 dolar isteyen eczaciya aval aval bakmam sonucu anlattigina gore bu ilaci alabilmek icin receteden ziyade doktordan kesin olarak hastanin bu ilaca ihtiyaci var onayi gerekiyormus sigorta sirketinin odemeyi yapmasi icin..",eksisozluk
nexium,yemeklerden en az 1 saat önce ve hep aynı saate alınması önerilir ki bu bilgi ilaç prospektüsünde yazılmamıştır.  http://www.always-health.com/nexium_benifits.html,eksisozluk
nexium,bugün  radikal  gazetesinde cikan bir habere göre demir ve kalsiyum emilimini engelleyerek kalca kirigi riskini arttiran da bir ilacmis.,eksisozluk
nexium,"nexium (esomeprazol) dünyanın ilk ve tek izomer proton pompa inhibitörüdür. s ve r izomerin birbirinden ayrılması sonucu elde edilmiştir. bu teknoloji sayesinde beş bilim adamı nobel kimya ödülünü almışlardır. özellikle şu anda tüm dünyada en çok satan ikinci ilaçtır. asıl tercih edilme nedeni daha fazla hastayı iyileştirmesidir. ilk kez 2003 yılında türkiye'de piyasaya verilmiş, bir buçuk yıl gibi kısa bir sürede grubunda en çok tercih edilen ilaç olmuştur. özellikle gastro özofageal reflü (görh), peptik ve duedonal ulcus, helicobacter pylori eradikasyonunun tedavisinde uygun antibiyotiklerle kombine, nsaid 'lerin gasro intestinal yan etkilerinin profilaksisinde, zollinger ellison sendromunda kullanılmaktadır. genelde 40mg tek doz kullanılmaktadır. özel mups tablet yapısı sayesinde etkinliği artırılmış ve suda eritilip yutma güçlüğü olan hastalarda kullanılma imkanı sağlanmıştır.",eksisozluk
nexium,"diger proton pompasi inhubuturleri ile arasinda ne gibi farklar oldugunu merak ettigim ilac..misal endoskopiden sonra lansor yerine bunu onerdi doktorum,neden boyle olmustur bilen saglikci sozluk yazarlarina selam ederim.",eksisozluk
nexium,"prospektüsünde yazan yan etkilerin mutlaka dikkate alınması gereken ilaç. ahan da yazıyorum buraya: kan ve  lenfatik  sistem hastalıkları nadir:  lökopeni ,  trombositopeni çok nadir:  agranülositoz ,  pansitopeni . immün sistem  hastalıkları nadir:  hipersensitivite  reaksiyonları örn. ateş,  anjiyoödem , anafilaktik reaksiyon/şok metabolizma ve beslenme hastalıkları seyrek: periferal ödem nadir: hiponatremi psikiyatrik hastalıklar seyrek: uykusuzluk nadir: ajitasyon ,  konfüzyon , depresyon çok nadir: agresyon,  halüsinasyonlar sinir sistemi hastalıkları sık: başağrısı seyrek: baş dönmesi,  parestezi , uykuya eğilim nadir: tat alma bozukluğu göz hastalıkları nadir: bulanık görme kulak hastalıkları seyrek: vertigo solunum,  toraks  ve  mediasten  hastalıkları nadir: bronkospazm gastrointestinal hastalıklar sık:  abdominal ağrı,  konstipasyon ,  diyare , şişkinlik, kusma/bulantı seyrek: ağız kuruluğu nadir:  stomatit , gastrointestinal  kandidiyazis hepatobiliyer  hastalıklar seyrek: karaciğer enzimlerinde yükselme nadir:  ikter li ya da iktersiz hepatit çok nadir: karaciğer yetmezliği, daha önce karaciğer hastalığı olanlarda ensefalopati deri ve  subkutan  doku hastalıkları seyrek: dermatit,  prurit , döküntü, ürtiker nadir: alopesi, fotosensitivite çok nadir:  eritema multiforme ,  stevens-johnson  sendromu, toksik epidermal  nekroliz  (ten) kas, iskelet sistemi, bağ dokusu ve kemik hastalıkları nadir: artralji ,  miyalji çok nadir: adale güçsüzlüğü böbrek ve üriner sistem hastalıkları çok nadir: interstisyal  nefrit üreme sistemi ve meme hastalıkları çok nadir: jinekomasti nadir: yorgunluk, aşırı terleme",eksisozluk
nexium,"müthiş bir ilaçtır bu. sabah 1 adet 40 mg aldıktan sonra öğle yemeğinde bir acılı, bir acılı, bir acılı daha.. edit : mesela yani",eksisozluk
nexium,helicobacter pylori  ve gastrit teshisi ile aladurdugum (bkz:  emedur ) sabahlari ac karnina alinan isvicre de uretilen  afilli  ilac.,eksisozluk
nexium,reflu tedavisinde de kullanilan ilac,eksisozluk
nexium,"turkcede mide yanmasi olarak tabir edilen mide asidinin girtlak borusuna kacmasi ve aci icinde yanmalara sebep olmasini gecici olarak tedavi eden ilactir.  prilosec  isimli ilacin cikisinin ve ustelik recetesiz satisinin ardindan sigorta sirketlerinin odemesinde en cok sorun cikarttigi ilaclarin da basinda gelir, 30 gunluk receteli nexium icin 159 dolar isteyen eczaciya aval aval bakmam sonucu anlattigina gore bu ilaci alabilmek icin receteden ziyade doktordan kesin olarak hastanin bu ilaca ihtiyaci var onayi gerekiyormus sigorta sirketinin odemeyi yapmasi icin..",eksisozluk
nexium,yemeklerden en az 1 saat önce ve hep aynı saate alınması önerilir ki bu bilgi ilaç prospektüsünde yazılmamıştır.  http://www.always-health.com/nexium_benifits.html,eksisozluk
nexium,bugün  radikal  gazetesinde cikan bir habere göre demir ve kalsiyum emilimini engelleyerek kalca kirigi riskini arttiran da bir ilacmis.,eksisozluk
nexium,"nexium (esomeprazol) dünyanın ilk ve tek izomer proton pompa inhibitörüdür. s ve r izomerin birbirinden ayrılması sonucu elde edilmiştir. bu teknoloji sayesinde beş bilim adamı nobel kimya ödülünü almışlardır. özellikle şu anda tüm dünyada en çok satan ikinci ilaçtır. asıl tercih edilme nedeni daha fazla hastayı iyileştirmesidir. ilk kez 2003 yılında türkiye'de piyasaya verilmiş, bir buçuk yıl gibi kısa bir sürede grubunda en çok tercih edilen ilaç olmuştur. özellikle gastro özofageal reflü (görh), peptik ve duedonal ulcus, helicobacter pylori eradikasyonunun tedavisinde uygun antibiyotiklerle kombine, nsaid 'lerin gasro intestinal yan etkilerinin profilaksisinde, zollinger ellison sendromunda kullanılmaktadır. genelde 40mg tek doz kullanılmaktadır. özel mups tablet yapısı sayesinde etkinliği artırılmış ve suda eritilip yutma güçlüğü olan hastalarda kullanılma imkanı sağlanmıştır.",eksisozluk
nexium,"diger proton pompasi inhubuturleri ile arasinda ne gibi farklar oldugunu merak ettigim ilac..misal endoskopiden sonra lansor yerine bunu onerdi doktorum,neden boyle olmustur bilen saglikci sozluk yazarlarina selam ederim.",eksisozluk
nexium,"prospektüsünde yazan yan etkilerin mutlaka dikkate alınması gereken ilaç. ahan da yazıyorum buraya: kan ve  lenfatik  sistem hastalıkları nadir:  lökopeni ,  trombositopeni çok nadir:  agranülositoz ,  pansitopeni . immün sistem  hastalıkları nadir:  hipersensitivite  reaksiyonları örn. ateş,  anjiyoödem , anafilaktik reaksiyon/şok metabolizma ve beslenme hastalıkları seyrek: periferal ödem nadir: hiponatremi psikiyatrik hastalıklar seyrek: uykusuzluk nadir: ajitasyon ,  konfüzyon , depresyon çok nadir: agresyon,  halüsinasyonlar sinir sistemi hastalıkları sık: başağrısı seyrek: baş dönmesi,  parestezi , uykuya eğilim nadir: tat alma bozukluğu göz hastalıkları nadir: bulanık görme kulak hastalıkları seyrek: vertigo solunum,  toraks  ve  mediasten  hastalıkları nadir: bronkospazm gastrointestinal hastalıklar sık:  abdominal ağrı,  konstipasyon ,  diyare , şişkinlik, kusma/bulantı seyrek: ağız kuruluğu nadir:  stomatit , gastrointestinal  kandidiyazis hepatobiliyer  hastalıklar seyrek: karaciğer enzimlerinde yükselme nadir:  ikter li ya da iktersiz hepatit çok nadir: karaciğer yetmezliği, daha önce karaciğer hastalığı olanlarda ensefalopati deri ve  subkutan  doku hastalıkları seyrek: dermatit,  prurit , döküntü, ürtiker nadir: alopesi, fotosensitivite çok nadir:  eritema multiforme ,  stevens-johnson  sendromu, toksik epidermal  nekroliz  (ten) kas, iskelet sistemi, bağ dokusu ve kemik hastalıkları nadir: artralji ,  miyalji çok nadir: adale güçsüzlüğü böbrek ve üriner sistem hastalıkları çok nadir: interstisyal  nefrit üreme sistemi ve meme hastalıkları çok nadir: jinekomasti nadir: yorgunluk, aşırı terleme",eksisozluk
nexium,"müthiş bir ilaçtır bu. sabah 1 adet 40 mg aldıktan sonra öğle yemeğinde bir acılı, bir acılı, bir acılı daha.. edit : mesela yani",eksisozluk
nexium,helicobacter pylori  ve gastrit teshisi ile aladurdugum (bkz:  emedur ) sabahlari ac karnina alinan isvicre de uretilen  afilli  ilac.,eksisozluk
nexium,reflu tedavisinde de kullanilan ilac,eksisozluk
nexium,"turkcede mide yanmasi olarak tabir edilen mide asidinin girtlak borusuna kacmasi ve aci icinde yanmalara sebep olmasini gecici olarak tedavi eden ilactir.  prilosec  isimli ilacin cikisinin ve ustelik recetesiz satisinin ardindan sigorta sirketlerinin odemesinde en cok sorun cikarttigi ilaclarin da basinda gelir, 30 gunluk receteli nexium icin 159 dolar isteyen eczaciya aval aval bakmam sonucu anlattigina gore bu ilaci alabilmek icin receteden ziyade doktordan kesin olarak hastanin bu ilaca ihtiyaci var onayi gerekiyormus sigorta sirketinin odemeyi yapmasi icin..",eksisozluk
nexium,yemeklerden en az 1 saat önce ve hep aynı saate alınması önerilir ki bu bilgi ilaç prospektüsünde yazılmamıştır.  http://www.always-health.com/nexium_benifits.html,eksisozluk
nexium,bugün  radikal  gazetesinde cikan bir habere göre demir ve kalsiyum emilimini engelleyerek kalca kirigi riskini arttiran da bir ilacmis.,eksisozluk
nexium,"nexium (esomeprazol) dünyanın ilk ve tek izomer proton pompa inhibitörüdür. s ve r izomerin birbirinden ayrılması sonucu elde edilmiştir. bu teknoloji sayesinde beş bilim adamı nobel kimya ödülünü almışlardır. özellikle şu anda tüm dünyada en çok satan ikinci ilaçtır. asıl tercih edilme nedeni daha fazla hastayı iyileştirmesidir. ilk kez 2003 yılında türkiye'de piyasaya verilmiş, bir buçuk yıl gibi kısa bir sürede grubunda en çok tercih edilen ilaç olmuştur. özellikle gastro özofageal reflü (görh), peptik ve duedonal ulcus, helicobacter pylori eradikasyonunun tedavisinde uygun antibiyotiklerle kombine, nsaid 'lerin gasro intestinal yan etkilerinin profilaksisinde, zollinger ellison sendromunda kullanılmaktadır. genelde 40mg tek doz kullanılmaktadır. özel mups tablet yapısı sayesinde etkinliği artırılmış ve suda eritilip yutma güçlüğü olan hastalarda kullanılma imkanı sağlanmıştır.",eksisozluk
nexium,"diger proton pompasi inhubuturleri ile arasinda ne gibi farklar oldugunu merak ettigim ilac..misal endoskopiden sonra lansor yerine bunu onerdi doktorum,neden boyle olmustur bilen saglikci sozluk yazarlarina selam ederim.",eksisozluk
nexium,"prospektüsünde yazan yan etkilerin mutlaka dikkate alınması gereken ilaç. ahan da yazıyorum buraya: kan ve  lenfatik  sistem hastalıkları nadir:  lökopeni ,  trombositopeni çok nadir:  agranülositoz ,  pansitopeni . immün sistem  hastalıkları nadir:  hipersensitivite  reaksiyonları örn. ateş,  anjiyoödem , anafilaktik reaksiyon/şok metabolizma ve beslenme hastalıkları seyrek: periferal ödem nadir: hiponatremi psikiyatrik hastalıklar seyrek: uykusuzluk nadir: ajitasyon ,  konfüzyon , depresyon çok nadir: agresyon,  halüsinasyonlar sinir sistemi hastalıkları sık: başağrısı seyrek: baş dönmesi,  parestezi , uykuya eğilim nadir: tat alma bozukluğu göz hastalıkları nadir: bulanık görme kulak hastalıkları seyrek: vertigo solunum,  toraks  ve  mediasten  hastalıkları nadir: bronkospazm gastrointestinal hastalıklar sık:  abdominal ağrı,  konstipasyon ,  diyare , şişkinlik, kusma/bulantı seyrek: ağız kuruluğu nadir:  stomatit , gastrointestinal  kandidiyazis hepatobiliyer  hastalıklar seyrek: karaciğer enzimlerinde yükselme nadir:  ikter li ya da iktersiz hepatit çok nadir: karaciğer yetmezliği, daha önce karaciğer hastalığı olanlarda ensefalopati deri ve  subkutan  doku hastalıkları seyrek: dermatit,  prurit , döküntü, ürtiker nadir: alopesi, fotosensitivite çok nadir:  eritema multiforme ,  stevens-johnson  sendromu, toksik epidermal  nekroliz  (ten) kas, iskelet sistemi, bağ dokusu ve kemik hastalıkları nadir: artralji ,  miyalji çok nadir: adale güçsüzlüğü böbrek ve üriner sistem hastalıkları çok nadir: interstisyal  nefrit üreme sistemi ve meme hastalıkları çok nadir: jinekomasti nadir: yorgunluk, aşırı terleme",eksisozluk
nexium,"müthiş bir ilaçtır bu. sabah 1 adet 40 mg aldıktan sonra öğle yemeğinde bir acılı, bir acılı, bir acılı daha.. edit : mesela yani",eksisozluk
nexium,helicobacter pylori  ve gastrit teshisi ile aladurdugum (bkz:  emedur ) sabahlari ac karnina alinan isvicre de uretilen  afilli  ilac.,eksisozluk
nexium,reflu tedavisinde de kullanilan ilac,eksisozluk
nexium,"turkcede mide yanmasi olarak tabir edilen mide asidinin girtlak borusuna kacmasi ve aci icinde yanmalara sebep olmasini gecici olarak tedavi eden ilactir.  prilosec  isimli ilacin cikisinin ve ustelik recetesiz satisinin ardindan sigorta sirketlerinin odemesinde en cok sorun cikarttigi ilaclarin da basinda gelir, 30 gunluk receteli nexium icin 159 dolar isteyen eczaciya aval aval bakmam sonucu anlattigina gore bu ilaci alabilmek icin receteden ziyade doktordan kesin olarak hastanin bu ilaca ihtiyaci var onayi gerekiyormus sigorta sirketinin odemeyi yapmasi icin..",eksisozluk
nexium,yemeklerden en az 1 saat önce ve hep aynı saate alınması önerilir ki bu bilgi ilaç prospektüsünde yazılmamıştır.  http://www.always-health.com/nexium_benifits.html,eksisozluk
nexium,bugün  radikal  gazetesinde cikan bir habere göre demir ve kalsiyum emilimini engelleyerek kalca kirigi riskini arttiran da bir ilacmis.,eksisozluk
nexium,"nexium (esomeprazol) dünyanın ilk ve tek izomer proton pompa inhibitörüdür. s ve r izomerin birbirinden ayrılması sonucu elde edilmiştir. bu teknoloji sayesinde beş bilim adamı nobel kimya ödülünü almışlardır. özellikle şu anda tüm dünyada en çok satan ikinci ilaçtır. asıl tercih edilme nedeni daha fazla hastayı iyileştirmesidir. ilk kez 2003 yılında türkiye'de piyasaya verilmiş, bir buçuk yıl gibi kısa bir sürede grubunda en çok tercih edilen ilaç olmuştur. özellikle gastro özofageal reflü (görh), peptik ve duedonal ulcus, helicobacter pylori eradikasyonunun tedavisinde uygun antibiyotiklerle kombine, nsaid 'lerin gasro intestinal yan etkilerinin profilaksisinde, zollinger ellison sendromunda kullanılmaktadır. genelde 40mg tek doz kullanılmaktadır. özel mups tablet yapısı sayesinde etkinliği artırılmış ve suda eritilip yutma güçlüğü olan hastalarda kullanılma imkanı sağlanmıştır.",eksisozluk
nexium,"diger proton pompasi inhubuturleri ile arasinda ne gibi farklar oldugunu merak ettigim ilac..misal endoskopiden sonra lansor yerine bunu onerdi doktorum,neden boyle olmustur bilen saglikci sozluk yazarlarina selam ederim.",eksisozluk
nexium,"prospektüsünde yazan yan etkilerin mutlaka dikkate alınması gereken ilaç. ahan da yazıyorum buraya: kan ve  lenfatik  sistem hastalıkları nadir:  lökopeni ,  trombositopeni çok nadir:  agranülositoz ,  pansitopeni . immün sistem  hastalıkları nadir:  hipersensitivite  reaksiyonları örn. ateş,  anjiyoödem , anafilaktik reaksiyon/şok metabolizma ve beslenme hastalıkları seyrek: periferal ödem nadir: hiponatremi psikiyatrik hastalıklar seyrek: uykusuzluk nadir: ajitasyon ,  konfüzyon , depresyon çok nadir: agresyon,  halüsinasyonlar sinir sistemi hastalıkları sık: başağrısı seyrek: baş dönmesi,  parestezi , uykuya eğilim nadir: tat alma bozukluğu göz hastalıkları nadir: bulanık görme kulak hastalıkları seyrek: vertigo solunum,  toraks  ve  mediasten  hastalıkları nadir: bronkospazm gastrointestinal hastalıklar sık:  abdominal ağrı,  konstipasyon ,  diyare , şişkinlik, kusma/bulantı seyrek: ağız kuruluğu nadir:  stomatit , gastrointestinal  kandidiyazis hepatobiliyer  hastalıklar seyrek: karaciğer enzimlerinde yükselme nadir:  ikter li ya da iktersiz hepatit çok nadir: karaciğer yetmezliği, daha önce karaciğer hastalığı olanlarda ensefalopati deri ve  subkutan  doku hastalıkları seyrek: dermatit,  prurit , döküntü, ürtiker nadir: alopesi, fotosensitivite çok nadir:  eritema multiforme ,  stevens-johnson  sendromu, toksik epidermal  nekroliz  (ten) kas, iskelet sistemi, bağ dokusu ve kemik hastalıkları nadir: artralji ,  miyalji çok nadir: adale güçsüzlüğü böbrek ve üriner sistem hastalıkları çok nadir: interstisyal  nefrit üreme sistemi ve meme hastalıkları çok nadir: jinekomasti nadir: yorgunluk, aşırı terleme",eksisozluk
nexium,"müthiş bir ilaçtır bu. sabah 1 adet 40 mg aldıktan sonra öğle yemeğinde bir acılı, bir acılı, bir acılı daha.. edit : mesela yani",eksisozluk
nexium,helicobacter pylori  ve gastrit teshisi ile aladurdugum (bkz:  emedur ) sabahlari ac karnina alinan isvicre de uretilen  afilli  ilac.,eksisozluk
nexium,reflu tedavisinde de kullanilan ilac,eksisozluk
nexium,"turkcede mide yanmasi olarak tabir edilen mide asidinin girtlak borusuna kacmasi ve aci icinde yanmalara sebep olmasini gecici olarak tedavi eden ilactir.  prilosec  isimli ilacin cikisinin ve ustelik recetesiz satisinin ardindan sigorta sirketlerinin odemesinde en cok sorun cikarttigi ilaclarin da basinda gelir, 30 gunluk receteli nexium icin 159 dolar isteyen eczaciya aval aval bakmam sonucu anlattigina gore bu ilaci alabilmek icin receteden ziyade doktordan kesin olarak hastanin bu ilaca ihtiyaci var onayi gerekiyormus sigorta sirketinin odemeyi yapmasi icin..",eksisozluk
nexium,yemeklerden en az 1 saat önce ve hep aynı saate alınması önerilir ki bu bilgi ilaç prospektüsünde yazılmamıştır.  http://www.always-health.com/nexium_benifits.html,eksisozluk
nexium,bugün  radikal  gazetesinde cikan bir habere göre demir ve kalsiyum emilimini engelleyerek kalca kirigi riskini arttiran da bir ilacmis.,eksisozluk
nexium,"nexium (esomeprazol) dünyanın ilk ve tek izomer proton pompa inhibitörüdür. s ve r izomerin birbirinden ayrılması sonucu elde edilmiştir. bu teknoloji sayesinde beş bilim adamı nobel kimya ödülünü almışlardır. özellikle şu anda tüm dünyada en çok satan ikinci ilaçtır. asıl tercih edilme nedeni daha fazla hastayı iyileştirmesidir. ilk kez 2003 yılında türkiye'de piyasaya verilmiş, bir buçuk yıl gibi kısa bir sürede grubunda en çok tercih edilen ilaç olmuştur. özellikle gastro özofageal reflü (görh), peptik ve duedonal ulcus, helicobacter pylori eradikasyonunun tedavisinde uygun antibiyotiklerle kombine, nsaid 'lerin gasro intestinal yan etkilerinin profilaksisinde, zollinger ellison sendromunda kullanılmaktadır. genelde 40mg tek doz kullanılmaktadır. özel mups tablet yapısı sayesinde etkinliği artırılmış ve suda eritilip yutma güçlüğü olan hastalarda kullanılma imkanı sağlanmıştır.",eksisozluk
nexium,"diger proton pompasi inhubuturleri ile arasinda ne gibi farklar oldugunu merak ettigim ilac..misal endoskopiden sonra lansor yerine bunu onerdi doktorum,neden boyle olmustur bilen saglikci sozluk yazarlarina selam ederim.",eksisozluk
nexium,"prospektüsünde yazan yan etkilerin mutlaka dikkate alınması gereken ilaç. ahan da yazıyorum buraya: kan ve  lenfatik  sistem hastalıkları nadir:  lökopeni ,  trombositopeni çok nadir:  agranülositoz ,  pansitopeni . immün sistem  hastalıkları nadir:  hipersensitivite  reaksiyonları örn. ateş,  anjiyoödem , anafilaktik reaksiyon/şok metabolizma ve beslenme hastalıkları seyrek: periferal ödem nadir: hiponatremi psikiyatrik hastalıklar seyrek: uykusuzluk nadir: ajitasyon ,  konfüzyon , depresyon çok nadir: agresyon,  halüsinasyonlar sinir sistemi hastalıkları sık: başağrısı seyrek: baş dönmesi,  parestezi , uykuya eğilim nadir: tat alma bozukluğu göz hastalıkları nadir: bulanık görme kulak hastalıkları seyrek: vertigo solunum,  toraks  ve  mediasten  hastalıkları nadir: bronkospazm gastrointestinal hastalıklar sık:  abdominal ağrı,  konstipasyon ,  diyare , şişkinlik, kusma/bulantı seyrek: ağız kuruluğu nadir:  stomatit , gastrointestinal  kandidiyazis hepatobiliyer  hastalıklar seyrek: karaciğer enzimlerinde yükselme nadir:  ikter li ya da iktersiz hepatit çok nadir: karaciğer yetmezliği, daha önce karaciğer hastalığı olanlarda ensefalopati deri ve  subkutan  doku hastalıkları seyrek: dermatit,  prurit , döküntü, ürtiker nadir: alopesi, fotosensitivite çok nadir:  eritema multiforme ,  stevens-johnson  sendromu, toksik epidermal  nekroliz  (ten) kas, iskelet sistemi, bağ dokusu ve kemik hastalıkları nadir: artralji ,  miyalji çok nadir: adale güçsüzlüğü böbrek ve üriner sistem hastalıkları çok nadir: interstisyal  nefrit üreme sistemi ve meme hastalıkları çok nadir: jinekomasti nadir: yorgunluk, aşırı terleme",eksisozluk
nexium,"müthiş bir ilaçtır bu. sabah 1 adet 40 mg aldıktan sonra öğle yemeğinde bir acılı, bir acılı, bir acılı daha.. edit : mesela yani",eksisozluk
nexium,helicobacter pylori  ve gastrit teshisi ile aladurdugum (bkz:  emedur ) sabahlari ac karnina alinan isvicre de uretilen  afilli  ilac.,eksisozluk
nexium,reflu tedavisinde de kullanilan ilac,eksisozluk
nexium,"turkcede mide yanmasi olarak tabir edilen mide asidinin girtlak borusuna kacmasi ve aci icinde yanmalara sebep olmasini gecici olarak tedavi eden ilactir.  prilosec  isimli ilacin cikisinin ve ustelik recetesiz satisinin ardindan sigorta sirketlerinin odemesinde en cok sorun cikarttigi ilaclarin da basinda gelir, 30 gunluk receteli nexium icin 159 dolar isteyen eczaciya aval aval bakmam sonucu anlattigina gore bu ilaci alabilmek icin receteden ziyade doktordan kesin olarak hastanin bu ilaca ihtiyaci var onayi gerekiyormus sigorta sirketinin odemeyi yapmasi icin..",eksisozluk
nexium,yemeklerden en az 1 saat önce ve hep aynı saate alınması önerilir ki bu bilgi ilaç prospektüsünde yazılmamıştır.  http://www.always-health.com/nexium_benifits.html,eksisozluk
nexium,bugün  radikal  gazetesinde cikan bir habere göre demir ve kalsiyum emilimini engelleyerek kalca kirigi riskini arttiran da bir ilacmis.,eksisozluk
nexium,"nexium (esomeprazol) dünyanın ilk ve tek izomer proton pompa inhibitörüdür. s ve r izomerin birbirinden ayrılması sonucu elde edilmiştir. bu teknoloji sayesinde beş bilim adamı nobel kimya ödülünü almışlardır. özellikle şu anda tüm dünyada en çok satan ikinci ilaçtır. asıl tercih edilme nedeni daha fazla hastayı iyileştirmesidir. ilk kez 2003 yılında türkiye'de piyasaya verilmiş, bir buçuk yıl gibi kısa bir sürede grubunda en çok tercih edilen ilaç olmuştur. özellikle gastro özofageal reflü (görh), peptik ve duedonal ulcus, helicobacter pylori eradikasyonunun tedavisinde uygun antibiyotiklerle kombine, nsaid 'lerin gasro intestinal yan etkilerinin profilaksisinde, zollinger ellison sendromunda kullanılmaktadır. genelde 40mg tek doz kullanılmaktadır. özel mups tablet yapısı sayesinde etkinliği artırılmış ve suda eritilip yutma güçlüğü olan hastalarda kullanılma imkanı sağlanmıştır.",eksisozluk
nexium,"diger proton pompasi inhubuturleri ile arasinda ne gibi farklar oldugunu merak ettigim ilac..misal endoskopiden sonra lansor yerine bunu onerdi doktorum,neden boyle olmustur bilen saglikci sozluk yazarlarina selam ederim.",eksisozluk
nexium,"prospektüsünde yazan yan etkilerin mutlaka dikkate alınması gereken ilaç. ahan da yazıyorum buraya: kan ve  lenfatik  sistem hastalıkları nadir:  lökopeni ,  trombositopeni çok nadir:  agranülositoz ,  pansitopeni . immün sistem  hastalıkları nadir:  hipersensitivite  reaksiyonları örn. ateş,  anjiyoödem , anafilaktik reaksiyon/şok metabolizma ve beslenme hastalıkları seyrek: periferal ödem nadir: hiponatremi psikiyatrik hastalıklar seyrek: uykusuzluk nadir: ajitasyon ,  konfüzyon , depresyon çok nadir: agresyon,  halüsinasyonlar sinir sistemi hastalıkları sık: başağrısı seyrek: baş dönmesi,  parestezi , uykuya eğilim nadir: tat alma bozukluğu göz hastalıkları nadir: bulanık görme kulak hastalıkları seyrek: vertigo solunum,  toraks  ve  mediasten  hastalıkları nadir: bronkospazm gastrointestinal hastalıklar sık:  abdominal ağrı,  konstipasyon ,  diyare , şişkinlik, kusma/bulantı seyrek: ağız kuruluğu nadir:  stomatit , gastrointestinal  kandidiyazis hepatobiliyer  hastalıklar seyrek: karaciğer enzimlerinde yükselme nadir:  ikter li ya da iktersiz hepatit çok nadir: karaciğer yetmezliği, daha önce karaciğer hastalığı olanlarda ensefalopati deri ve  subkutan  doku hastalıkları seyrek: dermatit,  prurit , döküntü, ürtiker nadir: alopesi, fotosensitivite çok nadir:  eritema multiforme ,  stevens-johnson  sendromu, toksik epidermal  nekroliz  (ten) kas, iskelet sistemi, bağ dokusu ve kemik hastalıkları nadir: artralji ,  miyalji çok nadir: adale güçsüzlüğü böbrek ve üriner sistem hastalıkları çok nadir: interstisyal  nefrit üreme sistemi ve meme hastalıkları çok nadir: jinekomasti nadir: yorgunluk, aşırı terleme",eksisozluk
nexium,"müthiş bir ilaçtır bu. sabah 1 adet 40 mg aldıktan sonra öğle yemeğinde bir acılı, bir acılı, bir acılı daha.. edit : mesela yani",eksisozluk
nexium,helicobacter pylori  ve gastrit teshisi ile aladurdugum (bkz:  emedur ) sabahlari ac karnina alinan isvicre de uretilen  afilli  ilac.,eksisozluk
nexium,reflu tedavisinde de kullanilan ilac,eksisozluk
nexium,"turkcede mide yanmasi olarak tabir edilen mide asidinin girtlak borusuna kacmasi ve aci icinde yanmalara sebep olmasini gecici olarak tedavi eden ilactir.  prilosec  isimli ilacin cikisinin ve ustelik recetesiz satisinin ardindan sigorta sirketlerinin odemesinde en cok sorun cikarttigi ilaclarin da basinda gelir, 30 gunluk receteli nexium icin 159 dolar isteyen eczaciya aval aval bakmam sonucu anlattigina gore bu ilaci alabilmek icin receteden ziyade doktordan kesin olarak hastanin bu ilaca ihtiyaci var onayi gerekiyormus sigorta sirketinin odemeyi yapmasi icin..",eksisozluk
nexium,yemeklerden en az 1 saat önce ve hep aynı saate alınması önerilir ki bu bilgi ilaç prospektüsünde yazılmamıştır.  http://www.always-health.com/nexium_benifits.html,eksisozluk
nexium,bugün  radikal  gazetesinde cikan bir habere göre demir ve kalsiyum emilimini engelleyerek kalca kirigi riskini arttiran da bir ilacmis.,eksisozluk
nexium,"nexium (esomeprazol) dünyanın ilk ve tek izomer proton pompa inhibitörüdür. s ve r izomerin birbirinden ayrılması sonucu elde edilmiştir. bu teknoloji sayesinde beş bilim adamı nobel kimya ödülünü almışlardır. özellikle şu anda tüm dünyada en çok satan ikinci ilaçtır. asıl tercih edilme nedeni daha fazla hastayı iyileştirmesidir. ilk kez 2003 yılında türkiye'de piyasaya verilmiş, bir buçuk yıl gibi kısa bir sürede grubunda en çok tercih edilen ilaç olmuştur. özellikle gastro özofageal reflü (görh), peptik ve duedonal ulcus, helicobacter pylori eradikasyonunun tedavisinde uygun antibiyotiklerle kombine, nsaid 'lerin gasro intestinal yan etkilerinin profilaksisinde, zollinger ellison sendromunda kullanılmaktadır. genelde 40mg tek doz kullanılmaktadır. özel mups tablet yapısı sayesinde etkinliği artırılmış ve suda eritilip yutma güçlüğü olan hastalarda kullanılma imkanı sağlanmıştır.",eksisozluk
nexium,"diger proton pompasi inhubuturleri ile arasinda ne gibi farklar oldugunu merak ettigim ilac..misal endoskopiden sonra lansor yerine bunu onerdi doktorum,neden boyle olmustur bilen saglikci sozluk yazarlarina selam ederim.",eksisozluk
nexium,"prospektüsünde yazan yan etkilerin mutlaka dikkate alınması gereken ilaç. ahan da yazıyorum buraya: kan ve  lenfatik  sistem hastalıkları nadir:  lökopeni ,  trombositopeni çok nadir:  agranülositoz ,  pansitopeni . immün sistem  hastalıkları nadir:  hipersensitivite  reaksiyonları örn. ateş,  anjiyoödem , anafilaktik reaksiyon/şok metabolizma ve beslenme hastalıkları seyrek: periferal ödem nadir: hiponatremi psikiyatrik hastalıklar seyrek: uykusuzluk nadir: ajitasyon ,  konfüzyon , depresyon çok nadir: agresyon,  halüsinasyonlar sinir sistemi hastalıkları sık: başağrısı seyrek: baş dönmesi,  parestezi , uykuya eğilim nadir: tat alma bozukluğu göz hastalıkları nadir: bulanık görme kulak hastalıkları seyrek: vertigo solunum,  toraks  ve  mediasten  hastalıkları nadir: bronkospazm gastrointestinal hastalıklar sık:  abdominal ağrı,  konstipasyon ,  diyare , şişkinlik, kusma/bulantı seyrek: ağız kuruluğu nadir:  stomatit , gastrointestinal  kandidiyazis hepatobiliyer  hastalıklar seyrek: karaciğer enzimlerinde yükselme nadir:  ikter li ya da iktersiz hepatit çok nadir: karaciğer yetmezliği, daha önce karaciğer hastalığı olanlarda ensefalopati deri ve  subkutan  doku hastalıkları seyrek: dermatit,  prurit , döküntü, ürtiker nadir: alopesi, fotosensitivite çok nadir:  eritema multiforme ,  stevens-johnson  sendromu, toksik epidermal  nekroliz  (ten) kas, iskelet sistemi, bağ dokusu ve kemik hastalıkları nadir: artralji ,  miyalji çok nadir: adale güçsüzlüğü böbrek ve üriner sistem hastalıkları çok nadir: interstisyal  nefrit üreme sistemi ve meme hastalıkları çok nadir: jinekomasti nadir: yorgunluk, aşırı terleme",eksisozluk
nexium,"müthiş bir ilaçtır bu. sabah 1 adet 40 mg aldıktan sonra öğle yemeğinde bir acılı, bir acılı, bir acılı daha.. edit : mesela yani",eksisozluk
nexium,helicobacter pylori  ve gastrit teshisi ile aladurdugum (bkz:  emedur ) sabahlari ac karnina alinan isvicre de uretilen  afilli  ilac.,eksisozluk
nexium,reflu tedavisinde de kullanilan ilac,eksisozluk
nexium,"turkcede mide yanmasi olarak tabir edilen mide asidinin girtlak borusuna kacmasi ve aci icinde yanmalara sebep olmasini gecici olarak tedavi eden ilactir.  prilosec  isimli ilacin cikisinin ve ustelik recetesiz satisinin ardindan sigorta sirketlerinin odemesinde en cok sorun cikarttigi ilaclarin da basinda gelir, 30 gunluk receteli nexium icin 159 dolar isteyen eczaciya aval aval bakmam sonucu anlattigina gore bu ilaci alabilmek icin receteden ziyade doktordan kesin olarak hastanin bu ilaca ihtiyaci var onayi gerekiyormus sigorta sirketinin odemeyi yapmasi icin..",eksisozluk
nexium,yemeklerden en az 1 saat önce ve hep aynı saate alınması önerilir ki bu bilgi ilaç prospektüsünde yazılmamıştır.  http://www.always-health.com/nexium_benifits.html,eksisozluk
nexium,bugün  radikal  gazetesinde cikan bir habere göre demir ve kalsiyum emilimini engelleyerek kalca kirigi riskini arttiran da bir ilacmis.,eksisozluk
nexium,"nexium (esomeprazol) dünyanın ilk ve tek izomer proton pompa inhibitörüdür. s ve r izomerin birbirinden ayrılması sonucu elde edilmiştir. bu teknoloji sayesinde beş bilim adamı nobel kimya ödülünü almışlardır. özellikle şu anda tüm dünyada en çok satan ikinci ilaçtır. asıl tercih edilme nedeni daha fazla hastayı iyileştirmesidir. ilk kez 2003 yılında türkiye'de piyasaya verilmiş, bir buçuk yıl gibi kısa bir sürede grubunda en çok tercih edilen ilaç olmuştur. özellikle gastro özofageal reflü (görh), peptik ve duedonal ulcus, helicobacter pylori eradikasyonunun tedavisinde uygun antibiyotiklerle kombine, nsaid 'lerin gasro intestinal yan etkilerinin profilaksisinde, zollinger ellison sendromunda kullanılmaktadır. genelde 40mg tek doz kullanılmaktadır. özel mups tablet yapısı sayesinde etkinliği artırılmış ve suda eritilip yutma güçlüğü olan hastalarda kullanılma imkanı sağlanmıştır.",eksisozluk
nexium,"diger proton pompasi inhubuturleri ile arasinda ne gibi farklar oldugunu merak ettigim ilac..misal endoskopiden sonra lansor yerine bunu onerdi doktorum,neden boyle olmustur bilen saglikci sozluk yazarlarina selam ederim.",eksisozluk
nexium,"prospektüsünde yazan yan etkilerin mutlaka dikkate alınması gereken ilaç. ahan da yazıyorum buraya: kan ve  lenfatik  sistem hastalıkları nadir:  lökopeni ,  trombositopeni çok nadir:  agranülositoz ,  pansitopeni . immün sistem  hastalıkları nadir:  hipersensitivite  reaksiyonları örn. ateş,  anjiyoödem , anafilaktik reaksiyon/şok metabolizma ve beslenme hastalıkları seyrek: periferal ödem nadir: hiponatremi psikiyatrik hastalıklar seyrek: uykusuzluk nadir: ajitasyon ,  konfüzyon , depresyon çok nadir: agresyon,  halüsinasyonlar sinir sistemi hastalıkları sık: başağrısı seyrek: baş dönmesi,  parestezi , uykuya eğilim nadir: tat alma bozukluğu göz hastalıkları nadir: bulanık görme kulak hastalıkları seyrek: vertigo solunum,  toraks  ve  mediasten  hastalıkları nadir: bronkospazm gastrointestinal hastalıklar sık:  abdominal ağrı,  konstipasyon ,  diyare , şişkinlik, kusma/bulantı seyrek: ağız kuruluğu nadir:  stomatit , gastrointestinal  kandidiyazis hepatobiliyer  hastalıklar seyrek: karaciğer enzimlerinde yükselme nadir:  ikter li ya da iktersiz hepatit çok nadir: karaciğer yetmezliği, daha önce karaciğer hastalığı olanlarda ensefalopati deri ve  subkutan  doku hastalıkları seyrek: dermatit,  prurit , döküntü, ürtiker nadir: alopesi, fotosensitivite çok nadir:  eritema multiforme ,  stevens-johnson  sendromu, toksik epidermal  nekroliz  (ten) kas, iskelet sistemi, bağ dokusu ve kemik hastalıkları nadir: artralji ,  miyalji çok nadir: adale güçsüzlüğü böbrek ve üriner sistem hastalıkları çok nadir: interstisyal  nefrit üreme sistemi ve meme hastalıkları çok nadir: jinekomasti nadir: yorgunluk, aşırı terleme",eksisozluk
nexium,"müthiş bir ilaçtır bu. sabah 1 adet 40 mg aldıktan sonra öğle yemeğinde bir acılı, bir acılı, bir acılı daha.. edit : mesela yani",eksisozluk
nexium,helicobacter pylori  ve gastrit teshisi ile aladurdugum (bkz:  emedur ) sabahlari ac karnina alinan isvicre de uretilen  afilli  ilac.,eksisozluk
nexium,reflu tedavisinde de kullanilan ilac,eksisozluk
nexium,"turkcede mide yanmasi olarak tabir edilen mide asidinin girtlak borusuna kacmasi ve aci icinde yanmalara sebep olmasini gecici olarak tedavi eden ilactir.  prilosec  isimli ilacin cikisinin ve ustelik recetesiz satisinin ardindan sigorta sirketlerinin odemesinde en cok sorun cikarttigi ilaclarin da basinda gelir, 30 gunluk receteli nexium icin 159 dolar isteyen eczaciya aval aval bakmam sonucu anlattigina gore bu ilaci alabilmek icin receteden ziyade doktordan kesin olarak hastanin bu ilaca ihtiyaci var onayi gerekiyormus sigorta sirketinin odemeyi yapmasi icin..",eksisozluk
nexium,yemeklerden en az 1 saat önce ve hep aynı saate alınması önerilir ki bu bilgi ilaç prospektüsünde yazılmamıştır.  http://www.always-health.com/nexium_benifits.html,eksisozluk
nexium,bugün  radikal  gazetesinde cikan bir habere göre demir ve kalsiyum emilimini engelleyerek kalca kirigi riskini arttiran da bir ilacmis.,eksisozluk
nexium,"nexium (esomeprazol) dünyanın ilk ve tek izomer proton pompa inhibitörüdür. s ve r izomerin birbirinden ayrılması sonucu elde edilmiştir. bu teknoloji sayesinde beş bilim adamı nobel kimya ödülünü almışlardır. özellikle şu anda tüm dünyada en çok satan ikinci ilaçtır. asıl tercih edilme nedeni daha fazla hastayı iyileştirmesidir. ilk kez 2003 yılında türkiye'de piyasaya verilmiş, bir buçuk yıl gibi kısa bir sürede grubunda en çok tercih edilen ilaç olmuştur. özellikle gastro özofageal reflü (görh), peptik ve duedonal ulcus, helicobacter pylori eradikasyonunun tedavisinde uygun antibiyotiklerle kombine, nsaid 'lerin gasro intestinal yan etkilerinin profilaksisinde, zollinger ellison sendromunda kullanılmaktadır. genelde 40mg tek doz kullanılmaktadır. özel mups tablet yapısı sayesinde etkinliği artırılmış ve suda eritilip yutma güçlüğü olan hastalarda kullanılma imkanı sağlanmıştır.",eksisozluk
nexium,"diger proton pompasi inhubuturleri ile arasinda ne gibi farklar oldugunu merak ettigim ilac..misal endoskopiden sonra lansor yerine bunu onerdi doktorum,neden boyle olmustur bilen saglikci sozluk yazarlarina selam ederim.",eksisozluk
nexium,"prospektüsünde yazan yan etkilerin mutlaka dikkate alınması gereken ilaç. ahan da yazıyorum buraya: kan ve  lenfatik  sistem hastalıkları nadir:  lökopeni ,  trombositopeni çok nadir:  agranülositoz ,  pansitopeni . immün sistem  hastalıkları nadir:  hipersensitivite  reaksiyonları örn. ateş,  anjiyoödem , anafilaktik reaksiyon/şok metabolizma ve beslenme hastalıkları seyrek: periferal ödem nadir: hiponatremi psikiyatrik hastalıklar seyrek: uykusuzluk nadir: ajitasyon ,  konfüzyon , depresyon çok nadir: agresyon,  halüsinasyonlar sinir sistemi hastalıkları sık: başağrısı seyrek: baş dönmesi,  parestezi , uykuya eğilim nadir: tat alma bozukluğu göz hastalıkları nadir: bulanık görme kulak hastalıkları seyrek: vertigo solunum,  toraks  ve  mediasten  hastalıkları nadir: bronkospazm gastrointestinal hastalıklar sık:  abdominal ağrı,  konstipasyon ,  diyare , şişkinlik, kusma/bulantı seyrek: ağız kuruluğu nadir:  stomatit , gastrointestinal  kandidiyazis hepatobiliyer  hastalıklar seyrek: karaciğer enzimlerinde yükselme nadir:  ikter li ya da iktersiz hepatit çok nadir: karaciğer yetmezliği, daha önce karaciğer hastalığı olanlarda ensefalopati deri ve  subkutan  doku hastalıkları seyrek: dermatit,  prurit , döküntü, ürtiker nadir: alopesi, fotosensitivite çok nadir:  eritema multiforme ,  stevens-johnson  sendromu, toksik epidermal  nekroliz  (ten) kas, iskelet sistemi, bağ dokusu ve kemik hastalıkları nadir: artralji ,  miyalji çok nadir: adale güçsüzlüğü böbrek ve üriner sistem hastalıkları çok nadir: interstisyal  nefrit üreme sistemi ve meme hastalıkları çok nadir: jinekomasti nadir: yorgunluk, aşırı terleme",eksisozluk
nexium,"müthiş bir ilaçtır bu. sabah 1 adet 40 mg aldıktan sonra öğle yemeğinde bir acılı, bir acılı, bir acılı daha.. edit : mesela yani",eksisozluk
nexium,helicobacter pylori  ve gastrit teshisi ile aladurdugum (bkz:  emedur ) sabahlari ac karnina alinan isvicre de uretilen  afilli  ilac.,eksisozluk
nexium,reflu tedavisinde de kullanilan ilac,eksisozluk
nexium,"turkcede mide yanmasi olarak tabir edilen mide asidinin girtlak borusuna kacmasi ve aci icinde yanmalara sebep olmasini gecici olarak tedavi eden ilactir.  prilosec  isimli ilacin cikisinin ve ustelik recetesiz satisinin ardindan sigorta sirketlerinin odemesinde en cok sorun cikarttigi ilaclarin da basinda gelir, 30 gunluk receteli nexium icin 159 dolar isteyen eczaciya aval aval bakmam sonucu anlattigina gore bu ilaci alabilmek icin receteden ziyade doktordan kesin olarak hastanin bu ilaca ihtiyaci var onayi gerekiyormus sigorta sirketinin odemeyi yapmasi icin..",eksisozluk
nexium,yemeklerden en az 1 saat önce ve hep aynı saate alınması önerilir ki bu bilgi ilaç prospektüsünde yazılmamıştır.  http://www.always-health.com/nexium_benifits.html,eksisozluk
nexium,bugün  radikal  gazetesinde cikan bir habere göre demir ve kalsiyum emilimini engelleyerek kalca kirigi riskini arttiran da bir ilacmis.,eksisozluk
nexium,"nexium (esomeprazol) dünyanın ilk ve tek izomer proton pompa inhibitörüdür. s ve r izomerin birbirinden ayrılması sonucu elde edilmiştir. bu teknoloji sayesinde beş bilim adamı nobel kimya ödülünü almışlardır. özellikle şu anda tüm dünyada en çok satan ikinci ilaçtır. asıl tercih edilme nedeni daha fazla hastayı iyileştirmesidir. ilk kez 2003 yılında türkiye'de piyasaya verilmiş, bir buçuk yıl gibi kısa bir sürede grubunda en çok tercih edilen ilaç olmuştur. özellikle gastro özofageal reflü (görh), peptik ve duedonal ulcus, helicobacter pylori eradikasyonunun tedavisinde uygun antibiyotiklerle kombine, nsaid 'lerin gasro intestinal yan etkilerinin profilaksisinde, zollinger ellison sendromunda kullanılmaktadır. genelde 40mg tek doz kullanılmaktadır. özel mups tablet yapısı sayesinde etkinliği artırılmış ve suda eritilip yutma güçlüğü olan hastalarda kullanılma imkanı sağlanmıştır.",eksisozluk
nexium,"diger proton pompasi inhubuturleri ile arasinda ne gibi farklar oldugunu merak ettigim ilac..misal endoskopiden sonra lansor yerine bunu onerdi doktorum,neden boyle olmustur bilen saglikci sozluk yazarlarina selam ederim.",eksisozluk
nexium,"prospektüsünde yazan yan etkilerin mutlaka dikkate alınması gereken ilaç. ahan da yazıyorum buraya: kan ve  lenfatik  sistem hastalıkları nadir:  lökopeni ,  trombositopeni çok nadir:  agranülositoz ,  pansitopeni . immün sistem  hastalıkları nadir:  hipersensitivite  reaksiyonları örn. ateş,  anjiyoödem , anafilaktik reaksiyon/şok metabolizma ve beslenme hastalıkları seyrek: periferal ödem nadir: hiponatremi psikiyatrik hastalıklar seyrek: uykusuzluk nadir: ajitasyon ,  konfüzyon , depresyon çok nadir: agresyon,  halüsinasyonlar sinir sistemi hastalıkları sık: başağrısı seyrek: baş dönmesi,  parestezi , uykuya eğilim nadir: tat alma bozukluğu göz hastalıkları nadir: bulanık görme kulak hastalıkları seyrek: vertigo solunum,  toraks  ve  mediasten  hastalıkları nadir: bronkospazm gastrointestinal hastalıklar sık:  abdominal ağrı,  konstipasyon ,  diyare , şişkinlik, kusma/bulantı seyrek: ağız kuruluğu nadir:  stomatit , gastrointestinal  kandidiyazis hepatobiliyer  hastalıklar seyrek: karaciğer enzimlerinde yükselme nadir:  ikter li ya da iktersiz hepatit çok nadir: karaciğer yetmezliği, daha önce karaciğer hastalığı olanlarda ensefalopati deri ve  subkutan  doku hastalıkları seyrek: dermatit,  prurit , döküntü, ürtiker nadir: alopesi, fotosensitivite çok nadir:  eritema multiforme ,  stevens-johnson  sendromu, toksik epidermal  nekroliz  (ten) kas, iskelet sistemi, bağ dokusu ve kemik hastalıkları nadir: artralji ,  miyalji çok nadir: adale güçsüzlüğü böbrek ve üriner sistem hastalıkları çok nadir: interstisyal  nefrit üreme sistemi ve meme hastalıkları çok nadir: jinekomasti nadir: yorgunluk, aşırı terleme",eksisozluk
nexium,"müthiş bir ilaçtır bu. sabah 1 adet 40 mg aldıktan sonra öğle yemeğinde bir acılı, bir acılı, bir acılı daha.. edit : mesela yani",eksisozluk
nexium,helicobacter pylori  ve gastrit teshisi ile aladurdugum (bkz:  emedur ) sabahlari ac karnina alinan isvicre de uretilen  afilli  ilac.,eksisozluk
nexium,reflu tedavisinde de kullanilan ilac,eksisozluk
nexium,"turkcede mide yanmasi olarak tabir edilen mide asidinin girtlak borusuna kacmasi ve aci icinde yanmalara sebep olmasini gecici olarak tedavi eden ilactir.  prilosec  isimli ilacin cikisinin ve ustelik recetesiz satisinin ardindan sigorta sirketlerinin odemesinde en cok sorun cikarttigi ilaclarin da basinda gelir, 30 gunluk receteli nexium icin 159 dolar isteyen eczaciya aval aval bakmam sonucu anlattigina gore bu ilaci alabilmek icin receteden ziyade doktordan kesin olarak hastanin bu ilaca ihtiyaci var onayi gerekiyormus sigorta sirketinin odemeyi yapmasi icin..",eksisozluk
nexium,yemeklerden en az 1 saat önce ve hep aynı saate alınması önerilir ki bu bilgi ilaç prospektüsünde yazılmamıştır.  http://www.always-health.com/nexium_benifits.html,eksisozluk
nexium,bugün  radikal  gazetesinde cikan bir habere göre demir ve kalsiyum emilimini engelleyerek kalca kirigi riskini arttiran da bir ilacmis.,eksisozluk
nexium,"nexium (esomeprazol) dünyanın ilk ve tek izomer proton pompa inhibitörüdür. s ve r izomerin birbirinden ayrılması sonucu elde edilmiştir. bu teknoloji sayesinde beş bilim adamı nobel kimya ödülünü almışlardır. özellikle şu anda tüm dünyada en çok satan ikinci ilaçtır. asıl tercih edilme nedeni daha fazla hastayı iyileştirmesidir. ilk kez 2003 yılında türkiye'de piyasaya verilmiş, bir buçuk yıl gibi kısa bir sürede grubunda en çok tercih edilen ilaç olmuştur. özellikle gastro özofageal reflü (görh), peptik ve duedonal ulcus, helicobacter pylori eradikasyonunun tedavisinde uygun antibiyotiklerle kombine, nsaid 'lerin gasro intestinal yan etkilerinin profilaksisinde, zollinger ellison sendromunda kullanılmaktadır. genelde 40mg tek doz kullanılmaktadır. özel mups tablet yapısı sayesinde etkinliği artırılmış ve suda eritilip yutma güçlüğü olan hastalarda kullanılma imkanı sağlanmıştır.",eksisozluk
nexium,"diger proton pompasi inhubuturleri ile arasinda ne gibi farklar oldugunu merak ettigim ilac..misal endoskopiden sonra lansor yerine bunu onerdi doktorum,neden boyle olmustur bilen saglikci sozluk yazarlarina selam ederim.",eksisozluk
nexium,"prospektüsünde yazan yan etkilerin mutlaka dikkate alınması gereken ilaç. ahan da yazıyorum buraya: kan ve  lenfatik  sistem hastalıkları nadir:  lökopeni ,  trombositopeni çok nadir:  agranülositoz ,  pansitopeni . immün sistem  hastalıkları nadir:  hipersensitivite  reaksiyonları örn. ateş,  anjiyoödem , anafilaktik reaksiyon/şok metabolizma ve beslenme hastalıkları seyrek: periferal ödem nadir: hiponatremi psikiyatrik hastalıklar seyrek: uykusuzluk nadir: ajitasyon ,  konfüzyon , depresyon çok nadir: agresyon,  halüsinasyonlar sinir sistemi hastalıkları sık: başağrısı seyrek: baş dönmesi,  parestezi , uykuya eğilim nadir: tat alma bozukluğu göz hastalıkları nadir: bulanık görme kulak hastalıkları seyrek: vertigo solunum,  toraks  ve  mediasten  hastalıkları nadir: bronkospazm gastrointestinal hastalıklar sık:  abdominal ağrı,  konstipasyon ,  diyare , şişkinlik, kusma/bulantı seyrek: ağız kuruluğu nadir:  stomatit , gastrointestinal  kandidiyazis hepatobiliyer  hastalıklar seyrek: karaciğer enzimlerinde yükselme nadir:  ikter li ya da iktersiz hepatit çok nadir: karaciğer yetmezliği, daha önce karaciğer hastalığı olanlarda ensefalopati deri ve  subkutan  doku hastalıkları seyrek: dermatit,  prurit , döküntü, ürtiker nadir: alopesi, fotosensitivite çok nadir:  eritema multiforme ,  stevens-johnson  sendromu, toksik epidermal  nekroliz  (ten) kas, iskelet sistemi, bağ dokusu ve kemik hastalıkları nadir: artralji ,  miyalji çok nadir: adale güçsüzlüğü böbrek ve üriner sistem hastalıkları çok nadir: interstisyal  nefrit üreme sistemi ve meme hastalıkları çok nadir: jinekomasti nadir: yorgunluk, aşırı terleme",eksisozluk
nexium,"müthiş bir ilaçtır bu. sabah 1 adet 40 mg aldıktan sonra öğle yemeğinde bir acılı, bir acılı, bir acılı daha.. edit : mesela yani",eksisozluk
lansoprazol,* (bkz:  lansor ) bu ilac grubundandır..,eksisozluk
lansoprazol,"bu grup ilaçların  prospektüs lerinde ambalaj açıldıktan sonra 1 ay içinde tüketilmesi, 1 ay sonunda kalan ilaçların tüketilmeden atılması tavsiye edilmektedir. eğer doktor ""sadece şikâyetin olduğunda al"" dediyse ve reçeteye 28'lik bir tane yazdıysa uzun zaman sonra gelen ilk şikâyet ettirici durum ""acabâ kutuyu açmaya değer mi ?"" sorusunu akla getirir.  akla gelen diğer bir soru da bu tür ilaçların neden  blister  denen, her tableti birbirinden ayıran ambalaj biçimi ile ambalajlanmayıp plastik şişelere doldurulduğudur.",eksisozluk
lansoprazol,(bkz:  proton pompası inhibitörü ) (bkz:  pantoprazol ),eksisozluk
lansoprazol,"artık eskisi gibi tercih edilmeyen, müstahzarı lansor olarak bilinen proton pompası inhibitörlerinden(ppi) antiülser aktif madde.artık yerini esomeprazol(nexium) almıştır.",eksisozluk
lansoprazol,* (bkz:  lansor ) bu ilac grubundandır..,eksisozluk
lansoprazol,"bu grup ilaçların  prospektüs lerinde ambalaj açıldıktan sonra 1 ay içinde tüketilmesi, 1 ay sonunda kalan ilaçların tüketilmeden atılması tavsiye edilmektedir. eğer doktor ""sadece şikâyetin olduğunda al"" dediyse ve reçeteye 28'lik bir tane yazdıysa uzun zaman sonra gelen ilk şikâyet ettirici durum ""acabâ kutuyu açmaya değer mi ?"" sorusunu akla getirir.  akla gelen diğer bir soru da bu tür ilaçların neden  blister  denen, her tableti birbirinden ayıran ambalaj biçimi ile ambalajlanmayıp plastik şişelere doldurulduğudur.",eksisozluk
lansoprazol,(bkz:  proton pompası inhibitörü ) (bkz:  pantoprazol ),eksisozluk
lansoprazol,"artık eskisi gibi tercih edilmeyen, müstahzarı lansor olarak bilinen proton pompası inhibitörlerinden(ppi) antiülser aktif madde.artık yerini esomeprazol(nexium) almıştır.",eksisozluk
lansoprazol,* (bkz:  lansor ) bu ilac grubundandır..,eksisozluk
lansoprazol,"bu grup ilaçların  prospektüs lerinde ambalaj açıldıktan sonra 1 ay içinde tüketilmesi, 1 ay sonunda kalan ilaçların tüketilmeden atılması tavsiye edilmektedir. eğer doktor ""sadece şikâyetin olduğunda al"" dediyse ve reçeteye 28'lik bir tane yazdıysa uzun zaman sonra gelen ilk şikâyet ettirici durum ""acabâ kutuyu açmaya değer mi ?"" sorusunu akla getirir.  akla gelen diğer bir soru da bu tür ilaçların neden  blister  denen, her tableti birbirinden ayıran ambalaj biçimi ile ambalajlanmayıp plastik şişelere doldurulduğudur.",eksisozluk
lansoprazol,(bkz:  proton pompası inhibitörü ) (bkz:  pantoprazol ),eksisozluk
lansoprazol,"artık eskisi gibi tercih edilmeyen, müstahzarı lansor olarak bilinen proton pompası inhibitörlerinden(ppi) antiülser aktif madde.artık yerini esomeprazol(nexium) almıştır.",eksisozluk
lansoprazol,* (bkz:  lansor ) bu ilac grubundandır..,eksisozluk
lansoprazol,"bu grup ilaçların  prospektüs lerinde ambalaj açıldıktan sonra 1 ay içinde tüketilmesi, 1 ay sonunda kalan ilaçların tüketilmeden atılması tavsiye edilmektedir. eğer doktor ""sadece şikâyetin olduğunda al"" dediyse ve reçeteye 28'lik bir tane yazdıysa uzun zaman sonra gelen ilk şikâyet ettirici durum ""acabâ kutuyu açmaya değer mi ?"" sorusunu akla getirir.  akla gelen diğer bir soru da bu tür ilaçların neden  blister  denen, her tableti birbirinden ayıran ambalaj biçimi ile ambalajlanmayıp plastik şişelere doldurulduğudur.",eksisozluk
lansoprazol,(bkz:  proton pompası inhibitörü ) (bkz:  pantoprazol ),eksisozluk
lansoprazol,"artık eskisi gibi tercih edilmeyen, müstahzarı lansor olarak bilinen proton pompası inhibitörlerinden(ppi) antiülser aktif madde.artık yerini esomeprazol(nexium) almıştır.",eksisozluk
lansoprazol,* (bkz:  lansor ) bu ilac grubundandır..,eksisozluk
lansoprazol,"bu grup ilaçların  prospektüs lerinde ambalaj açıldıktan sonra 1 ay içinde tüketilmesi, 1 ay sonunda kalan ilaçların tüketilmeden atılması tavsiye edilmektedir. eğer doktor ""sadece şikâyetin olduğunda al"" dediyse ve reçeteye 28'lik bir tane yazdıysa uzun zaman sonra gelen ilk şikâyet ettirici durum ""acabâ kutuyu açmaya değer mi ?"" sorusunu akla getirir.  akla gelen diğer bir soru da bu tür ilaçların neden  blister  denen, her tableti birbirinden ayıran ambalaj biçimi ile ambalajlanmayıp plastik şişelere doldurulduğudur.",eksisozluk
lansoprazol,(bkz:  proton pompası inhibitörü ) (bkz:  pantoprazol ),eksisozluk
lansoprazol,"artık eskisi gibi tercih edilmeyen, müstahzarı lansor olarak bilinen proton pompası inhibitörlerinden(ppi) antiülser aktif madde.artık yerini esomeprazol(nexium) almıştır.",eksisozluk
lansoprazol,* (bkz:  lansor ) bu ilac grubundandır..,eksisozluk
lansoprazol,"bu grup ilaçların  prospektüs lerinde ambalaj açıldıktan sonra 1 ay içinde tüketilmesi, 1 ay sonunda kalan ilaçların tüketilmeden atılması tavsiye edilmektedir. eğer doktor ""sadece şikâyetin olduğunda al"" dediyse ve reçeteye 28'lik bir tane yazdıysa uzun zaman sonra gelen ilk şikâyet ettirici durum ""acabâ kutuyu açmaya değer mi ?"" sorusunu akla getirir.  akla gelen diğer bir soru da bu tür ilaçların neden  blister  denen, her tableti birbirinden ayıran ambalaj biçimi ile ambalajlanmayıp plastik şişelere doldurulduğudur.",eksisozluk
lansoprazol,(bkz:  proton pompası inhibitörü ) (bkz:  pantoprazol ),eksisozluk
lansoprazol,"artık eskisi gibi tercih edilmeyen, müstahzarı lansor olarak bilinen proton pompası inhibitörlerinden(ppi) antiülser aktif madde.artık yerini esomeprazol(nexium) almıştır.",eksisozluk
lansoprazol,* (bkz:  lansor ) bu ilac grubundandır..,eksisozluk
lansoprazol,"bu grup ilaçların  prospektüs lerinde ambalaj açıldıktan sonra 1 ay içinde tüketilmesi, 1 ay sonunda kalan ilaçların tüketilmeden atılması tavsiye edilmektedir. eğer doktor ""sadece şikâyetin olduğunda al"" dediyse ve reçeteye 28'lik bir tane yazdıysa uzun zaman sonra gelen ilk şikâyet ettirici durum ""acabâ kutuyu açmaya değer mi ?"" sorusunu akla getirir.  akla gelen diğer bir soru da bu tür ilaçların neden  blister  denen, her tableti birbirinden ayıran ambalaj biçimi ile ambalajlanmayıp plastik şişelere doldurulduğudur.",eksisozluk
lansoprazol,(bkz:  proton pompası inhibitörü ) (bkz:  pantoprazol ),eksisozluk
lansoprazol,"artık eskisi gibi tercih edilmeyen, müstahzarı lansor olarak bilinen proton pompası inhibitörlerinden(ppi) antiülser aktif madde.artık yerini esomeprazol(nexium) almıştır.",eksisozluk
lansoprazol,* (bkz:  lansor ) bu ilac grubundandır..,eksisozluk
lansoprazol,"bu grup ilaçların  prospektüs lerinde ambalaj açıldıktan sonra 1 ay içinde tüketilmesi, 1 ay sonunda kalan ilaçların tüketilmeden atılması tavsiye edilmektedir. eğer doktor ""sadece şikâyetin olduğunda al"" dediyse ve reçeteye 28'lik bir tane yazdıysa uzun zaman sonra gelen ilk şikâyet ettirici durum ""acabâ kutuyu açmaya değer mi ?"" sorusunu akla getirir.  akla gelen diğer bir soru da bu tür ilaçların neden  blister  denen, her tableti birbirinden ayıran ambalaj biçimi ile ambalajlanmayıp plastik şişelere doldurulduğudur.",eksisozluk
lansoprazol,(bkz:  proton pompası inhibitörü ) (bkz:  pantoprazol ),eksisozluk
lansoprazol,"artık eskisi gibi tercih edilmeyen, müstahzarı lansor olarak bilinen proton pompası inhibitörlerinden(ppi) antiülser aktif madde.artık yerini esomeprazol(nexium) almıştır.",eksisozluk
lansoprazol,* (bkz:  lansor ) bu ilac grubundandır..,eksisozluk
lansoprazol,"bu grup ilaçların  prospektüs lerinde ambalaj açıldıktan sonra 1 ay içinde tüketilmesi, 1 ay sonunda kalan ilaçların tüketilmeden atılması tavsiye edilmektedir. eğer doktor ""sadece şikâyetin olduğunda al"" dediyse ve reçeteye 28'lik bir tane yazdıysa uzun zaman sonra gelen ilk şikâyet ettirici durum ""acabâ kutuyu açmaya değer mi ?"" sorusunu akla getirir.  akla gelen diğer bir soru da bu tür ilaçların neden  blister  denen, her tableti birbirinden ayıran ambalaj biçimi ile ambalajlanmayıp plastik şişelere doldurulduğudur.",eksisozluk
lansoprazol,(bkz:  proton pompası inhibitörü ) (bkz:  pantoprazol ),eksisozluk
lansoprazol,"artık eskisi gibi tercih edilmeyen, müstahzarı lansor olarak bilinen proton pompası inhibitörlerinden(ppi) antiülser aktif madde.artık yerini esomeprazol(nexium) almıştır.",eksisozluk
lansoprazol,* (bkz:  lansor ) bu ilac grubundandır..,eksisozluk
lansoprazol,"bu grup ilaçların  prospektüs lerinde ambalaj açıldıktan sonra 1 ay içinde tüketilmesi, 1 ay sonunda kalan ilaçların tüketilmeden atılması tavsiye edilmektedir. eğer doktor ""sadece şikâyetin olduğunda al"" dediyse ve reçeteye 28'lik bir tane yazdıysa uzun zaman sonra gelen ilk şikâyet ettirici durum ""acabâ kutuyu açmaya değer mi ?"" sorusunu akla getirir.  akla gelen diğer bir soru da bu tür ilaçların neden  blister  denen, her tableti birbirinden ayıran ambalaj biçimi ile ambalajlanmayıp plastik şişelere doldurulduğudur.",eksisozluk
lansoprazol,(bkz:  proton pompası inhibitörü ) (bkz:  pantoprazol ),eksisozluk
lansoprazol,"artık eskisi gibi tercih edilmeyen, müstahzarı lansor olarak bilinen proton pompası inhibitörlerinden(ppi) antiülser aktif madde.artık yerini esomeprazol(nexium) almıştır.",eksisozluk
lansoprazol,* (bkz:  lansor ) bu ilac grubundandır..,eksisozluk
lansoprazol,"bu grup ilaçların  prospektüs lerinde ambalaj açıldıktan sonra 1 ay içinde tüketilmesi, 1 ay sonunda kalan ilaçların tüketilmeden atılması tavsiye edilmektedir. eğer doktor ""sadece şikâyetin olduğunda al"" dediyse ve reçeteye 28'lik bir tane yazdıysa uzun zaman sonra gelen ilk şikâyet ettirici durum ""acabâ kutuyu açmaya değer mi ?"" sorusunu akla getirir.  akla gelen diğer bir soru da bu tür ilaçların neden  blister  denen, her tableti birbirinden ayıran ambalaj biçimi ile ambalajlanmayıp plastik şişelere doldurulduğudur.",eksisozluk
lansoprazol,(bkz:  proton pompası inhibitörü ) (bkz:  pantoprazol ),eksisozluk
lansoprazol,"artık eskisi gibi tercih edilmeyen, müstahzarı lansor olarak bilinen proton pompası inhibitörlerinden(ppi) antiülser aktif madde.artık yerini esomeprazol(nexium) almıştır.",eksisozluk
lansoprazol,* (bkz:  lansor ) bu ilac grubundandır..,eksisozluk
lansoprazol,"bu grup ilaçların  prospektüs lerinde ambalaj açıldıktan sonra 1 ay içinde tüketilmesi, 1 ay sonunda kalan ilaçların tüketilmeden atılması tavsiye edilmektedir. eğer doktor ""sadece şikâyetin olduğunda al"" dediyse ve reçeteye 28'lik bir tane yazdıysa uzun zaman sonra gelen ilk şikâyet ettirici durum ""acabâ kutuyu açmaya değer mi ?"" sorusunu akla getirir.  akla gelen diğer bir soru da bu tür ilaçların neden  blister  denen, her tableti birbirinden ayıran ambalaj biçimi ile ambalajlanmayıp plastik şişelere doldurulduğudur.",eksisozluk
lansoprazol,(bkz:  proton pompası inhibitörü ) (bkz:  pantoprazol ),eksisozluk
lansoprazol,"artık eskisi gibi tercih edilmeyen, müstahzarı lansor olarak bilinen proton pompası inhibitörlerinden(ppi) antiülser aktif madde.artık yerini esomeprazol(nexium) almıştır.",eksisozluk
lansoprazol,* (bkz:  lansor ) bu ilac grubundandır..,eksisozluk
lansoprazol,"bu grup ilaçların  prospektüs lerinde ambalaj açıldıktan sonra 1 ay içinde tüketilmesi, 1 ay sonunda kalan ilaçların tüketilmeden atılması tavsiye edilmektedir. eğer doktor ""sadece şikâyetin olduğunda al"" dediyse ve reçeteye 28'lik bir tane yazdıysa uzun zaman sonra gelen ilk şikâyet ettirici durum ""acabâ kutuyu açmaya değer mi ?"" sorusunu akla getirir.  akla gelen diğer bir soru da bu tür ilaçların neden  blister  denen, her tableti birbirinden ayıran ambalaj biçimi ile ambalajlanmayıp plastik şişelere doldurulduğudur.",eksisozluk
lansoprazol,(bkz:  proton pompası inhibitörü ) (bkz:  pantoprazol ),eksisozluk
lansoprazol,"artık eskisi gibi tercih edilmeyen, müstahzarı lansor olarak bilinen proton pompası inhibitörlerinden(ppi) antiülser aktif madde.artık yerini esomeprazol(nexium) almıştır.",eksisozluk
lansoprazol,* (bkz:  lansor ) bu ilac grubundandır..,eksisozluk
lansoprazol,"bu grup ilaçların  prospektüs lerinde ambalaj açıldıktan sonra 1 ay içinde tüketilmesi, 1 ay sonunda kalan ilaçların tüketilmeden atılması tavsiye edilmektedir. eğer doktor ""sadece şikâyetin olduğunda al"" dediyse ve reçeteye 28'lik bir tane yazdıysa uzun zaman sonra gelen ilk şikâyet ettirici durum ""acabâ kutuyu açmaya değer mi ?"" sorusunu akla getirir.  akla gelen diğer bir soru da bu tür ilaçların neden  blister  denen, her tableti birbirinden ayıran ambalaj biçimi ile ambalajlanmayıp plastik şişelere doldurulduğudur.",eksisozluk
lansoprazol,(bkz:  proton pompası inhibitörü ) (bkz:  pantoprazol ),eksisozluk
lansoprazol,"artık eskisi gibi tercih edilmeyen, müstahzarı lansor olarak bilinen proton pompası inhibitörlerinden(ppi) antiülser aktif madde.artık yerini esomeprazol(nexium) almıştır.",eksisozluk
lansoprazol,* (bkz:  lansor ) bu ilac grubundandır..,eksisozluk
lansoprazol,"bu grup ilaçların  prospektüs lerinde ambalaj açıldıktan sonra 1 ay içinde tüketilmesi, 1 ay sonunda kalan ilaçların tüketilmeden atılması tavsiye edilmektedir. eğer doktor ""sadece şikâyetin olduğunda al"" dediyse ve reçeteye 28'lik bir tane yazdıysa uzun zaman sonra gelen ilk şikâyet ettirici durum ""acabâ kutuyu açmaya değer mi ?"" sorusunu akla getirir.  akla gelen diğer bir soru da bu tür ilaçların neden  blister  denen, her tableti birbirinden ayıran ambalaj biçimi ile ambalajlanmayıp plastik şişelere doldurulduğudur.",eksisozluk
lansoprazol,(bkz:  proton pompası inhibitörü ) (bkz:  pantoprazol ),eksisozluk
lansoprazol,"artık eskisi gibi tercih edilmeyen, müstahzarı lansor olarak bilinen proton pompası inhibitörlerinden(ppi) antiülser aktif madde.artık yerini esomeprazol(nexium) almıştır.",eksisozluk
lansoprazol,* (bkz:  lansor ) bu ilac grubundandır..,eksisozluk
lansoprazol,"bu grup ilaçların  prospektüs lerinde ambalaj açıldıktan sonra 1 ay içinde tüketilmesi, 1 ay sonunda kalan ilaçların tüketilmeden atılması tavsiye edilmektedir. eğer doktor ""sadece şikâyetin olduğunda al"" dediyse ve reçeteye 28'lik bir tane yazdıysa uzun zaman sonra gelen ilk şikâyet ettirici durum ""acabâ kutuyu açmaya değer mi ?"" sorusunu akla getirir.  akla gelen diğer bir soru da bu tür ilaçların neden  blister  denen, her tableti birbirinden ayıran ambalaj biçimi ile ambalajlanmayıp plastik şişelere doldurulduğudur.",eksisozluk
lansoprazol,(bkz:  proton pompası inhibitörü ) (bkz:  pantoprazol ),eksisozluk
lansoprazol,"artık eskisi gibi tercih edilmeyen, müstahzarı lansor olarak bilinen proton pompası inhibitörlerinden(ppi) antiülser aktif madde.artık yerini esomeprazol(nexium) almıştır.",eksisozluk
lansoprazol,* (bkz:  lansor ) bu ilac grubundandır..,eksisozluk
lansoprazol,"bu grup ilaçların  prospektüs lerinde ambalaj açıldıktan sonra 1 ay içinde tüketilmesi, 1 ay sonunda kalan ilaçların tüketilmeden atılması tavsiye edilmektedir. eğer doktor ""sadece şikâyetin olduğunda al"" dediyse ve reçeteye 28'lik bir tane yazdıysa uzun zaman sonra gelen ilk şikâyet ettirici durum ""acabâ kutuyu açmaya değer mi ?"" sorusunu akla getirir.  akla gelen diğer bir soru da bu tür ilaçların neden  blister  denen, her tableti birbirinden ayıran ambalaj biçimi ile ambalajlanmayıp plastik şişelere doldurulduğudur.",eksisozluk
lansoprazol,(bkz:  proton pompası inhibitörü ) (bkz:  pantoprazol ),eksisozluk
lansoprazol,"artık eskisi gibi tercih edilmeyen, müstahzarı lansor olarak bilinen proton pompası inhibitörlerinden(ppi) antiülser aktif madde.artık yerini esomeprazol(nexium) almıştır.",eksisozluk
lansoprazol,* (bkz:  lansor ) bu ilac grubundandır..,eksisozluk
lansoprazol,"bu grup ilaçların  prospektüs lerinde ambalaj açıldıktan sonra 1 ay içinde tüketilmesi, 1 ay sonunda kalan ilaçların tüketilmeden atılması tavsiye edilmektedir. eğer doktor ""sadece şikâyetin olduğunda al"" dediyse ve reçeteye 28'lik bir tane yazdıysa uzun zaman sonra gelen ilk şikâyet ettirici durum ""acabâ kutuyu açmaya değer mi ?"" sorusunu akla getirir.  akla gelen diğer bir soru da bu tür ilaçların neden  blister  denen, her tableti birbirinden ayıran ambalaj biçimi ile ambalajlanmayıp plastik şişelere doldurulduğudur.",eksisozluk
lansoprazol,(bkz:  proton pompası inhibitörü ) (bkz:  pantoprazol ),eksisozluk
lansoprazol,"artık eskisi gibi tercih edilmeyen, müstahzarı lansor olarak bilinen proton pompası inhibitörlerinden(ppi) antiülser aktif madde.artık yerini esomeprazol(nexium) almıştır.",eksisozluk
lansoprazol,* (bkz:  lansor ) bu ilac grubundandır..,eksisozluk
lansoprazol,"bu grup ilaçların  prospektüs lerinde ambalaj açıldıktan sonra 1 ay içinde tüketilmesi, 1 ay sonunda kalan ilaçların tüketilmeden atılması tavsiye edilmektedir. eğer doktor ""sadece şikâyetin olduğunda al"" dediyse ve reçeteye 28'lik bir tane yazdıysa uzun zaman sonra gelen ilk şikâyet ettirici durum ""acabâ kutuyu açmaya değer mi ?"" sorusunu akla getirir.  akla gelen diğer bir soru da bu tür ilaçların neden  blister  denen, her tableti birbirinden ayıran ambalaj biçimi ile ambalajlanmayıp plastik şişelere doldurulduğudur.",eksisozluk
lansoprazol,(bkz:  proton pompası inhibitörü ) (bkz:  pantoprazol ),eksisozluk
lansoprazol,"artık eskisi gibi tercih edilmeyen, müstahzarı lansor olarak bilinen proton pompası inhibitörlerinden(ppi) antiülser aktif madde.artık yerini esomeprazol(nexium) almıştır.",eksisozluk
lansoprazol,* (bkz:  lansor ) bu ilac grubundandır..,eksisozluk
lansoprazol,"bu grup ilaçların  prospektüs lerinde ambalaj açıldıktan sonra 1 ay içinde tüketilmesi, 1 ay sonunda kalan ilaçların tüketilmeden atılması tavsiye edilmektedir. eğer doktor ""sadece şikâyetin olduğunda al"" dediyse ve reçeteye 28'lik bir tane yazdıysa uzun zaman sonra gelen ilk şikâyet ettirici durum ""acabâ kutuyu açmaya değer mi ?"" sorusunu akla getirir.  akla gelen diğer bir soru da bu tür ilaçların neden  blister  denen, her tableti birbirinden ayıran ambalaj biçimi ile ambalajlanmayıp plastik şişelere doldurulduğudur.",eksisozluk
lansoprazol,(bkz:  proton pompası inhibitörü ) (bkz:  pantoprazol ),eksisozluk
lansoprazol,"artık eskisi gibi tercih edilmeyen, müstahzarı lansor olarak bilinen proton pompası inhibitörlerinden(ppi) antiülser aktif madde.artık yerini esomeprazol(nexium) almıştır.",eksisozluk
omeprazol,"aktif maddesinin bulunduğu ilaçlar demeprazol (deva) , omeprazid (nobel) , omeprol (sandoz) ve prosek (eczacıbaşı) dir. midede çözünmemesi için enterik kaplanan mikropelletlerin kapsüllenmesi ile ilaç haline gelirler.",eksisozluk
omeprazol,reflü  ve  ülser  tedavisinde genelde bu maddenin bulunduğu ilaçlar kullanılır.,eksisozluk
omeprazol,midenin paryetal hücrelerindeki proton pompasını (h-k atpaz) inh ederek midenin asit salgısını azaltarak etki gösteren ilaç.,eksisozluk
omeprazol,"proton pompası inhibitörü  kavramını hayatıma sokan, bu aralar en yakınımda olan, beni en çok koruyan şey, küçük mucizem.",eksisozluk
omeprazol,"doktorun bana 4 kutu birden verdigi, reflu tedavisinde kullanilan ilac.. tam 112 kapsul.. 4 ay bu ilacla yasayacagim.. mideme aniden kramp seklinde giren agrilari kessin de, gerekirse butun omur de iceriz napalim..",eksisozluk
omeprazol,"reflu tedavisinde kullanilamayacak olan aptal urunu ilac. mide asitini zayiflatarak yanmayi anlik olarak gecirir dogru. ancak mide asidi azaldikca reflu sikayetleriniz artacak cunku gastroezofagal kapakcik dusuk asidite oldugu zaman kapanmaz, boylece mide asidi daha fazla kacak yapar.  ayni zamanda ne kadar zayif mide asidi, o kadar dusuk protein yikimi, b12, d vitamini, demir ve magnezyum gibi mikroelementlerin dusuk/kotu sindirimi demektir. bu emikroelementlerin sindirilememesi ise cok ciddi problemler yaratir.",eksisozluk
omeprazol,"proton pompa inhibitörüdür gastroözefagial reflü hastalarında kullanılır proton pompa inhibitörleri (ppi), mide parietal hücrelerindeki h?/k? atpaz enzimini inhibe ederek mide asidinin salgılanmasını azaltır. bu sayede mide içeriğinin asiditesi düşer. gastroözefagial reflü hastalığında (gerd), mide asidinin yemek borusuna kaçması sonucu irritasyon ve yanma hissi oluşur. ppi’ler, asit düzeyini azaltarak özofagus mukozasını korur, semptomları hafifletir ve iyileşmeyi destekler. diğer asit baskılayıcılara göre daha güçlü ve uzun süreli etki gösterirler. bu nedenle reflü tedavisinde birinci basamak ilaçlar arasında yer alırlar.",eksisozluk
omeprazol,"aktif maddesinin bulunduğu ilaçlar demeprazol (deva) , omeprazid (nobel) , omeprol (sandoz) ve prosek (eczacıbaşı) dir. midede çözünmemesi için enterik kaplanan mikropelletlerin kapsüllenmesi ile ilaç haline gelirler.",eksisozluk
omeprazol,reflü  ve  ülser  tedavisinde genelde bu maddenin bulunduğu ilaçlar kullanılır.,eksisozluk
omeprazol,midenin paryetal hücrelerindeki proton pompasını (h-k atpaz) inh ederek midenin asit salgısını azaltarak etki gösteren ilaç.,eksisozluk
omeprazol,"proton pompası inhibitörü  kavramını hayatıma sokan, bu aralar en yakınımda olan, beni en çok koruyan şey, küçük mucizem.",eksisozluk
omeprazol,"doktorun bana 4 kutu birden verdigi, reflu tedavisinde kullanilan ilac.. tam 112 kapsul.. 4 ay bu ilacla yasayacagim.. mideme aniden kramp seklinde giren agrilari kessin de, gerekirse butun omur de iceriz napalim..",eksisozluk
omeprazol,"reflu tedavisinde kullanilamayacak olan aptal urunu ilac. mide asitini zayiflatarak yanmayi anlik olarak gecirir dogru. ancak mide asidi azaldikca reflu sikayetleriniz artacak cunku gastroezofagal kapakcik dusuk asidite oldugu zaman kapanmaz, boylece mide asidi daha fazla kacak yapar.  ayni zamanda ne kadar zayif mide asidi, o kadar dusuk protein yikimi, b12, d vitamini, demir ve magnezyum gibi mikroelementlerin dusuk/kotu sindirimi demektir. bu emikroelementlerin sindirilememesi ise cok ciddi problemler yaratir.",eksisozluk
omeprazol,"proton pompa inhibitörüdür gastroözefagial reflü hastalarında kullanılır proton pompa inhibitörleri (ppi), mide parietal hücrelerindeki h?/k? atpaz enzimini inhibe ederek mide asidinin salgılanmasını azaltır. bu sayede mide içeriğinin asiditesi düşer. gastroözefagial reflü hastalığında (gerd), mide asidinin yemek borusuna kaçması sonucu irritasyon ve yanma hissi oluşur. ppi’ler, asit düzeyini azaltarak özofagus mukozasını korur, semptomları hafifletir ve iyileşmeyi destekler. diğer asit baskılayıcılara göre daha güçlü ve uzun süreli etki gösterirler. bu nedenle reflü tedavisinde birinci basamak ilaçlar arasında yer alırlar.",eksisozluk
omeprazol,"aktif maddesinin bulunduğu ilaçlar demeprazol (deva) , omeprazid (nobel) , omeprol (sandoz) ve prosek (eczacıbaşı) dir. midede çözünmemesi için enterik kaplanan mikropelletlerin kapsüllenmesi ile ilaç haline gelirler.",eksisozluk
omeprazol,reflü  ve  ülser  tedavisinde genelde bu maddenin bulunduğu ilaçlar kullanılır.,eksisozluk
omeprazol,midenin paryetal hücrelerindeki proton pompasını (h-k atpaz) inh ederek midenin asit salgısını azaltarak etki gösteren ilaç.,eksisozluk
omeprazol,"proton pompası inhibitörü  kavramını hayatıma sokan, bu aralar en yakınımda olan, beni en çok koruyan şey, küçük mucizem.",eksisozluk
omeprazol,"doktorun bana 4 kutu birden verdigi, reflu tedavisinde kullanilan ilac.. tam 112 kapsul.. 4 ay bu ilacla yasayacagim.. mideme aniden kramp seklinde giren agrilari kessin de, gerekirse butun omur de iceriz napalim..",eksisozluk
omeprazol,"reflu tedavisinde kullanilamayacak olan aptal urunu ilac. mide asitini zayiflatarak yanmayi anlik olarak gecirir dogru. ancak mide asidi azaldikca reflu sikayetleriniz artacak cunku gastroezofagal kapakcik dusuk asidite oldugu zaman kapanmaz, boylece mide asidi daha fazla kacak yapar.  ayni zamanda ne kadar zayif mide asidi, o kadar dusuk protein yikimi, b12, d vitamini, demir ve magnezyum gibi mikroelementlerin dusuk/kotu sindirimi demektir. bu emikroelementlerin sindirilememesi ise cok ciddi problemler yaratir.",eksisozluk
omeprazol,"proton pompa inhibitörüdür gastroözefagial reflü hastalarında kullanılır proton pompa inhibitörleri (ppi), mide parietal hücrelerindeki h?/k? atpaz enzimini inhibe ederek mide asidinin salgılanmasını azaltır. bu sayede mide içeriğinin asiditesi düşer. gastroözefagial reflü hastalığında (gerd), mide asidinin yemek borusuna kaçması sonucu irritasyon ve yanma hissi oluşur. ppi’ler, asit düzeyini azaltarak özofagus mukozasını korur, semptomları hafifletir ve iyileşmeyi destekler. diğer asit baskılayıcılara göre daha güçlü ve uzun süreli etki gösterirler. bu nedenle reflü tedavisinde birinci basamak ilaçlar arasında yer alırlar.",eksisozluk
omeprazol,"aktif maddesinin bulunduğu ilaçlar demeprazol (deva) , omeprazid (nobel) , omeprol (sandoz) ve prosek (eczacıbaşı) dir. midede çözünmemesi için enterik kaplanan mikropelletlerin kapsüllenmesi ile ilaç haline gelirler.",eksisozluk
omeprazol,reflü  ve  ülser  tedavisinde genelde bu maddenin bulunduğu ilaçlar kullanılır.,eksisozluk
omeprazol,midenin paryetal hücrelerindeki proton pompasını (h-k atpaz) inh ederek midenin asit salgısını azaltarak etki gösteren ilaç.,eksisozluk
omeprazol,"proton pompası inhibitörü  kavramını hayatıma sokan, bu aralar en yakınımda olan, beni en çok koruyan şey, küçük mucizem.",eksisozluk
omeprazol,"doktorun bana 4 kutu birden verdigi, reflu tedavisinde kullanilan ilac.. tam 112 kapsul.. 4 ay bu ilacla yasayacagim.. mideme aniden kramp seklinde giren agrilari kessin de, gerekirse butun omur de iceriz napalim..",eksisozluk
omeprazol,"reflu tedavisinde kullanilamayacak olan aptal urunu ilac. mide asitini zayiflatarak yanmayi anlik olarak gecirir dogru. ancak mide asidi azaldikca reflu sikayetleriniz artacak cunku gastroezofagal kapakcik dusuk asidite oldugu zaman kapanmaz, boylece mide asidi daha fazla kacak yapar.  ayni zamanda ne kadar zayif mide asidi, o kadar dusuk protein yikimi, b12, d vitamini, demir ve magnezyum gibi mikroelementlerin dusuk/kotu sindirimi demektir. bu emikroelementlerin sindirilememesi ise cok ciddi problemler yaratir.",eksisozluk
omeprazol,"proton pompa inhibitörüdür gastroözefagial reflü hastalarında kullanılır proton pompa inhibitörleri (ppi), mide parietal hücrelerindeki h?/k? atpaz enzimini inhibe ederek mide asidinin salgılanmasını azaltır. bu sayede mide içeriğinin asiditesi düşer. gastroözefagial reflü hastalığında (gerd), mide asidinin yemek borusuna kaçması sonucu irritasyon ve yanma hissi oluşur. ppi’ler, asit düzeyini azaltarak özofagus mukozasını korur, semptomları hafifletir ve iyileşmeyi destekler. diğer asit baskılayıcılara göre daha güçlü ve uzun süreli etki gösterirler. bu nedenle reflü tedavisinde birinci basamak ilaçlar arasında yer alırlar.",eksisozluk
omeprazol,"aktif maddesinin bulunduğu ilaçlar demeprazol (deva) , omeprazid (nobel) , omeprol (sandoz) ve prosek (eczacıbaşı) dir. midede çözünmemesi için enterik kaplanan mikropelletlerin kapsüllenmesi ile ilaç haline gelirler.",eksisozluk
omeprazol,reflü  ve  ülser  tedavisinde genelde bu maddenin bulunduğu ilaçlar kullanılır.,eksisozluk
omeprazol,midenin paryetal hücrelerindeki proton pompasını (h-k atpaz) inh ederek midenin asit salgısını azaltarak etki gösteren ilaç.,eksisozluk
omeprazol,"proton pompası inhibitörü  kavramını hayatıma sokan, bu aralar en yakınımda olan, beni en çok koruyan şey, küçük mucizem.",eksisozluk
omeprazol,"doktorun bana 4 kutu birden verdigi, reflu tedavisinde kullanilan ilac.. tam 112 kapsul.. 4 ay bu ilacla yasayacagim.. mideme aniden kramp seklinde giren agrilari kessin de, gerekirse butun omur de iceriz napalim..",eksisozluk
omeprazol,"reflu tedavisinde kullanilamayacak olan aptal urunu ilac. mide asitini zayiflatarak yanmayi anlik olarak gecirir dogru. ancak mide asidi azaldikca reflu sikayetleriniz artacak cunku gastroezofagal kapakcik dusuk asidite oldugu zaman kapanmaz, boylece mide asidi daha fazla kacak yapar.  ayni zamanda ne kadar zayif mide asidi, o kadar dusuk protein yikimi, b12, d vitamini, demir ve magnezyum gibi mikroelementlerin dusuk/kotu sindirimi demektir. bu emikroelementlerin sindirilememesi ise cok ciddi problemler yaratir.",eksisozluk
omeprazol,"proton pompa inhibitörüdür gastroözefagial reflü hastalarında kullanılır proton pompa inhibitörleri (ppi), mide parietal hücrelerindeki h?/k? atpaz enzimini inhibe ederek mide asidinin salgılanmasını azaltır. bu sayede mide içeriğinin asiditesi düşer. gastroözefagial reflü hastalığında (gerd), mide asidinin yemek borusuna kaçması sonucu irritasyon ve yanma hissi oluşur. ppi’ler, asit düzeyini azaltarak özofagus mukozasını korur, semptomları hafifletir ve iyileşmeyi destekler. diğer asit baskılayıcılara göre daha güçlü ve uzun süreli etki gösterirler. bu nedenle reflü tedavisinde birinci basamak ilaçlar arasında yer alırlar.",eksisozluk
omeprazol,"aktif maddesinin bulunduğu ilaçlar demeprazol (deva) , omeprazid (nobel) , omeprol (sandoz) ve prosek (eczacıbaşı) dir. midede çözünmemesi için enterik kaplanan mikropelletlerin kapsüllenmesi ile ilaç haline gelirler.",eksisozluk
omeprazol,reflü  ve  ülser  tedavisinde genelde bu maddenin bulunduğu ilaçlar kullanılır.,eksisozluk
omeprazol,midenin paryetal hücrelerindeki proton pompasını (h-k atpaz) inh ederek midenin asit salgısını azaltarak etki gösteren ilaç.,eksisozluk
omeprazol,"proton pompası inhibitörü  kavramını hayatıma sokan, bu aralar en yakınımda olan, beni en çok koruyan şey, küçük mucizem.",eksisozluk
omeprazol,"doktorun bana 4 kutu birden verdigi, reflu tedavisinde kullanilan ilac.. tam 112 kapsul.. 4 ay bu ilacla yasayacagim.. mideme aniden kramp seklinde giren agrilari kessin de, gerekirse butun omur de iceriz napalim..",eksisozluk
omeprazol,"reflu tedavisinde kullanilamayacak olan aptal urunu ilac. mide asitini zayiflatarak yanmayi anlik olarak gecirir dogru. ancak mide asidi azaldikca reflu sikayetleriniz artacak cunku gastroezofagal kapakcik dusuk asidite oldugu zaman kapanmaz, boylece mide asidi daha fazla kacak yapar.  ayni zamanda ne kadar zayif mide asidi, o kadar dusuk protein yikimi, b12, d vitamini, demir ve magnezyum gibi mikroelementlerin dusuk/kotu sindirimi demektir. bu emikroelementlerin sindirilememesi ise cok ciddi problemler yaratir.",eksisozluk
omeprazol,"proton pompa inhibitörüdür gastroözefagial reflü hastalarında kullanılır proton pompa inhibitörleri (ppi), mide parietal hücrelerindeki h?/k? atpaz enzimini inhibe ederek mide asidinin salgılanmasını azaltır. bu sayede mide içeriğinin asiditesi düşer. gastroözefagial reflü hastalığında (gerd), mide asidinin yemek borusuna kaçması sonucu irritasyon ve yanma hissi oluşur. ppi’ler, asit düzeyini azaltarak özofagus mukozasını korur, semptomları hafifletir ve iyileşmeyi destekler. diğer asit baskılayıcılara göre daha güçlü ve uzun süreli etki gösterirler. bu nedenle reflü tedavisinde birinci basamak ilaçlar arasında yer alırlar.",eksisozluk
omeprazol,"aktif maddesinin bulunduğu ilaçlar demeprazol (deva) , omeprazid (nobel) , omeprol (sandoz) ve prosek (eczacıbaşı) dir. midede çözünmemesi için enterik kaplanan mikropelletlerin kapsüllenmesi ile ilaç haline gelirler.",eksisozluk
omeprazol,reflü  ve  ülser  tedavisinde genelde bu maddenin bulunduğu ilaçlar kullanılır.,eksisozluk
omeprazol,midenin paryetal hücrelerindeki proton pompasını (h-k atpaz) inh ederek midenin asit salgısını azaltarak etki gösteren ilaç.,eksisozluk
omeprazol,"proton pompası inhibitörü  kavramını hayatıma sokan, bu aralar en yakınımda olan, beni en çok koruyan şey, küçük mucizem.",eksisozluk
omeprazol,"doktorun bana 4 kutu birden verdigi, reflu tedavisinde kullanilan ilac.. tam 112 kapsul.. 4 ay bu ilacla yasayacagim.. mideme aniden kramp seklinde giren agrilari kessin de, gerekirse butun omur de iceriz napalim..",eksisozluk
omeprazol,"reflu tedavisinde kullanilamayacak olan aptal urunu ilac. mide asitini zayiflatarak yanmayi anlik olarak gecirir dogru. ancak mide asidi azaldikca reflu sikayetleriniz artacak cunku gastroezofagal kapakcik dusuk asidite oldugu zaman kapanmaz, boylece mide asidi daha fazla kacak yapar.  ayni zamanda ne kadar zayif mide asidi, o kadar dusuk protein yikimi, b12, d vitamini, demir ve magnezyum gibi mikroelementlerin dusuk/kotu sindirimi demektir. bu emikroelementlerin sindirilememesi ise cok ciddi problemler yaratir.",eksisozluk
omeprazol,"proton pompa inhibitörüdür gastroözefagial reflü hastalarında kullanılır proton pompa inhibitörleri (ppi), mide parietal hücrelerindeki h?/k? atpaz enzimini inhibe ederek mide asidinin salgılanmasını azaltır. bu sayede mide içeriğinin asiditesi düşer. gastroözefagial reflü hastalığında (gerd), mide asidinin yemek borusuna kaçması sonucu irritasyon ve yanma hissi oluşur. ppi’ler, asit düzeyini azaltarak özofagus mukozasını korur, semptomları hafifletir ve iyileşmeyi destekler. diğer asit baskılayıcılara göre daha güçlü ve uzun süreli etki gösterirler. bu nedenle reflü tedavisinde birinci basamak ilaçlar arasında yer alırlar.",eksisozluk
omeprazol,"aktif maddesinin bulunduğu ilaçlar demeprazol (deva) , omeprazid (nobel) , omeprol (sandoz) ve prosek (eczacıbaşı) dir. midede çözünmemesi için enterik kaplanan mikropelletlerin kapsüllenmesi ile ilaç haline gelirler.",eksisozluk
omeprazol,reflü  ve  ülser  tedavisinde genelde bu maddenin bulunduğu ilaçlar kullanılır.,eksisozluk
omeprazol,midenin paryetal hücrelerindeki proton pompasını (h-k atpaz) inh ederek midenin asit salgısını azaltarak etki gösteren ilaç.,eksisozluk
omeprazol,"proton pompası inhibitörü  kavramını hayatıma sokan, bu aralar en yakınımda olan, beni en çok koruyan şey, küçük mucizem.",eksisozluk
omeprazol,"doktorun bana 4 kutu birden verdigi, reflu tedavisinde kullanilan ilac.. tam 112 kapsul.. 4 ay bu ilacla yasayacagim.. mideme aniden kramp seklinde giren agrilari kessin de, gerekirse butun omur de iceriz napalim..",eksisozluk
omeprazol,"reflu tedavisinde kullanilamayacak olan aptal urunu ilac. mide asitini zayiflatarak yanmayi anlik olarak gecirir dogru. ancak mide asidi azaldikca reflu sikayetleriniz artacak cunku gastroezofagal kapakcik dusuk asidite oldugu zaman kapanmaz, boylece mide asidi daha fazla kacak yapar.  ayni zamanda ne kadar zayif mide asidi, o kadar dusuk protein yikimi, b12, d vitamini, demir ve magnezyum gibi mikroelementlerin dusuk/kotu sindirimi demektir. bu emikroelementlerin sindirilememesi ise cok ciddi problemler yaratir.",eksisozluk
omeprazol,"proton pompa inhibitörüdür gastroözefagial reflü hastalarında kullanılır proton pompa inhibitörleri (ppi), mide parietal hücrelerindeki h?/k? atpaz enzimini inhibe ederek mide asidinin salgılanmasını azaltır. bu sayede mide içeriğinin asiditesi düşer. gastroözefagial reflü hastalığında (gerd), mide asidinin yemek borusuna kaçması sonucu irritasyon ve yanma hissi oluşur. ppi’ler, asit düzeyini azaltarak özofagus mukozasını korur, semptomları hafifletir ve iyileşmeyi destekler. diğer asit baskılayıcılara göre daha güçlü ve uzun süreli etki gösterirler. bu nedenle reflü tedavisinde birinci basamak ilaçlar arasında yer alırlar.",eksisozluk
omeprazol,"aktif maddesinin bulunduğu ilaçlar demeprazol (deva) , omeprazid (nobel) , omeprol (sandoz) ve prosek (eczacıbaşı) dir. midede çözünmemesi için enterik kaplanan mikropelletlerin kapsüllenmesi ile ilaç haline gelirler.",eksisozluk
omeprazol,reflü  ve  ülser  tedavisinde genelde bu maddenin bulunduğu ilaçlar kullanılır.,eksisozluk
omeprazol,midenin paryetal hücrelerindeki proton pompasını (h-k atpaz) inh ederek midenin asit salgısını azaltarak etki gösteren ilaç.,eksisozluk
omeprazol,"proton pompası inhibitörü  kavramını hayatıma sokan, bu aralar en yakınımda olan, beni en çok koruyan şey, küçük mucizem.",eksisozluk
omeprazol,"doktorun bana 4 kutu birden verdigi, reflu tedavisinde kullanilan ilac.. tam 112 kapsul.. 4 ay bu ilacla yasayacagim.. mideme aniden kramp seklinde giren agrilari kessin de, gerekirse butun omur de iceriz napalim..",eksisozluk
omeprazol,"reflu tedavisinde kullanilamayacak olan aptal urunu ilac. mide asitini zayiflatarak yanmayi anlik olarak gecirir dogru. ancak mide asidi azaldikca reflu sikayetleriniz artacak cunku gastroezofagal kapakcik dusuk asidite oldugu zaman kapanmaz, boylece mide asidi daha fazla kacak yapar.  ayni zamanda ne kadar zayif mide asidi, o kadar dusuk protein yikimi, b12, d vitamini, demir ve magnezyum gibi mikroelementlerin dusuk/kotu sindirimi demektir. bu emikroelementlerin sindirilememesi ise cok ciddi problemler yaratir.",eksisozluk
omeprazol,"proton pompa inhibitörüdür gastroözefagial reflü hastalarında kullanılır proton pompa inhibitörleri (ppi), mide parietal hücrelerindeki h?/k? atpaz enzimini inhibe ederek mide asidinin salgılanmasını azaltır. bu sayede mide içeriğinin asiditesi düşer. gastroözefagial reflü hastalığında (gerd), mide asidinin yemek borusuna kaçması sonucu irritasyon ve yanma hissi oluşur. ppi’ler, asit düzeyini azaltarak özofagus mukozasını korur, semptomları hafifletir ve iyileşmeyi destekler. diğer asit baskılayıcılara göre daha güçlü ve uzun süreli etki gösterirler. bu nedenle reflü tedavisinde birinci basamak ilaçlar arasında yer alırlar.",eksisozluk
omeprazol,"aktif maddesinin bulunduğu ilaçlar demeprazol (deva) , omeprazid (nobel) , omeprol (sandoz) ve prosek (eczacıbaşı) dir. midede çözünmemesi için enterik kaplanan mikropelletlerin kapsüllenmesi ile ilaç haline gelirler.",eksisozluk
omeprazol,reflü  ve  ülser  tedavisinde genelde bu maddenin bulunduğu ilaçlar kullanılır.,eksisozluk
omeprazol,midenin paryetal hücrelerindeki proton pompasını (h-k atpaz) inh ederek midenin asit salgısını azaltarak etki gösteren ilaç.,eksisozluk
omeprazol,"proton pompası inhibitörü  kavramını hayatıma sokan, bu aralar en yakınımda olan, beni en çok koruyan şey, küçük mucizem.",eksisozluk
omeprazol,"doktorun bana 4 kutu birden verdigi, reflu tedavisinde kullanilan ilac.. tam 112 kapsul.. 4 ay bu ilacla yasayacagim.. mideme aniden kramp seklinde giren agrilari kessin de, gerekirse butun omur de iceriz napalim..",eksisozluk
omeprazol,"reflu tedavisinde kullanilamayacak olan aptal urunu ilac. mide asitini zayiflatarak yanmayi anlik olarak gecirir dogru. ancak mide asidi azaldikca reflu sikayetleriniz artacak cunku gastroezofagal kapakcik dusuk asidite oldugu zaman kapanmaz, boylece mide asidi daha fazla kacak yapar.  ayni zamanda ne kadar zayif mide asidi, o kadar dusuk protein yikimi, b12, d vitamini, demir ve magnezyum gibi mikroelementlerin dusuk/kotu sindirimi demektir. bu emikroelementlerin sindirilememesi ise cok ciddi problemler yaratir.",eksisozluk
omeprazol,"proton pompa inhibitörüdür gastroözefagial reflü hastalarında kullanılır proton pompa inhibitörleri (ppi), mide parietal hücrelerindeki h?/k? atpaz enzimini inhibe ederek mide asidinin salgılanmasını azaltır. bu sayede mide içeriğinin asiditesi düşer. gastroözefagial reflü hastalığında (gerd), mide asidinin yemek borusuna kaçması sonucu irritasyon ve yanma hissi oluşur. ppi’ler, asit düzeyini azaltarak özofagus mukozasını korur, semptomları hafifletir ve iyileşmeyi destekler. diğer asit baskılayıcılara göre daha güçlü ve uzun süreli etki gösterirler. bu nedenle reflü tedavisinde birinci basamak ilaçlar arasında yer alırlar.",eksisozluk
omeprazol,"aktif maddesinin bulunduğu ilaçlar demeprazol (deva) , omeprazid (nobel) , omeprol (sandoz) ve prosek (eczacıbaşı) dir. midede çözünmemesi için enterik kaplanan mikropelletlerin kapsüllenmesi ile ilaç haline gelirler.",eksisozluk
omeprazol,reflü  ve  ülser  tedavisinde genelde bu maddenin bulunduğu ilaçlar kullanılır.,eksisozluk
omeprazol,midenin paryetal hücrelerindeki proton pompasını (h-k atpaz) inh ederek midenin asit salgısını azaltarak etki gösteren ilaç.,eksisozluk
omeprazol,"proton pompası inhibitörü  kavramını hayatıma sokan, bu aralar en yakınımda olan, beni en çok koruyan şey, küçük mucizem.",eksisozluk
omeprazol,"doktorun bana 4 kutu birden verdigi, reflu tedavisinde kullanilan ilac.. tam 112 kapsul.. 4 ay bu ilacla yasayacagim.. mideme aniden kramp seklinde giren agrilari kessin de, gerekirse butun omur de iceriz napalim..",eksisozluk
omeprazol,"reflu tedavisinde kullanilamayacak olan aptal urunu ilac. mide asitini zayiflatarak yanmayi anlik olarak gecirir dogru. ancak mide asidi azaldikca reflu sikayetleriniz artacak cunku gastroezofagal kapakcik dusuk asidite oldugu zaman kapanmaz, boylece mide asidi daha fazla kacak yapar.  ayni zamanda ne kadar zayif mide asidi, o kadar dusuk protein yikimi, b12, d vitamini, demir ve magnezyum gibi mikroelementlerin dusuk/kotu sindirimi demektir. bu emikroelementlerin sindirilememesi ise cok ciddi problemler yaratir.",eksisozluk
omeprazol,"proton pompa inhibitörüdür gastroözefagial reflü hastalarında kullanılır proton pompa inhibitörleri (ppi), mide parietal hücrelerindeki h?/k? atpaz enzimini inhibe ederek mide asidinin salgılanmasını azaltır. bu sayede mide içeriğinin asiditesi düşer. gastroözefagial reflü hastalığında (gerd), mide asidinin yemek borusuna kaçması sonucu irritasyon ve yanma hissi oluşur. ppi’ler, asit düzeyini azaltarak özofagus mukozasını korur, semptomları hafifletir ve iyileşmeyi destekler. diğer asit baskılayıcılara göre daha güçlü ve uzun süreli etki gösterirler. bu nedenle reflü tedavisinde birinci basamak ilaçlar arasında yer alırlar.",eksisozluk
omeprazol,"aktif maddesinin bulunduğu ilaçlar demeprazol (deva) , omeprazid (nobel) , omeprol (sandoz) ve prosek (eczacıbaşı) dir. midede çözünmemesi için enterik kaplanan mikropelletlerin kapsüllenmesi ile ilaç haline gelirler.",eksisozluk
omeprazol,reflü  ve  ülser  tedavisinde genelde bu maddenin bulunduğu ilaçlar kullanılır.,eksisozluk
omeprazol,midenin paryetal hücrelerindeki proton pompasını (h-k atpaz) inh ederek midenin asit salgısını azaltarak etki gösteren ilaç.,eksisozluk
omeprazol,"proton pompası inhibitörü  kavramını hayatıma sokan, bu aralar en yakınımda olan, beni en çok koruyan şey, küçük mucizem.",eksisozluk
omeprazol,"doktorun bana 4 kutu birden verdigi, reflu tedavisinde kullanilan ilac.. tam 112 kapsul.. 4 ay bu ilacla yasayacagim.. mideme aniden kramp seklinde giren agrilari kessin de, gerekirse butun omur de iceriz napalim..",eksisozluk
omeprazol,"reflu tedavisinde kullanilamayacak olan aptal urunu ilac. mide asitini zayiflatarak yanmayi anlik olarak gecirir dogru. ancak mide asidi azaldikca reflu sikayetleriniz artacak cunku gastroezofagal kapakcik dusuk asidite oldugu zaman kapanmaz, boylece mide asidi daha fazla kacak yapar.  ayni zamanda ne kadar zayif mide asidi, o kadar dusuk protein yikimi, b12, d vitamini, demir ve magnezyum gibi mikroelementlerin dusuk/kotu sindirimi demektir. bu emikroelementlerin sindirilememesi ise cok ciddi problemler yaratir.",eksisozluk
omeprazol,"proton pompa inhibitörüdür gastroözefagial reflü hastalarında kullanılır proton pompa inhibitörleri (ppi), mide parietal hücrelerindeki h?/k? atpaz enzimini inhibe ederek mide asidinin salgılanmasını azaltır. bu sayede mide içeriğinin asiditesi düşer. gastroözefagial reflü hastalığında (gerd), mide asidinin yemek borusuna kaçması sonucu irritasyon ve yanma hissi oluşur. ppi’ler, asit düzeyini azaltarak özofagus mukozasını korur, semptomları hafifletir ve iyileşmeyi destekler. diğer asit baskılayıcılara göre daha güçlü ve uzun süreli etki gösterirler. bu nedenle reflü tedavisinde birinci basamak ilaçlar arasında yer alırlar.",eksisozluk
omeprazol,"aktif maddesinin bulunduğu ilaçlar demeprazol (deva) , omeprazid (nobel) , omeprol (sandoz) ve prosek (eczacıbaşı) dir. midede çözünmemesi için enterik kaplanan mikropelletlerin kapsüllenmesi ile ilaç haline gelirler.",eksisozluk
omeprazol,reflü  ve  ülser  tedavisinde genelde bu maddenin bulunduğu ilaçlar kullanılır.,eksisozluk
omeprazol,midenin paryetal hücrelerindeki proton pompasını (h-k atpaz) inh ederek midenin asit salgısını azaltarak etki gösteren ilaç.,eksisozluk
omeprazol,"proton pompası inhibitörü  kavramını hayatıma sokan, bu aralar en yakınımda olan, beni en çok koruyan şey, küçük mucizem.",eksisozluk
omeprazol,"doktorun bana 4 kutu birden verdigi, reflu tedavisinde kullanilan ilac.. tam 112 kapsul.. 4 ay bu ilacla yasayacagim.. mideme aniden kramp seklinde giren agrilari kessin de, gerekirse butun omur de iceriz napalim..",eksisozluk
omeprazol,"reflu tedavisinde kullanilamayacak olan aptal urunu ilac. mide asitini zayiflatarak yanmayi anlik olarak gecirir dogru. ancak mide asidi azaldikca reflu sikayetleriniz artacak cunku gastroezofagal kapakcik dusuk asidite oldugu zaman kapanmaz, boylece mide asidi daha fazla kacak yapar.  ayni zamanda ne kadar zayif mide asidi, o kadar dusuk protein yikimi, b12, d vitamini, demir ve magnezyum gibi mikroelementlerin dusuk/kotu sindirimi demektir. bu emikroelementlerin sindirilememesi ise cok ciddi problemler yaratir.",eksisozluk
omeprazol,"proton pompa inhibitörüdür gastroözefagial reflü hastalarında kullanılır proton pompa inhibitörleri (ppi), mide parietal hücrelerindeki h?/k? atpaz enzimini inhibe ederek mide asidinin salgılanmasını azaltır. bu sayede mide içeriğinin asiditesi düşer. gastroözefagial reflü hastalığında (gerd), mide asidinin yemek borusuna kaçması sonucu irritasyon ve yanma hissi oluşur. ppi’ler, asit düzeyini azaltarak özofagus mukozasını korur, semptomları hafifletir ve iyileşmeyi destekler. diğer asit baskılayıcılara göre daha güçlü ve uzun süreli etki gösterirler. bu nedenle reflü tedavisinde birinci basamak ilaçlar arasında yer alırlar.",eksisozluk
omeprazol,"aktif maddesinin bulunduğu ilaçlar demeprazol (deva) , omeprazid (nobel) , omeprol (sandoz) ve prosek (eczacıbaşı) dir. midede çözünmemesi için enterik kaplanan mikropelletlerin kapsüllenmesi ile ilaç haline gelirler.",eksisozluk
omeprazol,reflü  ve  ülser  tedavisinde genelde bu maddenin bulunduğu ilaçlar kullanılır.,eksisozluk
omeprazol,midenin paryetal hücrelerindeki proton pompasını (h-k atpaz) inh ederek midenin asit salgısını azaltarak etki gösteren ilaç.,eksisozluk
omeprazol,"proton pompası inhibitörü  kavramını hayatıma sokan, bu aralar en yakınımda olan, beni en çok koruyan şey, küçük mucizem.",eksisozluk
omeprazol,"doktorun bana 4 kutu birden verdigi, reflu tedavisinde kullanilan ilac.. tam 112 kapsul.. 4 ay bu ilacla yasayacagim.. mideme aniden kramp seklinde giren agrilari kessin de, gerekirse butun omur de iceriz napalim..",eksisozluk
omeprazol,"reflu tedavisinde kullanilamayacak olan aptal urunu ilac. mide asitini zayiflatarak yanmayi anlik olarak gecirir dogru. ancak mide asidi azaldikca reflu sikayetleriniz artacak cunku gastroezofagal kapakcik dusuk asidite oldugu zaman kapanmaz, boylece mide asidi daha fazla kacak yapar.  ayni zamanda ne kadar zayif mide asidi, o kadar dusuk protein yikimi, b12, d vitamini, demir ve magnezyum gibi mikroelementlerin dusuk/kotu sindirimi demektir. bu emikroelementlerin sindirilememesi ise cok ciddi problemler yaratir.",eksisozluk
omeprazol,"proton pompa inhibitörüdür gastroözefagial reflü hastalarında kullanılır proton pompa inhibitörleri (ppi), mide parietal hücrelerindeki h?/k? atpaz enzimini inhibe ederek mide asidinin salgılanmasını azaltır. bu sayede mide içeriğinin asiditesi düşer. gastroözefagial reflü hastalığında (gerd), mide asidinin yemek borusuna kaçması sonucu irritasyon ve yanma hissi oluşur. ppi’ler, asit düzeyini azaltarak özofagus mukozasını korur, semptomları hafifletir ve iyileşmeyi destekler. diğer asit baskılayıcılara göre daha güçlü ve uzun süreli etki gösterirler. bu nedenle reflü tedavisinde birinci basamak ilaçlar arasında yer alırlar.",eksisozluk
omeprazol,"aktif maddesinin bulunduğu ilaçlar demeprazol (deva) , omeprazid (nobel) , omeprol (sandoz) ve prosek (eczacıbaşı) dir. midede çözünmemesi için enterik kaplanan mikropelletlerin kapsüllenmesi ile ilaç haline gelirler.",eksisozluk
omeprazol,reflü  ve  ülser  tedavisinde genelde bu maddenin bulunduğu ilaçlar kullanılır.,eksisozluk
omeprazol,midenin paryetal hücrelerindeki proton pompasını (h-k atpaz) inh ederek midenin asit salgısını azaltarak etki gösteren ilaç.,eksisozluk
omeprazol,"proton pompası inhibitörü  kavramını hayatıma sokan, bu aralar en yakınımda olan, beni en çok koruyan şey, küçük mucizem.",eksisozluk
omeprazol,"doktorun bana 4 kutu birden verdigi, reflu tedavisinde kullanilan ilac.. tam 112 kapsul.. 4 ay bu ilacla yasayacagim.. mideme aniden kramp seklinde giren agrilari kessin de, gerekirse butun omur de iceriz napalim..",eksisozluk
omeprazol,"reflu tedavisinde kullanilamayacak olan aptal urunu ilac. mide asitini zayiflatarak yanmayi anlik olarak gecirir dogru. ancak mide asidi azaldikca reflu sikayetleriniz artacak cunku gastroezofagal kapakcik dusuk asidite oldugu zaman kapanmaz, boylece mide asidi daha fazla kacak yapar.  ayni zamanda ne kadar zayif mide asidi, o kadar dusuk protein yikimi, b12, d vitamini, demir ve magnezyum gibi mikroelementlerin dusuk/kotu sindirimi demektir. bu emikroelementlerin sindirilememesi ise cok ciddi problemler yaratir.",eksisozluk
omeprazol,"proton pompa inhibitörüdür gastroözefagial reflü hastalarında kullanılır proton pompa inhibitörleri (ppi), mide parietal hücrelerindeki h?/k? atpaz enzimini inhibe ederek mide asidinin salgılanmasını azaltır. bu sayede mide içeriğinin asiditesi düşer. gastroözefagial reflü hastalığında (gerd), mide asidinin yemek borusuna kaçması sonucu irritasyon ve yanma hissi oluşur. ppi’ler, asit düzeyini azaltarak özofagus mukozasını korur, semptomları hafifletir ve iyileşmeyi destekler. diğer asit baskılayıcılara göre daha güçlü ve uzun süreli etki gösterirler. bu nedenle reflü tedavisinde birinci basamak ilaçlar arasında yer alırlar.",eksisozluk
omeprazol,"aktif maddesinin bulunduğu ilaçlar demeprazol (deva) , omeprazid (nobel) , omeprol (sandoz) ve prosek (eczacıbaşı) dir. midede çözünmemesi için enterik kaplanan mikropelletlerin kapsüllenmesi ile ilaç haline gelirler.",eksisozluk
omeprazol,reflü  ve  ülser  tedavisinde genelde bu maddenin bulunduğu ilaçlar kullanılır.,eksisozluk
omeprazol,midenin paryetal hücrelerindeki proton pompasını (h-k atpaz) inh ederek midenin asit salgısını azaltarak etki gösteren ilaç.,eksisozluk
omeprazol,"proton pompası inhibitörü  kavramını hayatıma sokan, bu aralar en yakınımda olan, beni en çok koruyan şey, küçük mucizem.",eksisozluk
omeprazol,"doktorun bana 4 kutu birden verdigi, reflu tedavisinde kullanilan ilac.. tam 112 kapsul.. 4 ay bu ilacla yasayacagim.. mideme aniden kramp seklinde giren agrilari kessin de, gerekirse butun omur de iceriz napalim..",eksisozluk
omeprazol,"reflu tedavisinde kullanilamayacak olan aptal urunu ilac. mide asitini zayiflatarak yanmayi anlik olarak gecirir dogru. ancak mide asidi azaldikca reflu sikayetleriniz artacak cunku gastroezofagal kapakcik dusuk asidite oldugu zaman kapanmaz, boylece mide asidi daha fazla kacak yapar.  ayni zamanda ne kadar zayif mide asidi, o kadar dusuk protein yikimi, b12, d vitamini, demir ve magnezyum gibi mikroelementlerin dusuk/kotu sindirimi demektir. bu emikroelementlerin sindirilememesi ise cok ciddi problemler yaratir.",eksisozluk
omeprazol,"proton pompa inhibitörüdür gastroözefagial reflü hastalarında kullanılır proton pompa inhibitörleri (ppi), mide parietal hücrelerindeki h?/k? atpaz enzimini inhibe ederek mide asidinin salgılanmasını azaltır. bu sayede mide içeriğinin asiditesi düşer. gastroözefagial reflü hastalığında (gerd), mide asidinin yemek borusuna kaçması sonucu irritasyon ve yanma hissi oluşur. ppi’ler, asit düzeyini azaltarak özofagus mukozasını korur, semptomları hafifletir ve iyileşmeyi destekler. diğer asit baskılayıcılara göre daha güçlü ve uzun süreli etki gösterirler. bu nedenle reflü tedavisinde birinci basamak ilaçlar arasında yer alırlar.",eksisozluk
omeprazol,"aktif maddesinin bulunduğu ilaçlar demeprazol (deva) , omeprazid (nobel) , omeprol (sandoz) ve prosek (eczacıbaşı) dir. midede çözünmemesi için enterik kaplanan mikropelletlerin kapsüllenmesi ile ilaç haline gelirler.",eksisozluk
omeprazol,reflü  ve  ülser  tedavisinde genelde bu maddenin bulunduğu ilaçlar kullanılır.,eksisozluk
omeprazol,midenin paryetal hücrelerindeki proton pompasını (h-k atpaz) inh ederek midenin asit salgısını azaltarak etki gösteren ilaç.,eksisozluk
omeprazol,"proton pompası inhibitörü  kavramını hayatıma sokan, bu aralar en yakınımda olan, beni en çok koruyan şey, küçük mucizem.",eksisozluk
omeprazol,"doktorun bana 4 kutu birden verdigi, reflu tedavisinde kullanilan ilac.. tam 112 kapsul.. 4 ay bu ilacla yasayacagim.. mideme aniden kramp seklinde giren agrilari kessin de, gerekirse butun omur de iceriz napalim..",eksisozluk
omeprazol,"reflu tedavisinde kullanilamayacak olan aptal urunu ilac. mide asitini zayiflatarak yanmayi anlik olarak gecirir dogru. ancak mide asidi azaldikca reflu sikayetleriniz artacak cunku gastroezofagal kapakcik dusuk asidite oldugu zaman kapanmaz, boylece mide asidi daha fazla kacak yapar.  ayni zamanda ne kadar zayif mide asidi, o kadar dusuk protein yikimi, b12, d vitamini, demir ve magnezyum gibi mikroelementlerin dusuk/kotu sindirimi demektir. bu emikroelementlerin sindirilememesi ise cok ciddi problemler yaratir.",eksisozluk
omeprazol,"proton pompa inhibitörüdür gastroözefagial reflü hastalarında kullanılır proton pompa inhibitörleri (ppi), mide parietal hücrelerindeki h?/k? atpaz enzimini inhibe ederek mide asidinin salgılanmasını azaltır. bu sayede mide içeriğinin asiditesi düşer. gastroözefagial reflü hastalığında (gerd), mide asidinin yemek borusuna kaçması sonucu irritasyon ve yanma hissi oluşur. ppi’ler, asit düzeyini azaltarak özofagus mukozasını korur, semptomları hafifletir ve iyileşmeyi destekler. diğer asit baskılayıcılara göre daha güçlü ve uzun süreli etki gösterirler. bu nedenle reflü tedavisinde birinci basamak ilaçlar arasında yer alırlar.",eksisozluk
omeprazol,"aktif maddesinin bulunduğu ilaçlar demeprazol (deva) , omeprazid (nobel) , omeprol (sandoz) ve prosek (eczacıbaşı) dir. midede çözünmemesi için enterik kaplanan mikropelletlerin kapsüllenmesi ile ilaç haline gelirler.",eksisozluk
omeprazol,reflü  ve  ülser  tedavisinde genelde bu maddenin bulunduğu ilaçlar kullanılır.,eksisozluk
omeprazol,midenin paryetal hücrelerindeki proton pompasını (h-k atpaz) inh ederek midenin asit salgısını azaltarak etki gösteren ilaç.,eksisozluk
omeprazol,"proton pompası inhibitörü  kavramını hayatıma sokan, bu aralar en yakınımda olan, beni en çok koruyan şey, küçük mucizem.",eksisozluk
omeprazol,"doktorun bana 4 kutu birden verdigi, reflu tedavisinde kullanilan ilac.. tam 112 kapsul.. 4 ay bu ilacla yasayacagim.. mideme aniden kramp seklinde giren agrilari kessin de, gerekirse butun omur de iceriz napalim..",eksisozluk
omeprazol,"reflu tedavisinde kullanilamayacak olan aptal urunu ilac. mide asitini zayiflatarak yanmayi anlik olarak gecirir dogru. ancak mide asidi azaldikca reflu sikayetleriniz artacak cunku gastroezofagal kapakcik dusuk asidite oldugu zaman kapanmaz, boylece mide asidi daha fazla kacak yapar.  ayni zamanda ne kadar zayif mide asidi, o kadar dusuk protein yikimi, b12, d vitamini, demir ve magnezyum gibi mikroelementlerin dusuk/kotu sindirimi demektir. bu emikroelementlerin sindirilememesi ise cok ciddi problemler yaratir.",eksisozluk
omeprazol,"proton pompa inhibitörüdür gastroözefagial reflü hastalarında kullanılır proton pompa inhibitörleri (ppi), mide parietal hücrelerindeki h?/k? atpaz enzimini inhibe ederek mide asidinin salgılanmasını azaltır. bu sayede mide içeriğinin asiditesi düşer. gastroözefagial reflü hastalığında (gerd), mide asidinin yemek borusuna kaçması sonucu irritasyon ve yanma hissi oluşur. ppi’ler, asit düzeyini azaltarak özofagus mukozasını korur, semptomları hafifletir ve iyileşmeyi destekler. diğer asit baskılayıcılara göre daha güçlü ve uzun süreli etki gösterirler. bu nedenle reflü tedavisinde birinci basamak ilaçlar arasında yer alırlar.",eksisozluk
omeprazol,"aktif maddesinin bulunduğu ilaçlar demeprazol (deva) , omeprazid (nobel) , omeprol (sandoz) ve prosek (eczacıbaşı) dir. midede çözünmemesi için enterik kaplanan mikropelletlerin kapsüllenmesi ile ilaç haline gelirler.",eksisozluk
omeprazol,reflü  ve  ülser  tedavisinde genelde bu maddenin bulunduğu ilaçlar kullanılır.,eksisozluk
omeprazol,midenin paryetal hücrelerindeki proton pompasını (h-k atpaz) inh ederek midenin asit salgısını azaltarak etki gösteren ilaç.,eksisozluk
omeprazol,"proton pompası inhibitörü  kavramını hayatıma sokan, bu aralar en yakınımda olan, beni en çok koruyan şey, küçük mucizem.",eksisozluk
omeprazol,"doktorun bana 4 kutu birden verdigi, reflu tedavisinde kullanilan ilac.. tam 112 kapsul.. 4 ay bu ilacla yasayacagim.. mideme aniden kramp seklinde giren agrilari kessin de, gerekirse butun omur de iceriz napalim..",eksisozluk
omeprazol,"reflu tedavisinde kullanilamayacak olan aptal urunu ilac. mide asitini zayiflatarak yanmayi anlik olarak gecirir dogru. ancak mide asidi azaldikca reflu sikayetleriniz artacak cunku gastroezofagal kapakcik dusuk asidite oldugu zaman kapanmaz, boylece mide asidi daha fazla kacak yapar.  ayni zamanda ne kadar zayif mide asidi, o kadar dusuk protein yikimi, b12, d vitamini, demir ve magnezyum gibi mikroelementlerin dusuk/kotu sindirimi demektir. bu emikroelementlerin sindirilememesi ise cok ciddi problemler yaratir.",eksisozluk
omeprazol,"proton pompa inhibitörüdür gastroözefagial reflü hastalarında kullanılır proton pompa inhibitörleri (ppi), mide parietal hücrelerindeki h?/k? atpaz enzimini inhibe ederek mide asidinin salgılanmasını azaltır. bu sayede mide içeriğinin asiditesi düşer. gastroözefagial reflü hastalığında (gerd), mide asidinin yemek borusuna kaçması sonucu irritasyon ve yanma hissi oluşur. ppi’ler, asit düzeyini azaltarak özofagus mukozasını korur, semptomları hafifletir ve iyileşmeyi destekler. diğer asit baskılayıcılara göre daha güçlü ve uzun süreli etki gösterirler. bu nedenle reflü tedavisinde birinci basamak ilaçlar arasında yer alırlar.",eksisozluk
omeprazol,"aktif maddesinin bulunduğu ilaçlar demeprazol (deva) , omeprazid (nobel) , omeprol (sandoz) ve prosek (eczacıbaşı) dir. midede çözünmemesi için enterik kaplanan mikropelletlerin kapsüllenmesi ile ilaç haline gelirler.",eksisozluk
omeprazol,reflü  ve  ülser  tedavisinde genelde bu maddenin bulunduğu ilaçlar kullanılır.,eksisozluk
omeprazol,midenin paryetal hücrelerindeki proton pompasını (h-k atpaz) inh ederek midenin asit salgısını azaltarak etki gösteren ilaç.,eksisozluk
omeprazol,"proton pompası inhibitörü  kavramını hayatıma sokan, bu aralar en yakınımda olan, beni en çok koruyan şey, küçük mucizem.",eksisozluk
omeprazol,"doktorun bana 4 kutu birden verdigi, reflu tedavisinde kullanilan ilac.. tam 112 kapsul.. 4 ay bu ilacla yasayacagim.. mideme aniden kramp seklinde giren agrilari kessin de, gerekirse butun omur de iceriz napalim..",eksisozluk
omeprazol,"reflu tedavisinde kullanilamayacak olan aptal urunu ilac. mide asitini zayiflatarak yanmayi anlik olarak gecirir dogru. ancak mide asidi azaldikca reflu sikayetleriniz artacak cunku gastroezofagal kapakcik dusuk asidite oldugu zaman kapanmaz, boylece mide asidi daha fazla kacak yapar.  ayni zamanda ne kadar zayif mide asidi, o kadar dusuk protein yikimi, b12, d vitamini, demir ve magnezyum gibi mikroelementlerin dusuk/kotu sindirimi demektir. bu emikroelementlerin sindirilememesi ise cok ciddi problemler yaratir.",eksisozluk
omeprazol,"proton pompa inhibitörüdür gastroözefagial reflü hastalarında kullanılır proton pompa inhibitörleri (ppi), mide parietal hücrelerindeki h?/k? atpaz enzimini inhibe ederek mide asidinin salgılanmasını azaltır. bu sayede mide içeriğinin asiditesi düşer. gastroözefagial reflü hastalığında (gerd), mide asidinin yemek borusuna kaçması sonucu irritasyon ve yanma hissi oluşur. ppi’ler, asit düzeyini azaltarak özofagus mukozasını korur, semptomları hafifletir ve iyileşmeyi destekler. diğer asit baskılayıcılara göre daha güçlü ve uzun süreli etki gösterirler. bu nedenle reflü tedavisinde birinci basamak ilaçlar arasında yer alırlar.",eksisozluk
xanax,zanax diye okunan papik.(bkz:  papikci ),eksisozluk
xanax,canavar gibi uyutur walla. genelde antidepresan ilaclarla beraber yardımcı olması baabında verilir. (bkz:  prozac ),eksisozluk
xanax,"ben esrar kullandim 'a benzer bi havada turk gencinin ""ben bunu kullandim, super oldum"" diyerek ovundugu antidepresanlardan biridir. 0.5 mg ve 1mg'lik haplar seklinde yesil receteyle satilir, bagimlilik yapabilir.",eksisozluk
xanax,"beyni meşgul eden gürültü (her türlü kötü algılanan sinyaller) seviyesini azaltarak duyarsızlığı engelleyen, ayrıntıların tekrar algılanmasını sağlayarak depresif etkileri azaltan ilaç. (bendeki etkileri böyle en azından)",eksisozluk
xanax,"ilacın uyşturucu etkisi var insanın psikomotor aktivitesini düşürüyor, beyin hücrelerini öldürüyor.",eksisozluk
xanax,alkolluyken veya degilken almaniz tavsiye edilmeyen ilâc. (bkz:  alkollu sozluk kullanmak ),eksisozluk
xanax,(bkz:  depresyon ) (bkz:  depresyonla yaşamaya alışmak ),eksisozluk
xanax,hiçbi şey yapmıyo.. sadece uyutuyo ..  6 tane de alsan 10 tane de alsan sadece uyutuyo,eksisozluk
xanax,"... yeşil reçete ile satılan ve çabuk bağımlılık yapabilen, doktorlar tarafından insanı güçlü kıldığı belirtilen, bol alkol ile alındığında adamı formatlayan antidepresan.",eksisozluk
xanax,ileri derecede  alzheimer  olaylarında da kullanılması önerilen ilaç,eksisozluk
xanax,zanax diye okunan papik.(bkz:  papikci ),eksisozluk
xanax,canavar gibi uyutur walla. genelde antidepresan ilaclarla beraber yardımcı olması baabında verilir. (bkz:  prozac ),eksisozluk
xanax,"ben esrar kullandim 'a benzer bi havada turk gencinin ""ben bunu kullandim, super oldum"" diyerek ovundugu antidepresanlardan biridir. 0.5 mg ve 1mg'lik haplar seklinde yesil receteyle satilir, bagimlilik yapabilir.",eksisozluk
xanax,"beyni meşgul eden gürültü (her türlü kötü algılanan sinyaller) seviyesini azaltarak duyarsızlığı engelleyen, ayrıntıların tekrar algılanmasını sağlayarak depresif etkileri azaltan ilaç. (bendeki etkileri böyle en azından)",eksisozluk
xanax,"ilacın uyşturucu etkisi var insanın psikomotor aktivitesini düşürüyor, beyin hücrelerini öldürüyor.",eksisozluk
xanax,alkolluyken veya degilken almaniz tavsiye edilmeyen ilâc. (bkz:  alkollu sozluk kullanmak ),eksisozluk
xanax,(bkz:  depresyon ) (bkz:  depresyonla yaşamaya alışmak ),eksisozluk
xanax,hiçbi şey yapmıyo.. sadece uyutuyo ..  6 tane de alsan 10 tane de alsan sadece uyutuyo,eksisozluk
xanax,"... yeşil reçete ile satılan ve çabuk bağımlılık yapabilen, doktorlar tarafından insanı güçlü kıldığı belirtilen, bol alkol ile alındığında adamı formatlayan antidepresan.",eksisozluk
xanax,ileri derecede  alzheimer  olaylarında da kullanılması önerilen ilaç,eksisozluk
xanax,zanax diye okunan papik.(bkz:  papikci ),eksisozluk
xanax,canavar gibi uyutur walla. genelde antidepresan ilaclarla beraber yardımcı olması baabında verilir. (bkz:  prozac ),eksisozluk
xanax,"ben esrar kullandim 'a benzer bi havada turk gencinin ""ben bunu kullandim, super oldum"" diyerek ovundugu antidepresanlardan biridir. 0.5 mg ve 1mg'lik haplar seklinde yesil receteyle satilir, bagimlilik yapabilir.",eksisozluk
xanax,"beyni meşgul eden gürültü (her türlü kötü algılanan sinyaller) seviyesini azaltarak duyarsızlığı engelleyen, ayrıntıların tekrar algılanmasını sağlayarak depresif etkileri azaltan ilaç. (bendeki etkileri böyle en azından)",eksisozluk
xanax,"ilacın uyşturucu etkisi var insanın psikomotor aktivitesini düşürüyor, beyin hücrelerini öldürüyor.",eksisozluk
xanax,alkolluyken veya degilken almaniz tavsiye edilmeyen ilâc. (bkz:  alkollu sozluk kullanmak ),eksisozluk
xanax,(bkz:  depresyon ) (bkz:  depresyonla yaşamaya alışmak ),eksisozluk
xanax,hiçbi şey yapmıyo.. sadece uyutuyo ..  6 tane de alsan 10 tane de alsan sadece uyutuyo,eksisozluk
xanax,"... yeşil reçete ile satılan ve çabuk bağımlılık yapabilen, doktorlar tarafından insanı güçlü kıldığı belirtilen, bol alkol ile alındığında adamı formatlayan antidepresan.",eksisozluk
xanax,ileri derecede  alzheimer  olaylarında da kullanılması önerilen ilaç,eksisozluk
xanax,zanax diye okunan papik.(bkz:  papikci ),eksisozluk
xanax,canavar gibi uyutur walla. genelde antidepresan ilaclarla beraber yardımcı olması baabında verilir. (bkz:  prozac ),eksisozluk
xanax,"ben esrar kullandim 'a benzer bi havada turk gencinin ""ben bunu kullandim, super oldum"" diyerek ovundugu antidepresanlardan biridir. 0.5 mg ve 1mg'lik haplar seklinde yesil receteyle satilir, bagimlilik yapabilir.",eksisozluk
xanax,"beyni meşgul eden gürültü (her türlü kötü algılanan sinyaller) seviyesini azaltarak duyarsızlığı engelleyen, ayrıntıların tekrar algılanmasını sağlayarak depresif etkileri azaltan ilaç. (bendeki etkileri böyle en azından)",eksisozluk
xanax,"ilacın uyşturucu etkisi var insanın psikomotor aktivitesini düşürüyor, beyin hücrelerini öldürüyor.",eksisozluk
xanax,alkolluyken veya degilken almaniz tavsiye edilmeyen ilâc. (bkz:  alkollu sozluk kullanmak ),eksisozluk
xanax,(bkz:  depresyon ) (bkz:  depresyonla yaşamaya alışmak ),eksisozluk
xanax,hiçbi şey yapmıyo.. sadece uyutuyo ..  6 tane de alsan 10 tane de alsan sadece uyutuyo,eksisozluk
xanax,"... yeşil reçete ile satılan ve çabuk bağımlılık yapabilen, doktorlar tarafından insanı güçlü kıldığı belirtilen, bol alkol ile alındığında adamı formatlayan antidepresan.",eksisozluk
xanax,ileri derecede  alzheimer  olaylarında da kullanılması önerilen ilaç,eksisozluk
xanax,zanax diye okunan papik.(bkz:  papikci ),eksisozluk
xanax,canavar gibi uyutur walla. genelde antidepresan ilaclarla beraber yardımcı olması baabında verilir. (bkz:  prozac ),eksisozluk
xanax,"ben esrar kullandim 'a benzer bi havada turk gencinin ""ben bunu kullandim, super oldum"" diyerek ovundugu antidepresanlardan biridir. 0.5 mg ve 1mg'lik haplar seklinde yesil receteyle satilir, bagimlilik yapabilir.",eksisozluk
xanax,"beyni meşgul eden gürültü (her türlü kötü algılanan sinyaller) seviyesini azaltarak duyarsızlığı engelleyen, ayrıntıların tekrar algılanmasını sağlayarak depresif etkileri azaltan ilaç. (bendeki etkileri böyle en azından)",eksisozluk
xanax,"ilacın uyşturucu etkisi var insanın psikomotor aktivitesini düşürüyor, beyin hücrelerini öldürüyor.",eksisozluk
xanax,alkolluyken veya degilken almaniz tavsiye edilmeyen ilâc. (bkz:  alkollu sozluk kullanmak ),eksisozluk
xanax,(bkz:  depresyon ) (bkz:  depresyonla yaşamaya alışmak ),eksisozluk
xanax,hiçbi şey yapmıyo.. sadece uyutuyo ..  6 tane de alsan 10 tane de alsan sadece uyutuyo,eksisozluk
xanax,"... yeşil reçete ile satılan ve çabuk bağımlılık yapabilen, doktorlar tarafından insanı güçlü kıldığı belirtilen, bol alkol ile alındığında adamı formatlayan antidepresan.",eksisozluk
xanax,ileri derecede  alzheimer  olaylarında da kullanılması önerilen ilaç,eksisozluk
xanax,zanax diye okunan papik.(bkz:  papikci ),eksisozluk
xanax,canavar gibi uyutur walla. genelde antidepresan ilaclarla beraber yardımcı olması baabında verilir. (bkz:  prozac ),eksisozluk
xanax,"ben esrar kullandim 'a benzer bi havada turk gencinin ""ben bunu kullandim, super oldum"" diyerek ovundugu antidepresanlardan biridir. 0.5 mg ve 1mg'lik haplar seklinde yesil receteyle satilir, bagimlilik yapabilir.",eksisozluk
xanax,"beyni meşgul eden gürültü (her türlü kötü algılanan sinyaller) seviyesini azaltarak duyarsızlığı engelleyen, ayrıntıların tekrar algılanmasını sağlayarak depresif etkileri azaltan ilaç. (bendeki etkileri böyle en azından)",eksisozluk
xanax,"ilacın uyşturucu etkisi var insanın psikomotor aktivitesini düşürüyor, beyin hücrelerini öldürüyor.",eksisozluk
xanax,alkolluyken veya degilken almaniz tavsiye edilmeyen ilâc. (bkz:  alkollu sozluk kullanmak ),eksisozluk
xanax,(bkz:  depresyon ) (bkz:  depresyonla yaşamaya alışmak ),eksisozluk
xanax,hiçbi şey yapmıyo.. sadece uyutuyo ..  6 tane de alsan 10 tane de alsan sadece uyutuyo,eksisozluk
xanax,"... yeşil reçete ile satılan ve çabuk bağımlılık yapabilen, doktorlar tarafından insanı güçlü kıldığı belirtilen, bol alkol ile alındığında adamı formatlayan antidepresan.",eksisozluk
xanax,ileri derecede  alzheimer  olaylarında da kullanılması önerilen ilaç,eksisozluk
xanax,zanax diye okunan papik.(bkz:  papikci ),eksisozluk
xanax,canavar gibi uyutur walla. genelde antidepresan ilaclarla beraber yardımcı olması baabında verilir. (bkz:  prozac ),eksisozluk
xanax,"ben esrar kullandim 'a benzer bi havada turk gencinin ""ben bunu kullandim, super oldum"" diyerek ovundugu antidepresanlardan biridir. 0.5 mg ve 1mg'lik haplar seklinde yesil receteyle satilir, bagimlilik yapabilir.",eksisozluk
xanax,"beyni meşgul eden gürültü (her türlü kötü algılanan sinyaller) seviyesini azaltarak duyarsızlığı engelleyen, ayrıntıların tekrar algılanmasını sağlayarak depresif etkileri azaltan ilaç. (bendeki etkileri böyle en azından)",eksisozluk
xanax,"ilacın uyşturucu etkisi var insanın psikomotor aktivitesini düşürüyor, beyin hücrelerini öldürüyor.",eksisozluk
xanax,alkolluyken veya degilken almaniz tavsiye edilmeyen ilâc. (bkz:  alkollu sozluk kullanmak ),eksisozluk
xanax,(bkz:  depresyon ) (bkz:  depresyonla yaşamaya alışmak ),eksisozluk
xanax,hiçbi şey yapmıyo.. sadece uyutuyo ..  6 tane de alsan 10 tane de alsan sadece uyutuyo,eksisozluk
xanax,"... yeşil reçete ile satılan ve çabuk bağımlılık yapabilen, doktorlar tarafından insanı güçlü kıldığı belirtilen, bol alkol ile alındığında adamı formatlayan antidepresan.",eksisozluk
xanax,ileri derecede  alzheimer  olaylarında da kullanılması önerilen ilaç,eksisozluk
xanax,zanax diye okunan papik.(bkz:  papikci ),eksisozluk
xanax,canavar gibi uyutur walla. genelde antidepresan ilaclarla beraber yardımcı olması baabında verilir. (bkz:  prozac ),eksisozluk
xanax,"ben esrar kullandim 'a benzer bi havada turk gencinin ""ben bunu kullandim, super oldum"" diyerek ovundugu antidepresanlardan biridir. 0.5 mg ve 1mg'lik haplar seklinde yesil receteyle satilir, bagimlilik yapabilir.",eksisozluk
xanax,"beyni meşgul eden gürültü (her türlü kötü algılanan sinyaller) seviyesini azaltarak duyarsızlığı engelleyen, ayrıntıların tekrar algılanmasını sağlayarak depresif etkileri azaltan ilaç. (bendeki etkileri böyle en azından)",eksisozluk
xanax,"ilacın uyşturucu etkisi var insanın psikomotor aktivitesini düşürüyor, beyin hücrelerini öldürüyor.",eksisozluk
xanax,alkolluyken veya degilken almaniz tavsiye edilmeyen ilâc. (bkz:  alkollu sozluk kullanmak ),eksisozluk
xanax,(bkz:  depresyon ) (bkz:  depresyonla yaşamaya alışmak ),eksisozluk
xanax,hiçbi şey yapmıyo.. sadece uyutuyo ..  6 tane de alsan 10 tane de alsan sadece uyutuyo,eksisozluk
xanax,"... yeşil reçete ile satılan ve çabuk bağımlılık yapabilen, doktorlar tarafından insanı güçlü kıldığı belirtilen, bol alkol ile alındığında adamı formatlayan antidepresan.",eksisozluk
xanax,ileri derecede  alzheimer  olaylarında da kullanılması önerilen ilaç,eksisozluk
xanax,zanax diye okunan papik.(bkz:  papikci ),eksisozluk
xanax,canavar gibi uyutur walla. genelde antidepresan ilaclarla beraber yardımcı olması baabında verilir. (bkz:  prozac ),eksisozluk
xanax,"ben esrar kullandim 'a benzer bi havada turk gencinin ""ben bunu kullandim, super oldum"" diyerek ovundugu antidepresanlardan biridir. 0.5 mg ve 1mg'lik haplar seklinde yesil receteyle satilir, bagimlilik yapabilir.",eksisozluk
xanax,"beyni meşgul eden gürültü (her türlü kötü algılanan sinyaller) seviyesini azaltarak duyarsızlığı engelleyen, ayrıntıların tekrar algılanmasını sağlayarak depresif etkileri azaltan ilaç. (bendeki etkileri böyle en azından)",eksisozluk
xanax,"ilacın uyşturucu etkisi var insanın psikomotor aktivitesini düşürüyor, beyin hücrelerini öldürüyor.",eksisozluk
xanax,alkolluyken veya degilken almaniz tavsiye edilmeyen ilâc. (bkz:  alkollu sozluk kullanmak ),eksisozluk
xanax,(bkz:  depresyon ) (bkz:  depresyonla yaşamaya alışmak ),eksisozluk
xanax,hiçbi şey yapmıyo.. sadece uyutuyo ..  6 tane de alsan 10 tane de alsan sadece uyutuyo,eksisozluk
xanax,"... yeşil reçete ile satılan ve çabuk bağımlılık yapabilen, doktorlar tarafından insanı güçlü kıldığı belirtilen, bol alkol ile alındığında adamı formatlayan antidepresan.",eksisozluk
xanax,ileri derecede  alzheimer  olaylarında da kullanılması önerilen ilaç,eksisozluk
xanax,zanax diye okunan papik.(bkz:  papikci ),eksisozluk
xanax,canavar gibi uyutur walla. genelde antidepresan ilaclarla beraber yardımcı olması baabında verilir. (bkz:  prozac ),eksisozluk
xanax,"ben esrar kullandim 'a benzer bi havada turk gencinin ""ben bunu kullandim, super oldum"" diyerek ovundugu antidepresanlardan biridir. 0.5 mg ve 1mg'lik haplar seklinde yesil receteyle satilir, bagimlilik yapabilir.",eksisozluk
xanax,"beyni meşgul eden gürültü (her türlü kötü algılanan sinyaller) seviyesini azaltarak duyarsızlığı engelleyen, ayrıntıların tekrar algılanmasını sağlayarak depresif etkileri azaltan ilaç. (bendeki etkileri böyle en azından)",eksisozluk
xanax,"ilacın uyşturucu etkisi var insanın psikomotor aktivitesini düşürüyor, beyin hücrelerini öldürüyor.",eksisozluk
xanax,alkolluyken veya degilken almaniz tavsiye edilmeyen ilâc. (bkz:  alkollu sozluk kullanmak ),eksisozluk
xanax,(bkz:  depresyon ) (bkz:  depresyonla yaşamaya alışmak ),eksisozluk
xanax,hiçbi şey yapmıyo.. sadece uyutuyo ..  6 tane de alsan 10 tane de alsan sadece uyutuyo,eksisozluk
xanax,"... yeşil reçete ile satılan ve çabuk bağımlılık yapabilen, doktorlar tarafından insanı güçlü kıldığı belirtilen, bol alkol ile alındığında adamı formatlayan antidepresan.",eksisozluk
xanax,ileri derecede  alzheimer  olaylarında da kullanılması önerilen ilaç,eksisozluk
xanax,zanax diye okunan papik.(bkz:  papikci ),eksisozluk
xanax,canavar gibi uyutur walla. genelde antidepresan ilaclarla beraber yardımcı olması baabında verilir. (bkz:  prozac ),eksisozluk
xanax,"ben esrar kullandim 'a benzer bi havada turk gencinin ""ben bunu kullandim, super oldum"" diyerek ovundugu antidepresanlardan biridir. 0.5 mg ve 1mg'lik haplar seklinde yesil receteyle satilir, bagimlilik yapabilir.",eksisozluk
xanax,"beyni meşgul eden gürültü (her türlü kötü algılanan sinyaller) seviyesini azaltarak duyarsızlığı engelleyen, ayrıntıların tekrar algılanmasını sağlayarak depresif etkileri azaltan ilaç. (bendeki etkileri böyle en azından)",eksisozluk
xanax,"ilacın uyşturucu etkisi var insanın psikomotor aktivitesini düşürüyor, beyin hücrelerini öldürüyor.",eksisozluk
xanax,alkolluyken veya degilken almaniz tavsiye edilmeyen ilâc. (bkz:  alkollu sozluk kullanmak ),eksisozluk
xanax,(bkz:  depresyon ) (bkz:  depresyonla yaşamaya alışmak ),eksisozluk
xanax,hiçbi şey yapmıyo.. sadece uyutuyo ..  6 tane de alsan 10 tane de alsan sadece uyutuyo,eksisozluk
xanax,"... yeşil reçete ile satılan ve çabuk bağımlılık yapabilen, doktorlar tarafından insanı güçlü kıldığı belirtilen, bol alkol ile alındığında adamı formatlayan antidepresan.",eksisozluk
xanax,ileri derecede  alzheimer  olaylarında da kullanılması önerilen ilaç,eksisozluk
xanax,zanax diye okunan papik.(bkz:  papikci ),eksisozluk
xanax,canavar gibi uyutur walla. genelde antidepresan ilaclarla beraber yardımcı olması baabında verilir. (bkz:  prozac ),eksisozluk
xanax,"ben esrar kullandim 'a benzer bi havada turk gencinin ""ben bunu kullandim, super oldum"" diyerek ovundugu antidepresanlardan biridir. 0.5 mg ve 1mg'lik haplar seklinde yesil receteyle satilir, bagimlilik yapabilir.",eksisozluk
xanax,"beyni meşgul eden gürültü (her türlü kötü algılanan sinyaller) seviyesini azaltarak duyarsızlığı engelleyen, ayrıntıların tekrar algılanmasını sağlayarak depresif etkileri azaltan ilaç. (bendeki etkileri böyle en azından)",eksisozluk
xanax,"ilacın uyşturucu etkisi var insanın psikomotor aktivitesini düşürüyor, beyin hücrelerini öldürüyor.",eksisozluk
xanax,alkolluyken veya degilken almaniz tavsiye edilmeyen ilâc. (bkz:  alkollu sozluk kullanmak ),eksisozluk
xanax,(bkz:  depresyon ) (bkz:  depresyonla yaşamaya alışmak ),eksisozluk
xanax,hiçbi şey yapmıyo.. sadece uyutuyo ..  6 tane de alsan 10 tane de alsan sadece uyutuyo,eksisozluk
xanax,"... yeşil reçete ile satılan ve çabuk bağımlılık yapabilen, doktorlar tarafından insanı güçlü kıldığı belirtilen, bol alkol ile alındığında adamı formatlayan antidepresan.",eksisozluk
xanax,ileri derecede  alzheimer  olaylarında da kullanılması önerilen ilaç,eksisozluk
xanax,zanax diye okunan papik.(bkz:  papikci ),eksisozluk
xanax,canavar gibi uyutur walla. genelde antidepresan ilaclarla beraber yardımcı olması baabında verilir. (bkz:  prozac ),eksisozluk
xanax,"ben esrar kullandim 'a benzer bi havada turk gencinin ""ben bunu kullandim, super oldum"" diyerek ovundugu antidepresanlardan biridir. 0.5 mg ve 1mg'lik haplar seklinde yesil receteyle satilir, bagimlilik yapabilir.",eksisozluk
xanax,"beyni meşgul eden gürültü (her türlü kötü algılanan sinyaller) seviyesini azaltarak duyarsızlığı engelleyen, ayrıntıların tekrar algılanmasını sağlayarak depresif etkileri azaltan ilaç. (bendeki etkileri böyle en azından)",eksisozluk
xanax,"ilacın uyşturucu etkisi var insanın psikomotor aktivitesini düşürüyor, beyin hücrelerini öldürüyor.",eksisozluk
xanax,alkolluyken veya degilken almaniz tavsiye edilmeyen ilâc. (bkz:  alkollu sozluk kullanmak ),eksisozluk
xanax,(bkz:  depresyon ) (bkz:  depresyonla yaşamaya alışmak ),eksisozluk
xanax,hiçbi şey yapmıyo.. sadece uyutuyo ..  6 tane de alsan 10 tane de alsan sadece uyutuyo,eksisozluk
xanax,"... yeşil reçete ile satılan ve çabuk bağımlılık yapabilen, doktorlar tarafından insanı güçlü kıldığı belirtilen, bol alkol ile alındığında adamı formatlayan antidepresan.",eksisozluk
xanax,ileri derecede  alzheimer  olaylarında da kullanılması önerilen ilaç,eksisozluk
xanax,zanax diye okunan papik.(bkz:  papikci ),eksisozluk
xanax,canavar gibi uyutur walla. genelde antidepresan ilaclarla beraber yardımcı olması baabında verilir. (bkz:  prozac ),eksisozluk
xanax,"ben esrar kullandim 'a benzer bi havada turk gencinin ""ben bunu kullandim, super oldum"" diyerek ovundugu antidepresanlardan biridir. 0.5 mg ve 1mg'lik haplar seklinde yesil receteyle satilir, bagimlilik yapabilir.",eksisozluk
xanax,"beyni meşgul eden gürültü (her türlü kötü algılanan sinyaller) seviyesini azaltarak duyarsızlığı engelleyen, ayrıntıların tekrar algılanmasını sağlayarak depresif etkileri azaltan ilaç. (bendeki etkileri böyle en azından)",eksisozluk
xanax,"ilacın uyşturucu etkisi var insanın psikomotor aktivitesini düşürüyor, beyin hücrelerini öldürüyor.",eksisozluk
xanax,alkolluyken veya degilken almaniz tavsiye edilmeyen ilâc. (bkz:  alkollu sozluk kullanmak ),eksisozluk
xanax,(bkz:  depresyon ) (bkz:  depresyonla yaşamaya alışmak ),eksisozluk
xanax,hiçbi şey yapmıyo.. sadece uyutuyo ..  6 tane de alsan 10 tane de alsan sadece uyutuyo,eksisozluk
xanax,"... yeşil reçete ile satılan ve çabuk bağımlılık yapabilen, doktorlar tarafından insanı güçlü kıldığı belirtilen, bol alkol ile alındığında adamı formatlayan antidepresan.",eksisozluk
xanax,ileri derecede  alzheimer  olaylarında da kullanılması önerilen ilaç,eksisozluk
xanax,zanax diye okunan papik.(bkz:  papikci ),eksisozluk
xanax,canavar gibi uyutur walla. genelde antidepresan ilaclarla beraber yardımcı olması baabında verilir. (bkz:  prozac ),eksisozluk
xanax,"ben esrar kullandim 'a benzer bi havada turk gencinin ""ben bunu kullandim, super oldum"" diyerek ovundugu antidepresanlardan biridir. 0.5 mg ve 1mg'lik haplar seklinde yesil receteyle satilir, bagimlilik yapabilir.",eksisozluk
xanax,"beyni meşgul eden gürültü (her türlü kötü algılanan sinyaller) seviyesini azaltarak duyarsızlığı engelleyen, ayrıntıların tekrar algılanmasını sağlayarak depresif etkileri azaltan ilaç. (bendeki etkileri böyle en azından)",eksisozluk
xanax,"ilacın uyşturucu etkisi var insanın psikomotor aktivitesini düşürüyor, beyin hücrelerini öldürüyor.",eksisozluk
xanax,alkolluyken veya degilken almaniz tavsiye edilmeyen ilâc. (bkz:  alkollu sozluk kullanmak ),eksisozluk
xanax,(bkz:  depresyon ) (bkz:  depresyonla yaşamaya alışmak ),eksisozluk
xanax,hiçbi şey yapmıyo.. sadece uyutuyo ..  6 tane de alsan 10 tane de alsan sadece uyutuyo,eksisozluk
xanax,"... yeşil reçete ile satılan ve çabuk bağımlılık yapabilen, doktorlar tarafından insanı güçlü kıldığı belirtilen, bol alkol ile alındığında adamı formatlayan antidepresan.",eksisozluk
xanax,ileri derecede  alzheimer  olaylarında da kullanılması önerilen ilaç,eksisozluk
xanax,zanax diye okunan papik.(bkz:  papikci ),eksisozluk
xanax,canavar gibi uyutur walla. genelde antidepresan ilaclarla beraber yardımcı olması baabında verilir. (bkz:  prozac ),eksisozluk
xanax,"ben esrar kullandim 'a benzer bi havada turk gencinin ""ben bunu kullandim, super oldum"" diyerek ovundugu antidepresanlardan biridir. 0.5 mg ve 1mg'lik haplar seklinde yesil receteyle satilir, bagimlilik yapabilir.",eksisozluk
xanax,"beyni meşgul eden gürültü (her türlü kötü algılanan sinyaller) seviyesini azaltarak duyarsızlığı engelleyen, ayrıntıların tekrar algılanmasını sağlayarak depresif etkileri azaltan ilaç. (bendeki etkileri böyle en azından)",eksisozluk
xanax,"ilacın uyşturucu etkisi var insanın psikomotor aktivitesini düşürüyor, beyin hücrelerini öldürüyor.",eksisozluk
xanax,alkolluyken veya degilken almaniz tavsiye edilmeyen ilâc. (bkz:  alkollu sozluk kullanmak ),eksisozluk
xanax,(bkz:  depresyon ) (bkz:  depresyonla yaşamaya alışmak ),eksisozluk
xanax,hiçbi şey yapmıyo.. sadece uyutuyo ..  6 tane de alsan 10 tane de alsan sadece uyutuyo,eksisozluk
xanax,"... yeşil reçete ile satılan ve çabuk bağımlılık yapabilen, doktorlar tarafından insanı güçlü kıldığı belirtilen, bol alkol ile alındığında adamı formatlayan antidepresan.",eksisozluk
xanax,ileri derecede  alzheimer  olaylarında da kullanılması önerilen ilaç,eksisozluk
xanax,zanax diye okunan papik.(bkz:  papikci ),eksisozluk
xanax,canavar gibi uyutur walla. genelde antidepresan ilaclarla beraber yardımcı olması baabında verilir. (bkz:  prozac ),eksisozluk
xanax,"ben esrar kullandim 'a benzer bi havada turk gencinin ""ben bunu kullandim, super oldum"" diyerek ovundugu antidepresanlardan biridir. 0.5 mg ve 1mg'lik haplar seklinde yesil receteyle satilir, bagimlilik yapabilir.",eksisozluk
xanax,"beyni meşgul eden gürültü (her türlü kötü algılanan sinyaller) seviyesini azaltarak duyarsızlığı engelleyen, ayrıntıların tekrar algılanmasını sağlayarak depresif etkileri azaltan ilaç. (bendeki etkileri böyle en azından)",eksisozluk
xanax,"ilacın uyşturucu etkisi var insanın psikomotor aktivitesini düşürüyor, beyin hücrelerini öldürüyor.",eksisozluk
xanax,alkolluyken veya degilken almaniz tavsiye edilmeyen ilâc. (bkz:  alkollu sozluk kullanmak ),eksisozluk
xanax,(bkz:  depresyon ) (bkz:  depresyonla yaşamaya alışmak ),eksisozluk
xanax,hiçbi şey yapmıyo.. sadece uyutuyo ..  6 tane de alsan 10 tane de alsan sadece uyutuyo,eksisozluk
xanax,"... yeşil reçete ile satılan ve çabuk bağımlılık yapabilen, doktorlar tarafından insanı güçlü kıldığı belirtilen, bol alkol ile alındığında adamı formatlayan antidepresan.",eksisozluk
xanax,ileri derecede  alzheimer  olaylarında da kullanılması önerilen ilaç,eksisozluk
xanax,zanax diye okunan papik.(bkz:  papikci ),eksisozluk
xanax,canavar gibi uyutur walla. genelde antidepresan ilaclarla beraber yardımcı olması baabında verilir. (bkz:  prozac ),eksisozluk
xanax,"ben esrar kullandim 'a benzer bi havada turk gencinin ""ben bunu kullandim, super oldum"" diyerek ovundugu antidepresanlardan biridir. 0.5 mg ve 1mg'lik haplar seklinde yesil receteyle satilir, bagimlilik yapabilir.",eksisozluk
xanax,"beyni meşgul eden gürültü (her türlü kötü algılanan sinyaller) seviyesini azaltarak duyarsızlığı engelleyen, ayrıntıların tekrar algılanmasını sağlayarak depresif etkileri azaltan ilaç. (bendeki etkileri böyle en azından)",eksisozluk
xanax,"ilacın uyşturucu etkisi var insanın psikomotor aktivitesini düşürüyor, beyin hücrelerini öldürüyor.",eksisozluk
xanax,alkolluyken veya degilken almaniz tavsiye edilmeyen ilâc. (bkz:  alkollu sozluk kullanmak ),eksisozluk
xanax,(bkz:  depresyon ) (bkz:  depresyonla yaşamaya alışmak ),eksisozluk
xanax,hiçbi şey yapmıyo.. sadece uyutuyo ..  6 tane de alsan 10 tane de alsan sadece uyutuyo,eksisozluk
xanax,"... yeşil reçete ile satılan ve çabuk bağımlılık yapabilen, doktorlar tarafından insanı güçlü kıldığı belirtilen, bol alkol ile alındığında adamı formatlayan antidepresan.",eksisozluk
xanax,ileri derecede  alzheimer  olaylarında da kullanılması önerilen ilaç,eksisozluk
xanax,zanax diye okunan papik.(bkz:  papikci ),eksisozluk
xanax,canavar gibi uyutur walla. genelde antidepresan ilaclarla beraber yardımcı olması baabında verilir. (bkz:  prozac ),eksisozluk
xanax,"ben esrar kullandim 'a benzer bi havada turk gencinin ""ben bunu kullandim, super oldum"" diyerek ovundugu antidepresanlardan biridir. 0.5 mg ve 1mg'lik haplar seklinde yesil receteyle satilir, bagimlilik yapabilir.",eksisozluk
xanax,"beyni meşgul eden gürültü (her türlü kötü algılanan sinyaller) seviyesini azaltarak duyarsızlığı engelleyen, ayrıntıların tekrar algılanmasını sağlayarak depresif etkileri azaltan ilaç. (bendeki etkileri böyle en azından)",eksisozluk
xanax,"ilacın uyşturucu etkisi var insanın psikomotor aktivitesini düşürüyor, beyin hücrelerini öldürüyor.",eksisozluk
xanax,alkolluyken veya degilken almaniz tavsiye edilmeyen ilâc. (bkz:  alkollu sozluk kullanmak ),eksisozluk
xanax,(bkz:  depresyon ) (bkz:  depresyonla yaşamaya alışmak ),eksisozluk
xanax,hiçbi şey yapmıyo.. sadece uyutuyo ..  6 tane de alsan 10 tane de alsan sadece uyutuyo,eksisozluk
xanax,"... yeşil reçete ile satılan ve çabuk bağımlılık yapabilen, doktorlar tarafından insanı güçlü kıldığı belirtilen, bol alkol ile alındığında adamı formatlayan antidepresan.",eksisozluk
xanax,ileri derecede  alzheimer  olaylarında da kullanılması önerilen ilaç,eksisozluk
xanax,zanax diye okunan papik.(bkz:  papikci ),eksisozluk
xanax,canavar gibi uyutur walla. genelde antidepresan ilaclarla beraber yardımcı olması baabında verilir. (bkz:  prozac ),eksisozluk
xanax,"ben esrar kullandim 'a benzer bi havada turk gencinin ""ben bunu kullandim, super oldum"" diyerek ovundugu antidepresanlardan biridir. 0.5 mg ve 1mg'lik haplar seklinde yesil receteyle satilir, bagimlilik yapabilir.",eksisozluk
xanax,"beyni meşgul eden gürültü (her türlü kötü algılanan sinyaller) seviyesini azaltarak duyarsızlığı engelleyen, ayrıntıların tekrar algılanmasını sağlayarak depresif etkileri azaltan ilaç. (bendeki etkileri böyle en azından)",eksisozluk
xanax,"ilacın uyşturucu etkisi var insanın psikomotor aktivitesini düşürüyor, beyin hücrelerini öldürüyor.",eksisozluk
xanax,alkolluyken veya degilken almaniz tavsiye edilmeyen ilâc. (bkz:  alkollu sozluk kullanmak ),eksisozluk
xanax,(bkz:  depresyon ) (bkz:  depresyonla yaşamaya alışmak ),eksisozluk
xanax,hiçbi şey yapmıyo.. sadece uyutuyo ..  6 tane de alsan 10 tane de alsan sadece uyutuyo,eksisozluk
xanax,"... yeşil reçete ile satılan ve çabuk bağımlılık yapabilen, doktorlar tarafından insanı güçlü kıldığı belirtilen, bol alkol ile alındığında adamı formatlayan antidepresan.",eksisozluk
xanax,ileri derecede  alzheimer  olaylarında da kullanılması önerilen ilaç,eksisozluk
diazepam,metal gear *  adli oyunda  sniper 'i titretmeden kullanmak i¢in i¢mek durumunda kalinan sakinle$tirici.,eksisozluk
diazepam,"damar-içi  sedasyon da kullanılan ilk  benzodiazepin dir. suda çözünmez ve organik sıvılarda emilimi sağlanabilir. bazı durumlarda ven hasarına ve bazen de ciltte ülserasyonlara neden olmaktadır, bu nedenle bu preperat günümüzde çok tercih edilmemektedir. ağız yolu ile verildiğinde 30-45 dakidada etki gösterir ve etkisi 4-6 saat sürer. damar içine verildiğinde 1-2 dakikada etki gösterir ve vücutta yarılanma süresi 20-90 dakikadır.",eksisozluk
diazepam,konvülsiyon a giren hastalara verilip istemsiz kas hareketlerinin durdurulmasına yardımcı olur. ayrıca  house md  de kıçı başı oynayan her hastaya  dr. chase  in bastığı ilaçtır.,eksisozluk
diazepam,"kimyasal formülü 7-kloro-1,3-dihidro-1-metil-5-fenil-2h-1,4benzodiazepin-2-on şeklinde ifade edilir. eczacılık fakültelerinin  farmasötik kimya sınavlarının banko sorusudur.",eksisozluk
diazepam,itüsözlük ten aşina olduğum bir isim. onuncu nesil sabırtaşı yazarmış. hoşgelmiş.,eksisozluk
diazepam,"itüsözlük te haftanın beğenilenleri listesinde çokça rastladığım isimdi, bu haftadan itibaren bizim listeyi de işgale başlamış. hoşgelmiş *",eksisozluk
diazepam,itü sözlük ünlüsü olmasına rağmen dert dinleyebilen insan. ötesinden fazlası var aklımda ama yalakalık olur diye yazamıyorum.,eksisozluk
diazepam,"itüsözlük  ü bitirdi, şimdi de buraya sıçmaya gelmiş. demedi demeyin.",eksisozluk
diazepam,metal gear *  adli oyunda  sniper 'i titretmeden kullanmak i¢in i¢mek durumunda kalinan sakinle$tirici.,eksisozluk
diazepam,"damar-içi  sedasyon da kullanılan ilk  benzodiazepin dir. suda çözünmez ve organik sıvılarda emilimi sağlanabilir. bazı durumlarda ven hasarına ve bazen de ciltte ülserasyonlara neden olmaktadır, bu nedenle bu preperat günümüzde çok tercih edilmemektedir. ağız yolu ile verildiğinde 30-45 dakidada etki gösterir ve etkisi 4-6 saat sürer. damar içine verildiğinde 1-2 dakikada etki gösterir ve vücutta yarılanma süresi 20-90 dakikadır.",eksisozluk
diazepam,konvülsiyon a giren hastalara verilip istemsiz kas hareketlerinin durdurulmasına yardımcı olur. ayrıca  house md  de kıçı başı oynayan her hastaya  dr. chase  in bastığı ilaçtır.,eksisozluk
diazepam,"kimyasal formülü 7-kloro-1,3-dihidro-1-metil-5-fenil-2h-1,4benzodiazepin-2-on şeklinde ifade edilir. eczacılık fakültelerinin  farmasötik kimya sınavlarının banko sorusudur.",eksisozluk
diazepam,itüsözlük ten aşina olduğum bir isim. onuncu nesil sabırtaşı yazarmış. hoşgelmiş.,eksisozluk
diazepam,"itüsözlük te haftanın beğenilenleri listesinde çokça rastladığım isimdi, bu haftadan itibaren bizim listeyi de işgale başlamış. hoşgelmiş *",eksisozluk
diazepam,itü sözlük ünlüsü olmasına rağmen dert dinleyebilen insan. ötesinden fazlası var aklımda ama yalakalık olur diye yazamıyorum.,eksisozluk
diazepam,"itüsözlük  ü bitirdi, şimdi de buraya sıçmaya gelmiş. demedi demeyin.",eksisozluk
diazepam,metal gear *  adli oyunda  sniper 'i titretmeden kullanmak i¢in i¢mek durumunda kalinan sakinle$tirici.,eksisozluk
diazepam,"damar-içi  sedasyon da kullanılan ilk  benzodiazepin dir. suda çözünmez ve organik sıvılarda emilimi sağlanabilir. bazı durumlarda ven hasarına ve bazen de ciltte ülserasyonlara neden olmaktadır, bu nedenle bu preperat günümüzde çok tercih edilmemektedir. ağız yolu ile verildiğinde 30-45 dakidada etki gösterir ve etkisi 4-6 saat sürer. damar içine verildiğinde 1-2 dakikada etki gösterir ve vücutta yarılanma süresi 20-90 dakikadır.",eksisozluk
diazepam,konvülsiyon a giren hastalara verilip istemsiz kas hareketlerinin durdurulmasına yardımcı olur. ayrıca  house md  de kıçı başı oynayan her hastaya  dr. chase  in bastığı ilaçtır.,eksisozluk
diazepam,"kimyasal formülü 7-kloro-1,3-dihidro-1-metil-5-fenil-2h-1,4benzodiazepin-2-on şeklinde ifade edilir. eczacılık fakültelerinin  farmasötik kimya sınavlarının banko sorusudur.",eksisozluk
diazepam,itüsözlük ten aşina olduğum bir isim. onuncu nesil sabırtaşı yazarmış. hoşgelmiş.,eksisozluk
diazepam,"itüsözlük te haftanın beğenilenleri listesinde çokça rastladığım isimdi, bu haftadan itibaren bizim listeyi de işgale başlamış. hoşgelmiş *",eksisozluk
diazepam,itü sözlük ünlüsü olmasına rağmen dert dinleyebilen insan. ötesinden fazlası var aklımda ama yalakalık olur diye yazamıyorum.,eksisozluk
diazepam,"itüsözlük  ü bitirdi, şimdi de buraya sıçmaya gelmiş. demedi demeyin.",eksisozluk
diazepam,metal gear *  adli oyunda  sniper 'i titretmeden kullanmak i¢in i¢mek durumunda kalinan sakinle$tirici.,eksisozluk
diazepam,"damar-içi  sedasyon da kullanılan ilk  benzodiazepin dir. suda çözünmez ve organik sıvılarda emilimi sağlanabilir. bazı durumlarda ven hasarına ve bazen de ciltte ülserasyonlara neden olmaktadır, bu nedenle bu preperat günümüzde çok tercih edilmemektedir. ağız yolu ile verildiğinde 30-45 dakidada etki gösterir ve etkisi 4-6 saat sürer. damar içine verildiğinde 1-2 dakikada etki gösterir ve vücutta yarılanma süresi 20-90 dakikadır.",eksisozluk
diazepam,konvülsiyon a giren hastalara verilip istemsiz kas hareketlerinin durdurulmasına yardımcı olur. ayrıca  house md  de kıçı başı oynayan her hastaya  dr. chase  in bastığı ilaçtır.,eksisozluk
diazepam,"kimyasal formülü 7-kloro-1,3-dihidro-1-metil-5-fenil-2h-1,4benzodiazepin-2-on şeklinde ifade edilir. eczacılık fakültelerinin  farmasötik kimya sınavlarının banko sorusudur.",eksisozluk
diazepam,itüsözlük ten aşina olduğum bir isim. onuncu nesil sabırtaşı yazarmış. hoşgelmiş.,eksisozluk
diazepam,"itüsözlük te haftanın beğenilenleri listesinde çokça rastladığım isimdi, bu haftadan itibaren bizim listeyi de işgale başlamış. hoşgelmiş *",eksisozluk
diazepam,itü sözlük ünlüsü olmasına rağmen dert dinleyebilen insan. ötesinden fazlası var aklımda ama yalakalık olur diye yazamıyorum.,eksisozluk
diazepam,"itüsözlük  ü bitirdi, şimdi de buraya sıçmaya gelmiş. demedi demeyin.",eksisozluk
diazepam,metal gear *  adli oyunda  sniper 'i titretmeden kullanmak i¢in i¢mek durumunda kalinan sakinle$tirici.,eksisozluk
diazepam,"damar-içi  sedasyon da kullanılan ilk  benzodiazepin dir. suda çözünmez ve organik sıvılarda emilimi sağlanabilir. bazı durumlarda ven hasarına ve bazen de ciltte ülserasyonlara neden olmaktadır, bu nedenle bu preperat günümüzde çok tercih edilmemektedir. ağız yolu ile verildiğinde 30-45 dakidada etki gösterir ve etkisi 4-6 saat sürer. damar içine verildiğinde 1-2 dakikada etki gösterir ve vücutta yarılanma süresi 20-90 dakikadır.",eksisozluk
diazepam,konvülsiyon a giren hastalara verilip istemsiz kas hareketlerinin durdurulmasına yardımcı olur. ayrıca  house md  de kıçı başı oynayan her hastaya  dr. chase  in bastığı ilaçtır.,eksisozluk
diazepam,"kimyasal formülü 7-kloro-1,3-dihidro-1-metil-5-fenil-2h-1,4benzodiazepin-2-on şeklinde ifade edilir. eczacılık fakültelerinin  farmasötik kimya sınavlarının banko sorusudur.",eksisozluk
diazepam,itüsözlük ten aşina olduğum bir isim. onuncu nesil sabırtaşı yazarmış. hoşgelmiş.,eksisozluk
diazepam,"itüsözlük te haftanın beğenilenleri listesinde çokça rastladığım isimdi, bu haftadan itibaren bizim listeyi de işgale başlamış. hoşgelmiş *",eksisozluk
diazepam,itü sözlük ünlüsü olmasına rağmen dert dinleyebilen insan. ötesinden fazlası var aklımda ama yalakalık olur diye yazamıyorum.,eksisozluk
diazepam,"itüsözlük  ü bitirdi, şimdi de buraya sıçmaya gelmiş. demedi demeyin.",eksisozluk
diazepam,metal gear *  adli oyunda  sniper 'i titretmeden kullanmak i¢in i¢mek durumunda kalinan sakinle$tirici.,eksisozluk
diazepam,"damar-içi  sedasyon da kullanılan ilk  benzodiazepin dir. suda çözünmez ve organik sıvılarda emilimi sağlanabilir. bazı durumlarda ven hasarına ve bazen de ciltte ülserasyonlara neden olmaktadır, bu nedenle bu preperat günümüzde çok tercih edilmemektedir. ağız yolu ile verildiğinde 30-45 dakidada etki gösterir ve etkisi 4-6 saat sürer. damar içine verildiğinde 1-2 dakikada etki gösterir ve vücutta yarılanma süresi 20-90 dakikadır.",eksisozluk
diazepam,konvülsiyon a giren hastalara verilip istemsiz kas hareketlerinin durdurulmasına yardımcı olur. ayrıca  house md  de kıçı başı oynayan her hastaya  dr. chase  in bastığı ilaçtır.,eksisozluk
diazepam,"kimyasal formülü 7-kloro-1,3-dihidro-1-metil-5-fenil-2h-1,4benzodiazepin-2-on şeklinde ifade edilir. eczacılık fakültelerinin  farmasötik kimya sınavlarının banko sorusudur.",eksisozluk
diazepam,itüsözlük ten aşina olduğum bir isim. onuncu nesil sabırtaşı yazarmış. hoşgelmiş.,eksisozluk
diazepam,"itüsözlük te haftanın beğenilenleri listesinde çokça rastladığım isimdi, bu haftadan itibaren bizim listeyi de işgale başlamış. hoşgelmiş *",eksisozluk
diazepam,itü sözlük ünlüsü olmasına rağmen dert dinleyebilen insan. ötesinden fazlası var aklımda ama yalakalık olur diye yazamıyorum.,eksisozluk
diazepam,"itüsözlük  ü bitirdi, şimdi de buraya sıçmaya gelmiş. demedi demeyin.",eksisozluk
diazepam,metal gear *  adli oyunda  sniper 'i titretmeden kullanmak i¢in i¢mek durumunda kalinan sakinle$tirici.,eksisozluk
diazepam,"damar-içi  sedasyon da kullanılan ilk  benzodiazepin dir. suda çözünmez ve organik sıvılarda emilimi sağlanabilir. bazı durumlarda ven hasarına ve bazen de ciltte ülserasyonlara neden olmaktadır, bu nedenle bu preperat günümüzde çok tercih edilmemektedir. ağız yolu ile verildiğinde 30-45 dakidada etki gösterir ve etkisi 4-6 saat sürer. damar içine verildiğinde 1-2 dakikada etki gösterir ve vücutta yarılanma süresi 20-90 dakikadır.",eksisozluk
diazepam,konvülsiyon a giren hastalara verilip istemsiz kas hareketlerinin durdurulmasına yardımcı olur. ayrıca  house md  de kıçı başı oynayan her hastaya  dr. chase  in bastığı ilaçtır.,eksisozluk
diazepam,"kimyasal formülü 7-kloro-1,3-dihidro-1-metil-5-fenil-2h-1,4benzodiazepin-2-on şeklinde ifade edilir. eczacılık fakültelerinin  farmasötik kimya sınavlarının banko sorusudur.",eksisozluk
diazepam,itüsözlük ten aşina olduğum bir isim. onuncu nesil sabırtaşı yazarmış. hoşgelmiş.,eksisozluk
diazepam,"itüsözlük te haftanın beğenilenleri listesinde çokça rastladığım isimdi, bu haftadan itibaren bizim listeyi de işgale başlamış. hoşgelmiş *",eksisozluk
diazepam,itü sözlük ünlüsü olmasına rağmen dert dinleyebilen insan. ötesinden fazlası var aklımda ama yalakalık olur diye yazamıyorum.,eksisozluk
diazepam,"itüsözlük  ü bitirdi, şimdi de buraya sıçmaya gelmiş. demedi demeyin.",eksisozluk
diazepam,metal gear *  adli oyunda  sniper 'i titretmeden kullanmak i¢in i¢mek durumunda kalinan sakinle$tirici.,eksisozluk
diazepam,"damar-içi  sedasyon da kullanılan ilk  benzodiazepin dir. suda çözünmez ve organik sıvılarda emilimi sağlanabilir. bazı durumlarda ven hasarına ve bazen de ciltte ülserasyonlara neden olmaktadır, bu nedenle bu preperat günümüzde çok tercih edilmemektedir. ağız yolu ile verildiğinde 30-45 dakidada etki gösterir ve etkisi 4-6 saat sürer. damar içine verildiğinde 1-2 dakikada etki gösterir ve vücutta yarılanma süresi 20-90 dakikadır.",eksisozluk
diazepam,konvülsiyon a giren hastalara verilip istemsiz kas hareketlerinin durdurulmasına yardımcı olur. ayrıca  house md  de kıçı başı oynayan her hastaya  dr. chase  in bastığı ilaçtır.,eksisozluk
diazepam,"kimyasal formülü 7-kloro-1,3-dihidro-1-metil-5-fenil-2h-1,4benzodiazepin-2-on şeklinde ifade edilir. eczacılık fakültelerinin  farmasötik kimya sınavlarının banko sorusudur.",eksisozluk
diazepam,itüsözlük ten aşina olduğum bir isim. onuncu nesil sabırtaşı yazarmış. hoşgelmiş.,eksisozluk
diazepam,"itüsözlük te haftanın beğenilenleri listesinde çokça rastladığım isimdi, bu haftadan itibaren bizim listeyi de işgale başlamış. hoşgelmiş *",eksisozluk
diazepam,itü sözlük ünlüsü olmasına rağmen dert dinleyebilen insan. ötesinden fazlası var aklımda ama yalakalık olur diye yazamıyorum.,eksisozluk
diazepam,"itüsözlük  ü bitirdi, şimdi de buraya sıçmaya gelmiş. demedi demeyin.",eksisozluk
diazepam,metal gear *  adli oyunda  sniper 'i titretmeden kullanmak i¢in i¢mek durumunda kalinan sakinle$tirici.,eksisozluk
diazepam,"damar-içi  sedasyon da kullanılan ilk  benzodiazepin dir. suda çözünmez ve organik sıvılarda emilimi sağlanabilir. bazı durumlarda ven hasarına ve bazen de ciltte ülserasyonlara neden olmaktadır, bu nedenle bu preperat günümüzde çok tercih edilmemektedir. ağız yolu ile verildiğinde 30-45 dakidada etki gösterir ve etkisi 4-6 saat sürer. damar içine verildiğinde 1-2 dakikada etki gösterir ve vücutta yarılanma süresi 20-90 dakikadır.",eksisozluk
diazepam,konvülsiyon a giren hastalara verilip istemsiz kas hareketlerinin durdurulmasına yardımcı olur. ayrıca  house md  de kıçı başı oynayan her hastaya  dr. chase  in bastığı ilaçtır.,eksisozluk
diazepam,"kimyasal formülü 7-kloro-1,3-dihidro-1-metil-5-fenil-2h-1,4benzodiazepin-2-on şeklinde ifade edilir. eczacılık fakültelerinin  farmasötik kimya sınavlarının banko sorusudur.",eksisozluk
diazepam,itüsözlük ten aşina olduğum bir isim. onuncu nesil sabırtaşı yazarmış. hoşgelmiş.,eksisozluk
diazepam,"itüsözlük te haftanın beğenilenleri listesinde çokça rastladığım isimdi, bu haftadan itibaren bizim listeyi de işgale başlamış. hoşgelmiş *",eksisozluk
diazepam,itü sözlük ünlüsü olmasına rağmen dert dinleyebilen insan. ötesinden fazlası var aklımda ama yalakalık olur diye yazamıyorum.,eksisozluk
diazepam,"itüsözlük  ü bitirdi, şimdi de buraya sıçmaya gelmiş. demedi demeyin.",eksisozluk
diazepam,metal gear *  adli oyunda  sniper 'i titretmeden kullanmak i¢in i¢mek durumunda kalinan sakinle$tirici.,eksisozluk
diazepam,"damar-içi  sedasyon da kullanılan ilk  benzodiazepin dir. suda çözünmez ve organik sıvılarda emilimi sağlanabilir. bazı durumlarda ven hasarına ve bazen de ciltte ülserasyonlara neden olmaktadır, bu nedenle bu preperat günümüzde çok tercih edilmemektedir. ağız yolu ile verildiğinde 30-45 dakidada etki gösterir ve etkisi 4-6 saat sürer. damar içine verildiğinde 1-2 dakikada etki gösterir ve vücutta yarılanma süresi 20-90 dakikadır.",eksisozluk
diazepam,konvülsiyon a giren hastalara verilip istemsiz kas hareketlerinin durdurulmasına yardımcı olur. ayrıca  house md  de kıçı başı oynayan her hastaya  dr. chase  in bastığı ilaçtır.,eksisozluk
diazepam,"kimyasal formülü 7-kloro-1,3-dihidro-1-metil-5-fenil-2h-1,4benzodiazepin-2-on şeklinde ifade edilir. eczacılık fakültelerinin  farmasötik kimya sınavlarının banko sorusudur.",eksisozluk
diazepam,itüsözlük ten aşina olduğum bir isim. onuncu nesil sabırtaşı yazarmış. hoşgelmiş.,eksisozluk
diazepam,"itüsözlük te haftanın beğenilenleri listesinde çokça rastladığım isimdi, bu haftadan itibaren bizim listeyi de işgale başlamış. hoşgelmiş *",eksisozluk
diazepam,itü sözlük ünlüsü olmasına rağmen dert dinleyebilen insan. ötesinden fazlası var aklımda ama yalakalık olur diye yazamıyorum.,eksisozluk
diazepam,"itüsözlük  ü bitirdi, şimdi de buraya sıçmaya gelmiş. demedi demeyin.",eksisozluk
diazepam,metal gear *  adli oyunda  sniper 'i titretmeden kullanmak i¢in i¢mek durumunda kalinan sakinle$tirici.,eksisozluk
diazepam,"damar-içi  sedasyon da kullanılan ilk  benzodiazepin dir. suda çözünmez ve organik sıvılarda emilimi sağlanabilir. bazı durumlarda ven hasarına ve bazen de ciltte ülserasyonlara neden olmaktadır, bu nedenle bu preperat günümüzde çok tercih edilmemektedir. ağız yolu ile verildiğinde 30-45 dakidada etki gösterir ve etkisi 4-6 saat sürer. damar içine verildiğinde 1-2 dakikada etki gösterir ve vücutta yarılanma süresi 20-90 dakikadır.",eksisozluk
diazepam,konvülsiyon a giren hastalara verilip istemsiz kas hareketlerinin durdurulmasına yardımcı olur. ayrıca  house md  de kıçı başı oynayan her hastaya  dr. chase  in bastığı ilaçtır.,eksisozluk
diazepam,"kimyasal formülü 7-kloro-1,3-dihidro-1-metil-5-fenil-2h-1,4benzodiazepin-2-on şeklinde ifade edilir. eczacılık fakültelerinin  farmasötik kimya sınavlarının banko sorusudur.",eksisozluk
diazepam,itüsözlük ten aşina olduğum bir isim. onuncu nesil sabırtaşı yazarmış. hoşgelmiş.,eksisozluk
diazepam,"itüsözlük te haftanın beğenilenleri listesinde çokça rastladığım isimdi, bu haftadan itibaren bizim listeyi de işgale başlamış. hoşgelmiş *",eksisozluk
diazepam,itü sözlük ünlüsü olmasına rağmen dert dinleyebilen insan. ötesinden fazlası var aklımda ama yalakalık olur diye yazamıyorum.,eksisozluk
diazepam,"itüsözlük  ü bitirdi, şimdi de buraya sıçmaya gelmiş. demedi demeyin.",eksisozluk
diazepam,metal gear *  adli oyunda  sniper 'i titretmeden kullanmak i¢in i¢mek durumunda kalinan sakinle$tirici.,eksisozluk
diazepam,"damar-içi  sedasyon da kullanılan ilk  benzodiazepin dir. suda çözünmez ve organik sıvılarda emilimi sağlanabilir. bazı durumlarda ven hasarına ve bazen de ciltte ülserasyonlara neden olmaktadır, bu nedenle bu preperat günümüzde çok tercih edilmemektedir. ağız yolu ile verildiğinde 30-45 dakidada etki gösterir ve etkisi 4-6 saat sürer. damar içine verildiğinde 1-2 dakikada etki gösterir ve vücutta yarılanma süresi 20-90 dakikadır.",eksisozluk
diazepam,konvülsiyon a giren hastalara verilip istemsiz kas hareketlerinin durdurulmasına yardımcı olur. ayrıca  house md  de kıçı başı oynayan her hastaya  dr. chase  in bastığı ilaçtır.,eksisozluk
diazepam,"kimyasal formülü 7-kloro-1,3-dihidro-1-metil-5-fenil-2h-1,4benzodiazepin-2-on şeklinde ifade edilir. eczacılık fakültelerinin  farmasötik kimya sınavlarının banko sorusudur.",eksisozluk
diazepam,itüsözlük ten aşina olduğum bir isim. onuncu nesil sabırtaşı yazarmış. hoşgelmiş.,eksisozluk
diazepam,"itüsözlük te haftanın beğenilenleri listesinde çokça rastladığım isimdi, bu haftadan itibaren bizim listeyi de işgale başlamış. hoşgelmiş *",eksisozluk
diazepam,itü sözlük ünlüsü olmasına rağmen dert dinleyebilen insan. ötesinden fazlası var aklımda ama yalakalık olur diye yazamıyorum.,eksisozluk
diazepam,"itüsözlük  ü bitirdi, şimdi de buraya sıçmaya gelmiş. demedi demeyin.",eksisozluk
diazepam,metal gear *  adli oyunda  sniper 'i titretmeden kullanmak i¢in i¢mek durumunda kalinan sakinle$tirici.,eksisozluk
diazepam,"damar-içi  sedasyon da kullanılan ilk  benzodiazepin dir. suda çözünmez ve organik sıvılarda emilimi sağlanabilir. bazı durumlarda ven hasarına ve bazen de ciltte ülserasyonlara neden olmaktadır, bu nedenle bu preperat günümüzde çok tercih edilmemektedir. ağız yolu ile verildiğinde 30-45 dakidada etki gösterir ve etkisi 4-6 saat sürer. damar içine verildiğinde 1-2 dakikada etki gösterir ve vücutta yarılanma süresi 20-90 dakikadır.",eksisozluk
diazepam,konvülsiyon a giren hastalara verilip istemsiz kas hareketlerinin durdurulmasına yardımcı olur. ayrıca  house md  de kıçı başı oynayan her hastaya  dr. chase  in bastığı ilaçtır.,eksisozluk
diazepam,"kimyasal formülü 7-kloro-1,3-dihidro-1-metil-5-fenil-2h-1,4benzodiazepin-2-on şeklinde ifade edilir. eczacılık fakültelerinin  farmasötik kimya sınavlarının banko sorusudur.",eksisozluk
diazepam,itüsözlük ten aşina olduğum bir isim. onuncu nesil sabırtaşı yazarmış. hoşgelmiş.,eksisozluk
diazepam,"itüsözlük te haftanın beğenilenleri listesinde çokça rastladığım isimdi, bu haftadan itibaren bizim listeyi de işgale başlamış. hoşgelmiş *",eksisozluk
diazepam,itü sözlük ünlüsü olmasına rağmen dert dinleyebilen insan. ötesinden fazlası var aklımda ama yalakalık olur diye yazamıyorum.,eksisozluk
diazepam,"itüsözlük  ü bitirdi, şimdi de buraya sıçmaya gelmiş. demedi demeyin.",eksisozluk
diazepam,metal gear *  adli oyunda  sniper 'i titretmeden kullanmak i¢in i¢mek durumunda kalinan sakinle$tirici.,eksisozluk
diazepam,"damar-içi  sedasyon da kullanılan ilk  benzodiazepin dir. suda çözünmez ve organik sıvılarda emilimi sağlanabilir. bazı durumlarda ven hasarına ve bazen de ciltte ülserasyonlara neden olmaktadır, bu nedenle bu preperat günümüzde çok tercih edilmemektedir. ağız yolu ile verildiğinde 30-45 dakidada etki gösterir ve etkisi 4-6 saat sürer. damar içine verildiğinde 1-2 dakikada etki gösterir ve vücutta yarılanma süresi 20-90 dakikadır.",eksisozluk
diazepam,konvülsiyon a giren hastalara verilip istemsiz kas hareketlerinin durdurulmasına yardımcı olur. ayrıca  house md  de kıçı başı oynayan her hastaya  dr. chase  in bastığı ilaçtır.,eksisozluk
diazepam,"kimyasal formülü 7-kloro-1,3-dihidro-1-metil-5-fenil-2h-1,4benzodiazepin-2-on şeklinde ifade edilir. eczacılık fakültelerinin  farmasötik kimya sınavlarının banko sorusudur.",eksisozluk
diazepam,itüsözlük ten aşina olduğum bir isim. onuncu nesil sabırtaşı yazarmış. hoşgelmiş.,eksisozluk
diazepam,"itüsözlük te haftanın beğenilenleri listesinde çokça rastladığım isimdi, bu haftadan itibaren bizim listeyi de işgale başlamış. hoşgelmiş *",eksisozluk
diazepam,itü sözlük ünlüsü olmasına rağmen dert dinleyebilen insan. ötesinden fazlası var aklımda ama yalakalık olur diye yazamıyorum.,eksisozluk
diazepam,"itüsözlük  ü bitirdi, şimdi de buraya sıçmaya gelmiş. demedi demeyin.",eksisozluk
diazepam,metal gear *  adli oyunda  sniper 'i titretmeden kullanmak i¢in i¢mek durumunda kalinan sakinle$tirici.,eksisozluk
diazepam,"damar-içi  sedasyon da kullanılan ilk  benzodiazepin dir. suda çözünmez ve organik sıvılarda emilimi sağlanabilir. bazı durumlarda ven hasarına ve bazen de ciltte ülserasyonlara neden olmaktadır, bu nedenle bu preperat günümüzde çok tercih edilmemektedir. ağız yolu ile verildiğinde 30-45 dakidada etki gösterir ve etkisi 4-6 saat sürer. damar içine verildiğinde 1-2 dakikada etki gösterir ve vücutta yarılanma süresi 20-90 dakikadır.",eksisozluk
diazepam,konvülsiyon a giren hastalara verilip istemsiz kas hareketlerinin durdurulmasına yardımcı olur. ayrıca  house md  de kıçı başı oynayan her hastaya  dr. chase  in bastığı ilaçtır.,eksisozluk
diazepam,"kimyasal formülü 7-kloro-1,3-dihidro-1-metil-5-fenil-2h-1,4benzodiazepin-2-on şeklinde ifade edilir. eczacılık fakültelerinin  farmasötik kimya sınavlarının banko sorusudur.",eksisozluk
diazepam,itüsözlük ten aşina olduğum bir isim. onuncu nesil sabırtaşı yazarmış. hoşgelmiş.,eksisozluk
diazepam,"itüsözlük te haftanın beğenilenleri listesinde çokça rastladığım isimdi, bu haftadan itibaren bizim listeyi de işgale başlamış. hoşgelmiş *",eksisozluk
diazepam,itü sözlük ünlüsü olmasına rağmen dert dinleyebilen insan. ötesinden fazlası var aklımda ama yalakalık olur diye yazamıyorum.,eksisozluk
diazepam,"itüsözlük  ü bitirdi, şimdi de buraya sıçmaya gelmiş. demedi demeyin.",eksisozluk
diazepam,metal gear *  adli oyunda  sniper 'i titretmeden kullanmak i¢in i¢mek durumunda kalinan sakinle$tirici.,eksisozluk
diazepam,"damar-içi  sedasyon da kullanılan ilk  benzodiazepin dir. suda çözünmez ve organik sıvılarda emilimi sağlanabilir. bazı durumlarda ven hasarına ve bazen de ciltte ülserasyonlara neden olmaktadır, bu nedenle bu preperat günümüzde çok tercih edilmemektedir. ağız yolu ile verildiğinde 30-45 dakidada etki gösterir ve etkisi 4-6 saat sürer. damar içine verildiğinde 1-2 dakikada etki gösterir ve vücutta yarılanma süresi 20-90 dakikadır.",eksisozluk
diazepam,konvülsiyon a giren hastalara verilip istemsiz kas hareketlerinin durdurulmasına yardımcı olur. ayrıca  house md  de kıçı başı oynayan her hastaya  dr. chase  in bastığı ilaçtır.,eksisozluk
diazepam,"kimyasal formülü 7-kloro-1,3-dihidro-1-metil-5-fenil-2h-1,4benzodiazepin-2-on şeklinde ifade edilir. eczacılık fakültelerinin  farmasötik kimya sınavlarının banko sorusudur.",eksisozluk
diazepam,itüsözlük ten aşina olduğum bir isim. onuncu nesil sabırtaşı yazarmış. hoşgelmiş.,eksisozluk
diazepam,"itüsözlük te haftanın beğenilenleri listesinde çokça rastladığım isimdi, bu haftadan itibaren bizim listeyi de işgale başlamış. hoşgelmiş *",eksisozluk
diazepam,itü sözlük ünlüsü olmasına rağmen dert dinleyebilen insan. ötesinden fazlası var aklımda ama yalakalık olur diye yazamıyorum.,eksisozluk
diazepam,"itüsözlük  ü bitirdi, şimdi de buraya sıçmaya gelmiş. demedi demeyin.",eksisozluk
diazepam,metal gear *  adli oyunda  sniper 'i titretmeden kullanmak i¢in i¢mek durumunda kalinan sakinle$tirici.,eksisozluk
diazepam,"damar-içi  sedasyon da kullanılan ilk  benzodiazepin dir. suda çözünmez ve organik sıvılarda emilimi sağlanabilir. bazı durumlarda ven hasarına ve bazen de ciltte ülserasyonlara neden olmaktadır, bu nedenle bu preperat günümüzde çok tercih edilmemektedir. ağız yolu ile verildiğinde 30-45 dakidada etki gösterir ve etkisi 4-6 saat sürer. damar içine verildiğinde 1-2 dakikada etki gösterir ve vücutta yarılanma süresi 20-90 dakikadır.",eksisozluk
diazepam,konvülsiyon a giren hastalara verilip istemsiz kas hareketlerinin durdurulmasına yardımcı olur. ayrıca  house md  de kıçı başı oynayan her hastaya  dr. chase  in bastığı ilaçtır.,eksisozluk
diazepam,"kimyasal formülü 7-kloro-1,3-dihidro-1-metil-5-fenil-2h-1,4benzodiazepin-2-on şeklinde ifade edilir. eczacılık fakültelerinin  farmasötik kimya sınavlarının banko sorusudur.",eksisozluk
diazepam,itüsözlük ten aşina olduğum bir isim. onuncu nesil sabırtaşı yazarmış. hoşgelmiş.,eksisozluk
diazepam,"itüsözlük te haftanın beğenilenleri listesinde çokça rastladığım isimdi, bu haftadan itibaren bizim listeyi de işgale başlamış. hoşgelmiş *",eksisozluk
diazepam,itü sözlük ünlüsü olmasına rağmen dert dinleyebilen insan. ötesinden fazlası var aklımda ama yalakalık olur diye yazamıyorum.,eksisozluk
diazepam,"itüsözlük  ü bitirdi, şimdi de buraya sıçmaya gelmiş. demedi demeyin.",eksisozluk
diazepam,metal gear *  adli oyunda  sniper 'i titretmeden kullanmak i¢in i¢mek durumunda kalinan sakinle$tirici.,eksisozluk
diazepam,"damar-içi  sedasyon da kullanılan ilk  benzodiazepin dir. suda çözünmez ve organik sıvılarda emilimi sağlanabilir. bazı durumlarda ven hasarına ve bazen de ciltte ülserasyonlara neden olmaktadır, bu nedenle bu preperat günümüzde çok tercih edilmemektedir. ağız yolu ile verildiğinde 30-45 dakidada etki gösterir ve etkisi 4-6 saat sürer. damar içine verildiğinde 1-2 dakikada etki gösterir ve vücutta yarılanma süresi 20-90 dakikadır.",eksisozluk
diazepam,konvülsiyon a giren hastalara verilip istemsiz kas hareketlerinin durdurulmasına yardımcı olur. ayrıca  house md  de kıçı başı oynayan her hastaya  dr. chase  in bastığı ilaçtır.,eksisozluk
diazepam,"kimyasal formülü 7-kloro-1,3-dihidro-1-metil-5-fenil-2h-1,4benzodiazepin-2-on şeklinde ifade edilir. eczacılık fakültelerinin  farmasötik kimya sınavlarının banko sorusudur.",eksisozluk
diazepam,itüsözlük ten aşina olduğum bir isim. onuncu nesil sabırtaşı yazarmış. hoşgelmiş.,eksisozluk
diazepam,"itüsözlük te haftanın beğenilenleri listesinde çokça rastladığım isimdi, bu haftadan itibaren bizim listeyi de işgale başlamış. hoşgelmiş *",eksisozluk
diazepam,itü sözlük ünlüsü olmasına rağmen dert dinleyebilen insan. ötesinden fazlası var aklımda ama yalakalık olur diye yazamıyorum.,eksisozluk
diazepam,"itüsözlük  ü bitirdi, şimdi de buraya sıçmaya gelmiş. demedi demeyin.",eksisozluk
diazepam,metal gear *  adli oyunda  sniper 'i titretmeden kullanmak i¢in i¢mek durumunda kalinan sakinle$tirici.,eksisozluk
diazepam,"damar-içi  sedasyon da kullanılan ilk  benzodiazepin dir. suda çözünmez ve organik sıvılarda emilimi sağlanabilir. bazı durumlarda ven hasarına ve bazen de ciltte ülserasyonlara neden olmaktadır, bu nedenle bu preperat günümüzde çok tercih edilmemektedir. ağız yolu ile verildiğinde 30-45 dakidada etki gösterir ve etkisi 4-6 saat sürer. damar içine verildiğinde 1-2 dakikada etki gösterir ve vücutta yarılanma süresi 20-90 dakikadır.",eksisozluk
diazepam,konvülsiyon a giren hastalara verilip istemsiz kas hareketlerinin durdurulmasına yardımcı olur. ayrıca  house md  de kıçı başı oynayan her hastaya  dr. chase  in bastığı ilaçtır.,eksisozluk
diazepam,"kimyasal formülü 7-kloro-1,3-dihidro-1-metil-5-fenil-2h-1,4benzodiazepin-2-on şeklinde ifade edilir. eczacılık fakültelerinin  farmasötik kimya sınavlarının banko sorusudur.",eksisozluk
diazepam,itüsözlük ten aşina olduğum bir isim. onuncu nesil sabırtaşı yazarmış. hoşgelmiş.,eksisozluk
diazepam,"itüsözlük te haftanın beğenilenleri listesinde çokça rastladığım isimdi, bu haftadan itibaren bizim listeyi de işgale başlamış. hoşgelmiş *",eksisozluk
diazepam,itü sözlük ünlüsü olmasına rağmen dert dinleyebilen insan. ötesinden fazlası var aklımda ama yalakalık olur diye yazamıyorum.,eksisozluk
diazepam,"itüsözlük  ü bitirdi, şimdi de buraya sıçmaya gelmiş. demedi demeyin.",eksisozluk
diazepam,metal gear *  adli oyunda  sniper 'i titretmeden kullanmak i¢in i¢mek durumunda kalinan sakinle$tirici.,eksisozluk
diazepam,"damar-içi  sedasyon da kullanılan ilk  benzodiazepin dir. suda çözünmez ve organik sıvılarda emilimi sağlanabilir. bazı durumlarda ven hasarına ve bazen de ciltte ülserasyonlara neden olmaktadır, bu nedenle bu preperat günümüzde çok tercih edilmemektedir. ağız yolu ile verildiğinde 30-45 dakidada etki gösterir ve etkisi 4-6 saat sürer. damar içine verildiğinde 1-2 dakikada etki gösterir ve vücutta yarılanma süresi 20-90 dakikadır.",eksisozluk
diazepam,konvülsiyon a giren hastalara verilip istemsiz kas hareketlerinin durdurulmasına yardımcı olur. ayrıca  house md  de kıçı başı oynayan her hastaya  dr. chase  in bastığı ilaçtır.,eksisozluk
diazepam,"kimyasal formülü 7-kloro-1,3-dihidro-1-metil-5-fenil-2h-1,4benzodiazepin-2-on şeklinde ifade edilir. eczacılık fakültelerinin  farmasötik kimya sınavlarının banko sorusudur.",eksisozluk
diazepam,itüsözlük ten aşina olduğum bir isim. onuncu nesil sabırtaşı yazarmış. hoşgelmiş.,eksisozluk
diazepam,"itüsözlük te haftanın beğenilenleri listesinde çokça rastladığım isimdi, bu haftadan itibaren bizim listeyi de işgale başlamış. hoşgelmiş *",eksisozluk
diazepam,itü sözlük ünlüsü olmasına rağmen dert dinleyebilen insan. ötesinden fazlası var aklımda ama yalakalık olur diye yazamıyorum.,eksisozluk
diazepam,"itüsözlük  ü bitirdi, şimdi de buraya sıçmaya gelmiş. demedi demeyin.",eksisozluk
ritalin,"bir ""upper;"" hem aktivite, hem de cevrenize gosterebildiginiz ilgiyi maksimize ediyor. uzun vadede sonuclari, ""tedavi ettigi"" veya bastirdigi soylenen ""rahatsizlik""larla ayni seyler. hiperaktivite, dikkatsizlik, vb.",eksisozluk
ritalin,"nedense aylarca kullanmama rağmen üzerimde hiçbir etkisini hissedemediğim,sonunda değiştirdiğim,kırmızı reçeteyle almanın mümkün olduğu ilaç. (bkz:  merkezi sinir sistemi stimülanı )",eksisozluk
ritalin,"vize döneminde ""sinir sahibi"", final döneminde ""akil hastasi"" seklinde nitelendirilmenize neden olan davranis bozukluklarina yol acan, tahammülsüzlügünüzü maksimum seviyeye cikartip yumrukla cam filan kirmak, tekmeyle dolabin kapagini göcürtmek gibi isler yapacak kadar disavurumcu olmanizi saglamak seklinde yan etkileri olan ama bunun yaninda gercekten uyumamanizi ve harbi harbi 10 saat nonstop atom fizigi falan da calismanizi saglayan ne idüğü belirsiz limonlu draje.",eksisozluk
ritalin,bir tur uyarici ilac. farmakolojik etkisi amfetaminden cok kokaine benzer. sinir hucreleri arasinda dopamin birikmesi sonucu uyarici etkisini gosterir. dikkat eksikligi hiperaktivite bozuklugu olan cocuklarda ve narkolepsi(anormal anlık uyku istegi hastaligi) olanlarda kullaniliyor turkiyede kirmizi receteye tabi. methyphenidate( alfa2 fenil piperidin asetik asit) etken maddesi. konsantrasyonu bir yere toplamak icin kullaniliyor. bagimlilik yapma potansiyeli var. etkisi daha cok merkezi sinir sistemine yonelik.,eksisozluk
ritalin,"öğrenci kimliğini kaybettiği söylenen hiperaktif çocukların aile, okul toplumsal yaşam düzeneğine uyum sağlaması için terapinin yanında verilen ilaç. çocuk konsantre olsun ki koyun edelim veya at ritalini kırsın kıçını çalışsın mantığındaki demokratik görünümlü tutucu ebeveynlerin can simidi.antisocial.com'da ezilip buruna çekilen 6 ritalinin kafa yaptığı yazıyordu; ben derim ki bi sikime yaramaz. sadece dopamin akışını 6 saat düzenleyip final zamanı adam gibi çalışmayı sağlar. 10'luk bir tabletin kana karışması yaklaşık 2 saati alır.etkisi ise ortalama 5.5 saat sürer..",eksisozluk
ritalin,south park  da  cartman ın dizi boyunca aldığı ve etrafta  christina aguilera yı görüp şaşırmasına neden olan nane.,eksisozluk
ritalin,deli ilaç. dikkat toplama açısından mükemmel ama birkaç kereden sonra etki süresi azalmaya başlıyor. 15 dakikalık dikkat toplayabilite için öyle bir ilacı da almak anlamsız. normal bünyede etkisi kısa sürüyor.,eksisozluk
ritalin,gerektiği gibi kullanılırsa hakikaten mucizevi etkileri olabilen bir ilaç. özellikle dersler konusunda.,eksisozluk
ritalin,(bkz:  şeytan icadı ),eksisozluk
ritalin,"bir ""upper;"" hem aktivite, hem de cevrenize gosterebildiginiz ilgiyi maksimize ediyor. uzun vadede sonuclari, ""tedavi ettigi"" veya bastirdigi soylenen ""rahatsizlik""larla ayni seyler. hiperaktivite, dikkatsizlik, vb.",eksisozluk
ritalin,"nedense aylarca kullanmama rağmen üzerimde hiçbir etkisini hissedemediğim,sonunda değiştirdiğim,kırmızı reçeteyle almanın mümkün olduğu ilaç. (bkz:  merkezi sinir sistemi stimülanı )",eksisozluk
ritalin,"vize döneminde ""sinir sahibi"", final döneminde ""akil hastasi"" seklinde nitelendirilmenize neden olan davranis bozukluklarina yol acan, tahammülsüzlügünüzü maksimum seviyeye cikartip yumrukla cam filan kirmak, tekmeyle dolabin kapagini göcürtmek gibi isler yapacak kadar disavurumcu olmanizi saglamak seklinde yan etkileri olan ama bunun yaninda gercekten uyumamanizi ve harbi harbi 10 saat nonstop atom fizigi falan da calismanizi saglayan ne idüğü belirsiz limonlu draje.",eksisozluk
ritalin,bir tur uyarici ilac. farmakolojik etkisi amfetaminden cok kokaine benzer. sinir hucreleri arasinda dopamin birikmesi sonucu uyarici etkisini gosterir. dikkat eksikligi hiperaktivite bozuklugu olan cocuklarda ve narkolepsi(anormal anlık uyku istegi hastaligi) olanlarda kullaniliyor turkiyede kirmizi receteye tabi. methyphenidate( alfa2 fenil piperidin asetik asit) etken maddesi. konsantrasyonu bir yere toplamak icin kullaniliyor. bagimlilik yapma potansiyeli var. etkisi daha cok merkezi sinir sistemine yonelik.,eksisozluk
ritalin,"öğrenci kimliğini kaybettiği söylenen hiperaktif çocukların aile, okul toplumsal yaşam düzeneğine uyum sağlaması için terapinin yanında verilen ilaç. çocuk konsantre olsun ki koyun edelim veya at ritalini kırsın kıçını çalışsın mantığındaki demokratik görünümlü tutucu ebeveynlerin can simidi.antisocial.com'da ezilip buruna çekilen 6 ritalinin kafa yaptığı yazıyordu; ben derim ki bi sikime yaramaz. sadece dopamin akışını 6 saat düzenleyip final zamanı adam gibi çalışmayı sağlar. 10'luk bir tabletin kana karışması yaklaşık 2 saati alır.etkisi ise ortalama 5.5 saat sürer..",eksisozluk
ritalin,south park  da  cartman ın dizi boyunca aldığı ve etrafta  christina aguilera yı görüp şaşırmasına neden olan nane.,eksisozluk
ritalin,deli ilaç. dikkat toplama açısından mükemmel ama birkaç kereden sonra etki süresi azalmaya başlıyor. 15 dakikalık dikkat toplayabilite için öyle bir ilacı da almak anlamsız. normal bünyede etkisi kısa sürüyor.,eksisozluk
ritalin,gerektiği gibi kullanılırsa hakikaten mucizevi etkileri olabilen bir ilaç. özellikle dersler konusunda.,eksisozluk
ritalin,(bkz:  şeytan icadı ),eksisozluk
ritalin,"bir ""upper;"" hem aktivite, hem de cevrenize gosterebildiginiz ilgiyi maksimize ediyor. uzun vadede sonuclari, ""tedavi ettigi"" veya bastirdigi soylenen ""rahatsizlik""larla ayni seyler. hiperaktivite, dikkatsizlik, vb.",eksisozluk
ritalin,"nedense aylarca kullanmama rağmen üzerimde hiçbir etkisini hissedemediğim,sonunda değiştirdiğim,kırmızı reçeteyle almanın mümkün olduğu ilaç. (bkz:  merkezi sinir sistemi stimülanı )",eksisozluk
ritalin,"vize döneminde ""sinir sahibi"", final döneminde ""akil hastasi"" seklinde nitelendirilmenize neden olan davranis bozukluklarina yol acan, tahammülsüzlügünüzü maksimum seviyeye cikartip yumrukla cam filan kirmak, tekmeyle dolabin kapagini göcürtmek gibi isler yapacak kadar disavurumcu olmanizi saglamak seklinde yan etkileri olan ama bunun yaninda gercekten uyumamanizi ve harbi harbi 10 saat nonstop atom fizigi falan da calismanizi saglayan ne idüğü belirsiz limonlu draje.",eksisozluk
ritalin,bir tur uyarici ilac. farmakolojik etkisi amfetaminden cok kokaine benzer. sinir hucreleri arasinda dopamin birikmesi sonucu uyarici etkisini gosterir. dikkat eksikligi hiperaktivite bozuklugu olan cocuklarda ve narkolepsi(anormal anlık uyku istegi hastaligi) olanlarda kullaniliyor turkiyede kirmizi receteye tabi. methyphenidate( alfa2 fenil piperidin asetik asit) etken maddesi. konsantrasyonu bir yere toplamak icin kullaniliyor. bagimlilik yapma potansiyeli var. etkisi daha cok merkezi sinir sistemine yonelik.,eksisozluk
ritalin,"öğrenci kimliğini kaybettiği söylenen hiperaktif çocukların aile, okul toplumsal yaşam düzeneğine uyum sağlaması için terapinin yanında verilen ilaç. çocuk konsantre olsun ki koyun edelim veya at ritalini kırsın kıçını çalışsın mantığındaki demokratik görünümlü tutucu ebeveynlerin can simidi.antisocial.com'da ezilip buruna çekilen 6 ritalinin kafa yaptığı yazıyordu; ben derim ki bi sikime yaramaz. sadece dopamin akışını 6 saat düzenleyip final zamanı adam gibi çalışmayı sağlar. 10'luk bir tabletin kana karışması yaklaşık 2 saati alır.etkisi ise ortalama 5.5 saat sürer..",eksisozluk
ritalin,south park  da  cartman ın dizi boyunca aldığı ve etrafta  christina aguilera yı görüp şaşırmasına neden olan nane.,eksisozluk
ritalin,deli ilaç. dikkat toplama açısından mükemmel ama birkaç kereden sonra etki süresi azalmaya başlıyor. 15 dakikalık dikkat toplayabilite için öyle bir ilacı da almak anlamsız. normal bünyede etkisi kısa sürüyor.,eksisozluk
ritalin,gerektiği gibi kullanılırsa hakikaten mucizevi etkileri olabilen bir ilaç. özellikle dersler konusunda.,eksisozluk
ritalin,(bkz:  şeytan icadı ),eksisozluk
ritalin,"bir ""upper;"" hem aktivite, hem de cevrenize gosterebildiginiz ilgiyi maksimize ediyor. uzun vadede sonuclari, ""tedavi ettigi"" veya bastirdigi soylenen ""rahatsizlik""larla ayni seyler. hiperaktivite, dikkatsizlik, vb.",eksisozluk
ritalin,"nedense aylarca kullanmama rağmen üzerimde hiçbir etkisini hissedemediğim,sonunda değiştirdiğim,kırmızı reçeteyle almanın mümkün olduğu ilaç. (bkz:  merkezi sinir sistemi stimülanı )",eksisozluk
ritalin,"vize döneminde ""sinir sahibi"", final döneminde ""akil hastasi"" seklinde nitelendirilmenize neden olan davranis bozukluklarina yol acan, tahammülsüzlügünüzü maksimum seviyeye cikartip yumrukla cam filan kirmak, tekmeyle dolabin kapagini göcürtmek gibi isler yapacak kadar disavurumcu olmanizi saglamak seklinde yan etkileri olan ama bunun yaninda gercekten uyumamanizi ve harbi harbi 10 saat nonstop atom fizigi falan da calismanizi saglayan ne idüğü belirsiz limonlu draje.",eksisozluk
ritalin,bir tur uyarici ilac. farmakolojik etkisi amfetaminden cok kokaine benzer. sinir hucreleri arasinda dopamin birikmesi sonucu uyarici etkisini gosterir. dikkat eksikligi hiperaktivite bozuklugu olan cocuklarda ve narkolepsi(anormal anlık uyku istegi hastaligi) olanlarda kullaniliyor turkiyede kirmizi receteye tabi. methyphenidate( alfa2 fenil piperidin asetik asit) etken maddesi. konsantrasyonu bir yere toplamak icin kullaniliyor. bagimlilik yapma potansiyeli var. etkisi daha cok merkezi sinir sistemine yonelik.,eksisozluk
ritalin,"öğrenci kimliğini kaybettiği söylenen hiperaktif çocukların aile, okul toplumsal yaşam düzeneğine uyum sağlaması için terapinin yanında verilen ilaç. çocuk konsantre olsun ki koyun edelim veya at ritalini kırsın kıçını çalışsın mantığındaki demokratik görünümlü tutucu ebeveynlerin can simidi.antisocial.com'da ezilip buruna çekilen 6 ritalinin kafa yaptığı yazıyordu; ben derim ki bi sikime yaramaz. sadece dopamin akışını 6 saat düzenleyip final zamanı adam gibi çalışmayı sağlar. 10'luk bir tabletin kana karışması yaklaşık 2 saati alır.etkisi ise ortalama 5.5 saat sürer..",eksisozluk
ritalin,south park  da  cartman ın dizi boyunca aldığı ve etrafta  christina aguilera yı görüp şaşırmasına neden olan nane.,eksisozluk
ritalin,deli ilaç. dikkat toplama açısından mükemmel ama birkaç kereden sonra etki süresi azalmaya başlıyor. 15 dakikalık dikkat toplayabilite için öyle bir ilacı da almak anlamsız. normal bünyede etkisi kısa sürüyor.,eksisozluk
ritalin,gerektiği gibi kullanılırsa hakikaten mucizevi etkileri olabilen bir ilaç. özellikle dersler konusunda.,eksisozluk
ritalin,(bkz:  şeytan icadı ),eksisozluk
ritalin,"bir ""upper;"" hem aktivite, hem de cevrenize gosterebildiginiz ilgiyi maksimize ediyor. uzun vadede sonuclari, ""tedavi ettigi"" veya bastirdigi soylenen ""rahatsizlik""larla ayni seyler. hiperaktivite, dikkatsizlik, vb.",eksisozluk
ritalin,"nedense aylarca kullanmama rağmen üzerimde hiçbir etkisini hissedemediğim,sonunda değiştirdiğim,kırmızı reçeteyle almanın mümkün olduğu ilaç. (bkz:  merkezi sinir sistemi stimülanı )",eksisozluk
ritalin,"vize döneminde ""sinir sahibi"", final döneminde ""akil hastasi"" seklinde nitelendirilmenize neden olan davranis bozukluklarina yol acan, tahammülsüzlügünüzü maksimum seviyeye cikartip yumrukla cam filan kirmak, tekmeyle dolabin kapagini göcürtmek gibi isler yapacak kadar disavurumcu olmanizi saglamak seklinde yan etkileri olan ama bunun yaninda gercekten uyumamanizi ve harbi harbi 10 saat nonstop atom fizigi falan da calismanizi saglayan ne idüğü belirsiz limonlu draje.",eksisozluk
ritalin,bir tur uyarici ilac. farmakolojik etkisi amfetaminden cok kokaine benzer. sinir hucreleri arasinda dopamin birikmesi sonucu uyarici etkisini gosterir. dikkat eksikligi hiperaktivite bozuklugu olan cocuklarda ve narkolepsi(anormal anlık uyku istegi hastaligi) olanlarda kullaniliyor turkiyede kirmizi receteye tabi. methyphenidate( alfa2 fenil piperidin asetik asit) etken maddesi. konsantrasyonu bir yere toplamak icin kullaniliyor. bagimlilik yapma potansiyeli var. etkisi daha cok merkezi sinir sistemine yonelik.,eksisozluk
ritalin,"öğrenci kimliğini kaybettiği söylenen hiperaktif çocukların aile, okul toplumsal yaşam düzeneğine uyum sağlaması için terapinin yanında verilen ilaç. çocuk konsantre olsun ki koyun edelim veya at ritalini kırsın kıçını çalışsın mantığındaki demokratik görünümlü tutucu ebeveynlerin can simidi.antisocial.com'da ezilip buruna çekilen 6 ritalinin kafa yaptığı yazıyordu; ben derim ki bi sikime yaramaz. sadece dopamin akışını 6 saat düzenleyip final zamanı adam gibi çalışmayı sağlar. 10'luk bir tabletin kana karışması yaklaşık 2 saati alır.etkisi ise ortalama 5.5 saat sürer..",eksisozluk
ritalin,south park  da  cartman ın dizi boyunca aldığı ve etrafta  christina aguilera yı görüp şaşırmasına neden olan nane.,eksisozluk
ritalin,deli ilaç. dikkat toplama açısından mükemmel ama birkaç kereden sonra etki süresi azalmaya başlıyor. 15 dakikalık dikkat toplayabilite için öyle bir ilacı da almak anlamsız. normal bünyede etkisi kısa sürüyor.,eksisozluk
ritalin,gerektiği gibi kullanılırsa hakikaten mucizevi etkileri olabilen bir ilaç. özellikle dersler konusunda.,eksisozluk
ritalin,(bkz:  şeytan icadı ),eksisozluk
ritalin,"bir ""upper;"" hem aktivite, hem de cevrenize gosterebildiginiz ilgiyi maksimize ediyor. uzun vadede sonuclari, ""tedavi ettigi"" veya bastirdigi soylenen ""rahatsizlik""larla ayni seyler. hiperaktivite, dikkatsizlik, vb.",eksisozluk
ritalin,"nedense aylarca kullanmama rağmen üzerimde hiçbir etkisini hissedemediğim,sonunda değiştirdiğim,kırmızı reçeteyle almanın mümkün olduğu ilaç. (bkz:  merkezi sinir sistemi stimülanı )",eksisozluk
ritalin,"vize döneminde ""sinir sahibi"", final döneminde ""akil hastasi"" seklinde nitelendirilmenize neden olan davranis bozukluklarina yol acan, tahammülsüzlügünüzü maksimum seviyeye cikartip yumrukla cam filan kirmak, tekmeyle dolabin kapagini göcürtmek gibi isler yapacak kadar disavurumcu olmanizi saglamak seklinde yan etkileri olan ama bunun yaninda gercekten uyumamanizi ve harbi harbi 10 saat nonstop atom fizigi falan da calismanizi saglayan ne idüğü belirsiz limonlu draje.",eksisozluk
ritalin,bir tur uyarici ilac. farmakolojik etkisi amfetaminden cok kokaine benzer. sinir hucreleri arasinda dopamin birikmesi sonucu uyarici etkisini gosterir. dikkat eksikligi hiperaktivite bozuklugu olan cocuklarda ve narkolepsi(anormal anlık uyku istegi hastaligi) olanlarda kullaniliyor turkiyede kirmizi receteye tabi. methyphenidate( alfa2 fenil piperidin asetik asit) etken maddesi. konsantrasyonu bir yere toplamak icin kullaniliyor. bagimlilik yapma potansiyeli var. etkisi daha cok merkezi sinir sistemine yonelik.,eksisozluk
ritalin,"öğrenci kimliğini kaybettiği söylenen hiperaktif çocukların aile, okul toplumsal yaşam düzeneğine uyum sağlaması için terapinin yanında verilen ilaç. çocuk konsantre olsun ki koyun edelim veya at ritalini kırsın kıçını çalışsın mantığındaki demokratik görünümlü tutucu ebeveynlerin can simidi.antisocial.com'da ezilip buruna çekilen 6 ritalinin kafa yaptığı yazıyordu; ben derim ki bi sikime yaramaz. sadece dopamin akışını 6 saat düzenleyip final zamanı adam gibi çalışmayı sağlar. 10'luk bir tabletin kana karışması yaklaşık 2 saati alır.etkisi ise ortalama 5.5 saat sürer..",eksisozluk
ritalin,south park  da  cartman ın dizi boyunca aldığı ve etrafta  christina aguilera yı görüp şaşırmasına neden olan nane.,eksisozluk
ritalin,deli ilaç. dikkat toplama açısından mükemmel ama birkaç kereden sonra etki süresi azalmaya başlıyor. 15 dakikalık dikkat toplayabilite için öyle bir ilacı da almak anlamsız. normal bünyede etkisi kısa sürüyor.,eksisozluk
ritalin,gerektiği gibi kullanılırsa hakikaten mucizevi etkileri olabilen bir ilaç. özellikle dersler konusunda.,eksisozluk
ritalin,(bkz:  şeytan icadı ),eksisozluk
ritalin,"bir ""upper;"" hem aktivite, hem de cevrenize gosterebildiginiz ilgiyi maksimize ediyor. uzun vadede sonuclari, ""tedavi ettigi"" veya bastirdigi soylenen ""rahatsizlik""larla ayni seyler. hiperaktivite, dikkatsizlik, vb.",eksisozluk
ritalin,"nedense aylarca kullanmama rağmen üzerimde hiçbir etkisini hissedemediğim,sonunda değiştirdiğim,kırmızı reçeteyle almanın mümkün olduğu ilaç. (bkz:  merkezi sinir sistemi stimülanı )",eksisozluk
ritalin,"vize döneminde ""sinir sahibi"", final döneminde ""akil hastasi"" seklinde nitelendirilmenize neden olan davranis bozukluklarina yol acan, tahammülsüzlügünüzü maksimum seviyeye cikartip yumrukla cam filan kirmak, tekmeyle dolabin kapagini göcürtmek gibi isler yapacak kadar disavurumcu olmanizi saglamak seklinde yan etkileri olan ama bunun yaninda gercekten uyumamanizi ve harbi harbi 10 saat nonstop atom fizigi falan da calismanizi saglayan ne idüğü belirsiz limonlu draje.",eksisozluk
ritalin,bir tur uyarici ilac. farmakolojik etkisi amfetaminden cok kokaine benzer. sinir hucreleri arasinda dopamin birikmesi sonucu uyarici etkisini gosterir. dikkat eksikligi hiperaktivite bozuklugu olan cocuklarda ve narkolepsi(anormal anlık uyku istegi hastaligi) olanlarda kullaniliyor turkiyede kirmizi receteye tabi. methyphenidate( alfa2 fenil piperidin asetik asit) etken maddesi. konsantrasyonu bir yere toplamak icin kullaniliyor. bagimlilik yapma potansiyeli var. etkisi daha cok merkezi sinir sistemine yonelik.,eksisozluk
ritalin,"öğrenci kimliğini kaybettiği söylenen hiperaktif çocukların aile, okul toplumsal yaşam düzeneğine uyum sağlaması için terapinin yanında verilen ilaç. çocuk konsantre olsun ki koyun edelim veya at ritalini kırsın kıçını çalışsın mantığındaki demokratik görünümlü tutucu ebeveynlerin can simidi.antisocial.com'da ezilip buruna çekilen 6 ritalinin kafa yaptığı yazıyordu; ben derim ki bi sikime yaramaz. sadece dopamin akışını 6 saat düzenleyip final zamanı adam gibi çalışmayı sağlar. 10'luk bir tabletin kana karışması yaklaşık 2 saati alır.etkisi ise ortalama 5.5 saat sürer..",eksisozluk
ritalin,south park  da  cartman ın dizi boyunca aldığı ve etrafta  christina aguilera yı görüp şaşırmasına neden olan nane.,eksisozluk
ritalin,deli ilaç. dikkat toplama açısından mükemmel ama birkaç kereden sonra etki süresi azalmaya başlıyor. 15 dakikalık dikkat toplayabilite için öyle bir ilacı da almak anlamsız. normal bünyede etkisi kısa sürüyor.,eksisozluk
ritalin,gerektiği gibi kullanılırsa hakikaten mucizevi etkileri olabilen bir ilaç. özellikle dersler konusunda.,eksisozluk
ritalin,(bkz:  şeytan icadı ),eksisozluk
ritalin,"bir ""upper;"" hem aktivite, hem de cevrenize gosterebildiginiz ilgiyi maksimize ediyor. uzun vadede sonuclari, ""tedavi ettigi"" veya bastirdigi soylenen ""rahatsizlik""larla ayni seyler. hiperaktivite, dikkatsizlik, vb.",eksisozluk
ritalin,"nedense aylarca kullanmama rağmen üzerimde hiçbir etkisini hissedemediğim,sonunda değiştirdiğim,kırmızı reçeteyle almanın mümkün olduğu ilaç. (bkz:  merkezi sinir sistemi stimülanı )",eksisozluk
ritalin,"vize döneminde ""sinir sahibi"", final döneminde ""akil hastasi"" seklinde nitelendirilmenize neden olan davranis bozukluklarina yol acan, tahammülsüzlügünüzü maksimum seviyeye cikartip yumrukla cam filan kirmak, tekmeyle dolabin kapagini göcürtmek gibi isler yapacak kadar disavurumcu olmanizi saglamak seklinde yan etkileri olan ama bunun yaninda gercekten uyumamanizi ve harbi harbi 10 saat nonstop atom fizigi falan da calismanizi saglayan ne idüğü belirsiz limonlu draje.",eksisozluk
ritalin,bir tur uyarici ilac. farmakolojik etkisi amfetaminden cok kokaine benzer. sinir hucreleri arasinda dopamin birikmesi sonucu uyarici etkisini gosterir. dikkat eksikligi hiperaktivite bozuklugu olan cocuklarda ve narkolepsi(anormal anlık uyku istegi hastaligi) olanlarda kullaniliyor turkiyede kirmizi receteye tabi. methyphenidate( alfa2 fenil piperidin asetik asit) etken maddesi. konsantrasyonu bir yere toplamak icin kullaniliyor. bagimlilik yapma potansiyeli var. etkisi daha cok merkezi sinir sistemine yonelik.,eksisozluk
ritalin,"öğrenci kimliğini kaybettiği söylenen hiperaktif çocukların aile, okul toplumsal yaşam düzeneğine uyum sağlaması için terapinin yanında verilen ilaç. çocuk konsantre olsun ki koyun edelim veya at ritalini kırsın kıçını çalışsın mantığındaki demokratik görünümlü tutucu ebeveynlerin can simidi.antisocial.com'da ezilip buruna çekilen 6 ritalinin kafa yaptığı yazıyordu; ben derim ki bi sikime yaramaz. sadece dopamin akışını 6 saat düzenleyip final zamanı adam gibi çalışmayı sağlar. 10'luk bir tabletin kana karışması yaklaşık 2 saati alır.etkisi ise ortalama 5.5 saat sürer..",eksisozluk
ritalin,south park  da  cartman ın dizi boyunca aldığı ve etrafta  christina aguilera yı görüp şaşırmasına neden olan nane.,eksisozluk
ritalin,deli ilaç. dikkat toplama açısından mükemmel ama birkaç kereden sonra etki süresi azalmaya başlıyor. 15 dakikalık dikkat toplayabilite için öyle bir ilacı da almak anlamsız. normal bünyede etkisi kısa sürüyor.,eksisozluk
ritalin,gerektiği gibi kullanılırsa hakikaten mucizevi etkileri olabilen bir ilaç. özellikle dersler konusunda.,eksisozluk
ritalin,(bkz:  şeytan icadı ),eksisozluk
ritalin,"bir ""upper;"" hem aktivite, hem de cevrenize gosterebildiginiz ilgiyi maksimize ediyor. uzun vadede sonuclari, ""tedavi ettigi"" veya bastirdigi soylenen ""rahatsizlik""larla ayni seyler. hiperaktivite, dikkatsizlik, vb.",eksisozluk
ritalin,"nedense aylarca kullanmama rağmen üzerimde hiçbir etkisini hissedemediğim,sonunda değiştirdiğim,kırmızı reçeteyle almanın mümkün olduğu ilaç. (bkz:  merkezi sinir sistemi stimülanı )",eksisozluk
ritalin,"vize döneminde ""sinir sahibi"", final döneminde ""akil hastasi"" seklinde nitelendirilmenize neden olan davranis bozukluklarina yol acan, tahammülsüzlügünüzü maksimum seviyeye cikartip yumrukla cam filan kirmak, tekmeyle dolabin kapagini göcürtmek gibi isler yapacak kadar disavurumcu olmanizi saglamak seklinde yan etkileri olan ama bunun yaninda gercekten uyumamanizi ve harbi harbi 10 saat nonstop atom fizigi falan da calismanizi saglayan ne idüğü belirsiz limonlu draje.",eksisozluk
ritalin,bir tur uyarici ilac. farmakolojik etkisi amfetaminden cok kokaine benzer. sinir hucreleri arasinda dopamin birikmesi sonucu uyarici etkisini gosterir. dikkat eksikligi hiperaktivite bozuklugu olan cocuklarda ve narkolepsi(anormal anlık uyku istegi hastaligi) olanlarda kullaniliyor turkiyede kirmizi receteye tabi. methyphenidate( alfa2 fenil piperidin asetik asit) etken maddesi. konsantrasyonu bir yere toplamak icin kullaniliyor. bagimlilik yapma potansiyeli var. etkisi daha cok merkezi sinir sistemine yonelik.,eksisozluk
ritalin,"öğrenci kimliğini kaybettiği söylenen hiperaktif çocukların aile, okul toplumsal yaşam düzeneğine uyum sağlaması için terapinin yanında verilen ilaç. çocuk konsantre olsun ki koyun edelim veya at ritalini kırsın kıçını çalışsın mantığındaki demokratik görünümlü tutucu ebeveynlerin can simidi.antisocial.com'da ezilip buruna çekilen 6 ritalinin kafa yaptığı yazıyordu; ben derim ki bi sikime yaramaz. sadece dopamin akışını 6 saat düzenleyip final zamanı adam gibi çalışmayı sağlar. 10'luk bir tabletin kana karışması yaklaşık 2 saati alır.etkisi ise ortalama 5.5 saat sürer..",eksisozluk
ritalin,south park  da  cartman ın dizi boyunca aldığı ve etrafta  christina aguilera yı görüp şaşırmasına neden olan nane.,eksisozluk
ritalin,deli ilaç. dikkat toplama açısından mükemmel ama birkaç kereden sonra etki süresi azalmaya başlıyor. 15 dakikalık dikkat toplayabilite için öyle bir ilacı da almak anlamsız. normal bünyede etkisi kısa sürüyor.,eksisozluk
ritalin,gerektiği gibi kullanılırsa hakikaten mucizevi etkileri olabilen bir ilaç. özellikle dersler konusunda.,eksisozluk
ritalin,(bkz:  şeytan icadı ),eksisozluk
ritalin,"bir ""upper;"" hem aktivite, hem de cevrenize gosterebildiginiz ilgiyi maksimize ediyor. uzun vadede sonuclari, ""tedavi ettigi"" veya bastirdigi soylenen ""rahatsizlik""larla ayni seyler. hiperaktivite, dikkatsizlik, vb.",eksisozluk
ritalin,"nedense aylarca kullanmama rağmen üzerimde hiçbir etkisini hissedemediğim,sonunda değiştirdiğim,kırmızı reçeteyle almanın mümkün olduğu ilaç. (bkz:  merkezi sinir sistemi stimülanı )",eksisozluk
ritalin,"vize döneminde ""sinir sahibi"", final döneminde ""akil hastasi"" seklinde nitelendirilmenize neden olan davranis bozukluklarina yol acan, tahammülsüzlügünüzü maksimum seviyeye cikartip yumrukla cam filan kirmak, tekmeyle dolabin kapagini göcürtmek gibi isler yapacak kadar disavurumcu olmanizi saglamak seklinde yan etkileri olan ama bunun yaninda gercekten uyumamanizi ve harbi harbi 10 saat nonstop atom fizigi falan da calismanizi saglayan ne idüğü belirsiz limonlu draje.",eksisozluk
ritalin,bir tur uyarici ilac. farmakolojik etkisi amfetaminden cok kokaine benzer. sinir hucreleri arasinda dopamin birikmesi sonucu uyarici etkisini gosterir. dikkat eksikligi hiperaktivite bozuklugu olan cocuklarda ve narkolepsi(anormal anlık uyku istegi hastaligi) olanlarda kullaniliyor turkiyede kirmizi receteye tabi. methyphenidate( alfa2 fenil piperidin asetik asit) etken maddesi. konsantrasyonu bir yere toplamak icin kullaniliyor. bagimlilik yapma potansiyeli var. etkisi daha cok merkezi sinir sistemine yonelik.,eksisozluk
ritalin,"öğrenci kimliğini kaybettiği söylenen hiperaktif çocukların aile, okul toplumsal yaşam düzeneğine uyum sağlaması için terapinin yanında verilen ilaç. çocuk konsantre olsun ki koyun edelim veya at ritalini kırsın kıçını çalışsın mantığındaki demokratik görünümlü tutucu ebeveynlerin can simidi.antisocial.com'da ezilip buruna çekilen 6 ritalinin kafa yaptığı yazıyordu; ben derim ki bi sikime yaramaz. sadece dopamin akışını 6 saat düzenleyip final zamanı adam gibi çalışmayı sağlar. 10'luk bir tabletin kana karışması yaklaşık 2 saati alır.etkisi ise ortalama 5.5 saat sürer..",eksisozluk
ritalin,south park  da  cartman ın dizi boyunca aldığı ve etrafta  christina aguilera yı görüp şaşırmasına neden olan nane.,eksisozluk
ritalin,deli ilaç. dikkat toplama açısından mükemmel ama birkaç kereden sonra etki süresi azalmaya başlıyor. 15 dakikalık dikkat toplayabilite için öyle bir ilacı da almak anlamsız. normal bünyede etkisi kısa sürüyor.,eksisozluk
ritalin,gerektiği gibi kullanılırsa hakikaten mucizevi etkileri olabilen bir ilaç. özellikle dersler konusunda.,eksisozluk
ritalin,(bkz:  şeytan icadı ),eksisozluk
ritalin,"bir ""upper;"" hem aktivite, hem de cevrenize gosterebildiginiz ilgiyi maksimize ediyor. uzun vadede sonuclari, ""tedavi ettigi"" veya bastirdigi soylenen ""rahatsizlik""larla ayni seyler. hiperaktivite, dikkatsizlik, vb.",eksisozluk
ritalin,"nedense aylarca kullanmama rağmen üzerimde hiçbir etkisini hissedemediğim,sonunda değiştirdiğim,kırmızı reçeteyle almanın mümkün olduğu ilaç. (bkz:  merkezi sinir sistemi stimülanı )",eksisozluk
ritalin,"vize döneminde ""sinir sahibi"", final döneminde ""akil hastasi"" seklinde nitelendirilmenize neden olan davranis bozukluklarina yol acan, tahammülsüzlügünüzü maksimum seviyeye cikartip yumrukla cam filan kirmak, tekmeyle dolabin kapagini göcürtmek gibi isler yapacak kadar disavurumcu olmanizi saglamak seklinde yan etkileri olan ama bunun yaninda gercekten uyumamanizi ve harbi harbi 10 saat nonstop atom fizigi falan da calismanizi saglayan ne idüğü belirsiz limonlu draje.",eksisozluk
ritalin,bir tur uyarici ilac. farmakolojik etkisi amfetaminden cok kokaine benzer. sinir hucreleri arasinda dopamin birikmesi sonucu uyarici etkisini gosterir. dikkat eksikligi hiperaktivite bozuklugu olan cocuklarda ve narkolepsi(anormal anlık uyku istegi hastaligi) olanlarda kullaniliyor turkiyede kirmizi receteye tabi. methyphenidate( alfa2 fenil piperidin asetik asit) etken maddesi. konsantrasyonu bir yere toplamak icin kullaniliyor. bagimlilik yapma potansiyeli var. etkisi daha cok merkezi sinir sistemine yonelik.,eksisozluk
ritalin,"öğrenci kimliğini kaybettiği söylenen hiperaktif çocukların aile, okul toplumsal yaşam düzeneğine uyum sağlaması için terapinin yanında verilen ilaç. çocuk konsantre olsun ki koyun edelim veya at ritalini kırsın kıçını çalışsın mantığındaki demokratik görünümlü tutucu ebeveynlerin can simidi.antisocial.com'da ezilip buruna çekilen 6 ritalinin kafa yaptığı yazıyordu; ben derim ki bi sikime yaramaz. sadece dopamin akışını 6 saat düzenleyip final zamanı adam gibi çalışmayı sağlar. 10'luk bir tabletin kana karışması yaklaşık 2 saati alır.etkisi ise ortalama 5.5 saat sürer..",eksisozluk
ritalin,south park  da  cartman ın dizi boyunca aldığı ve etrafta  christina aguilera yı görüp şaşırmasına neden olan nane.,eksisozluk
ritalin,deli ilaç. dikkat toplama açısından mükemmel ama birkaç kereden sonra etki süresi azalmaya başlıyor. 15 dakikalık dikkat toplayabilite için öyle bir ilacı da almak anlamsız. normal bünyede etkisi kısa sürüyor.,eksisozluk
ritalin,gerektiği gibi kullanılırsa hakikaten mucizevi etkileri olabilen bir ilaç. özellikle dersler konusunda.,eksisozluk
ritalin,(bkz:  şeytan icadı ),eksisozluk
ritalin,"bir ""upper;"" hem aktivite, hem de cevrenize gosterebildiginiz ilgiyi maksimize ediyor. uzun vadede sonuclari, ""tedavi ettigi"" veya bastirdigi soylenen ""rahatsizlik""larla ayni seyler. hiperaktivite, dikkatsizlik, vb.",eksisozluk
ritalin,"nedense aylarca kullanmama rağmen üzerimde hiçbir etkisini hissedemediğim,sonunda değiştirdiğim,kırmızı reçeteyle almanın mümkün olduğu ilaç. (bkz:  merkezi sinir sistemi stimülanı )",eksisozluk
ritalin,"vize döneminde ""sinir sahibi"", final döneminde ""akil hastasi"" seklinde nitelendirilmenize neden olan davranis bozukluklarina yol acan, tahammülsüzlügünüzü maksimum seviyeye cikartip yumrukla cam filan kirmak, tekmeyle dolabin kapagini göcürtmek gibi isler yapacak kadar disavurumcu olmanizi saglamak seklinde yan etkileri olan ama bunun yaninda gercekten uyumamanizi ve harbi harbi 10 saat nonstop atom fizigi falan da calismanizi saglayan ne idüğü belirsiz limonlu draje.",eksisozluk
ritalin,bir tur uyarici ilac. farmakolojik etkisi amfetaminden cok kokaine benzer. sinir hucreleri arasinda dopamin birikmesi sonucu uyarici etkisini gosterir. dikkat eksikligi hiperaktivite bozuklugu olan cocuklarda ve narkolepsi(anormal anlık uyku istegi hastaligi) olanlarda kullaniliyor turkiyede kirmizi receteye tabi. methyphenidate( alfa2 fenil piperidin asetik asit) etken maddesi. konsantrasyonu bir yere toplamak icin kullaniliyor. bagimlilik yapma potansiyeli var. etkisi daha cok merkezi sinir sistemine yonelik.,eksisozluk
ritalin,"öğrenci kimliğini kaybettiği söylenen hiperaktif çocukların aile, okul toplumsal yaşam düzeneğine uyum sağlaması için terapinin yanında verilen ilaç. çocuk konsantre olsun ki koyun edelim veya at ritalini kırsın kıçını çalışsın mantığındaki demokratik görünümlü tutucu ebeveynlerin can simidi.antisocial.com'da ezilip buruna çekilen 6 ritalinin kafa yaptığı yazıyordu; ben derim ki bi sikime yaramaz. sadece dopamin akışını 6 saat düzenleyip final zamanı adam gibi çalışmayı sağlar. 10'luk bir tabletin kana karışması yaklaşık 2 saati alır.etkisi ise ortalama 5.5 saat sürer..",eksisozluk
ritalin,south park  da  cartman ın dizi boyunca aldığı ve etrafta  christina aguilera yı görüp şaşırmasına neden olan nane.,eksisozluk
ritalin,deli ilaç. dikkat toplama açısından mükemmel ama birkaç kereden sonra etki süresi azalmaya başlıyor. 15 dakikalık dikkat toplayabilite için öyle bir ilacı da almak anlamsız. normal bünyede etkisi kısa sürüyor.,eksisozluk
ritalin,gerektiği gibi kullanılırsa hakikaten mucizevi etkileri olabilen bir ilaç. özellikle dersler konusunda.,eksisozluk
ritalin,(bkz:  şeytan icadı ),eksisozluk
ritalin,"bir ""upper;"" hem aktivite, hem de cevrenize gosterebildiginiz ilgiyi maksimize ediyor. uzun vadede sonuclari, ""tedavi ettigi"" veya bastirdigi soylenen ""rahatsizlik""larla ayni seyler. hiperaktivite, dikkatsizlik, vb.",eksisozluk
ritalin,"nedense aylarca kullanmama rağmen üzerimde hiçbir etkisini hissedemediğim,sonunda değiştirdiğim,kırmızı reçeteyle almanın mümkün olduğu ilaç. (bkz:  merkezi sinir sistemi stimülanı )",eksisozluk
ritalin,"vize döneminde ""sinir sahibi"", final döneminde ""akil hastasi"" seklinde nitelendirilmenize neden olan davranis bozukluklarina yol acan, tahammülsüzlügünüzü maksimum seviyeye cikartip yumrukla cam filan kirmak, tekmeyle dolabin kapagini göcürtmek gibi isler yapacak kadar disavurumcu olmanizi saglamak seklinde yan etkileri olan ama bunun yaninda gercekten uyumamanizi ve harbi harbi 10 saat nonstop atom fizigi falan da calismanizi saglayan ne idüğü belirsiz limonlu draje.",eksisozluk
ritalin,bir tur uyarici ilac. farmakolojik etkisi amfetaminden cok kokaine benzer. sinir hucreleri arasinda dopamin birikmesi sonucu uyarici etkisini gosterir. dikkat eksikligi hiperaktivite bozuklugu olan cocuklarda ve narkolepsi(anormal anlık uyku istegi hastaligi) olanlarda kullaniliyor turkiyede kirmizi receteye tabi. methyphenidate( alfa2 fenil piperidin asetik asit) etken maddesi. konsantrasyonu bir yere toplamak icin kullaniliyor. bagimlilik yapma potansiyeli var. etkisi daha cok merkezi sinir sistemine yonelik.,eksisozluk
ritalin,"öğrenci kimliğini kaybettiği söylenen hiperaktif çocukların aile, okul toplumsal yaşam düzeneğine uyum sağlaması için terapinin yanında verilen ilaç. çocuk konsantre olsun ki koyun edelim veya at ritalini kırsın kıçını çalışsın mantığındaki demokratik görünümlü tutucu ebeveynlerin can simidi.antisocial.com'da ezilip buruna çekilen 6 ritalinin kafa yaptığı yazıyordu; ben derim ki bi sikime yaramaz. sadece dopamin akışını 6 saat düzenleyip final zamanı adam gibi çalışmayı sağlar. 10'luk bir tabletin kana karışması yaklaşık 2 saati alır.etkisi ise ortalama 5.5 saat sürer..",eksisozluk
ritalin,south park  da  cartman ın dizi boyunca aldığı ve etrafta  christina aguilera yı görüp şaşırmasına neden olan nane.,eksisozluk
ritalin,deli ilaç. dikkat toplama açısından mükemmel ama birkaç kereden sonra etki süresi azalmaya başlıyor. 15 dakikalık dikkat toplayabilite için öyle bir ilacı da almak anlamsız. normal bünyede etkisi kısa sürüyor.,eksisozluk
ritalin,gerektiği gibi kullanılırsa hakikaten mucizevi etkileri olabilen bir ilaç. özellikle dersler konusunda.,eksisozluk
ritalin,(bkz:  şeytan icadı ),eksisozluk
ritalin,"bir ""upper;"" hem aktivite, hem de cevrenize gosterebildiginiz ilgiyi maksimize ediyor. uzun vadede sonuclari, ""tedavi ettigi"" veya bastirdigi soylenen ""rahatsizlik""larla ayni seyler. hiperaktivite, dikkatsizlik, vb.",eksisozluk
ritalin,"nedense aylarca kullanmama rağmen üzerimde hiçbir etkisini hissedemediğim,sonunda değiştirdiğim,kırmızı reçeteyle almanın mümkün olduğu ilaç. (bkz:  merkezi sinir sistemi stimülanı )",eksisozluk
ritalin,"vize döneminde ""sinir sahibi"", final döneminde ""akil hastasi"" seklinde nitelendirilmenize neden olan davranis bozukluklarina yol acan, tahammülsüzlügünüzü maksimum seviyeye cikartip yumrukla cam filan kirmak, tekmeyle dolabin kapagini göcürtmek gibi isler yapacak kadar disavurumcu olmanizi saglamak seklinde yan etkileri olan ama bunun yaninda gercekten uyumamanizi ve harbi harbi 10 saat nonstop atom fizigi falan da calismanizi saglayan ne idüğü belirsiz limonlu draje.",eksisozluk
ritalin,bir tur uyarici ilac. farmakolojik etkisi amfetaminden cok kokaine benzer. sinir hucreleri arasinda dopamin birikmesi sonucu uyarici etkisini gosterir. dikkat eksikligi hiperaktivite bozuklugu olan cocuklarda ve narkolepsi(anormal anlık uyku istegi hastaligi) olanlarda kullaniliyor turkiyede kirmizi receteye tabi. methyphenidate( alfa2 fenil piperidin asetik asit) etken maddesi. konsantrasyonu bir yere toplamak icin kullaniliyor. bagimlilik yapma potansiyeli var. etkisi daha cok merkezi sinir sistemine yonelik.,eksisozluk
ritalin,"öğrenci kimliğini kaybettiği söylenen hiperaktif çocukların aile, okul toplumsal yaşam düzeneğine uyum sağlaması için terapinin yanında verilen ilaç. çocuk konsantre olsun ki koyun edelim veya at ritalini kırsın kıçını çalışsın mantığındaki demokratik görünümlü tutucu ebeveynlerin can simidi.antisocial.com'da ezilip buruna çekilen 6 ritalinin kafa yaptığı yazıyordu; ben derim ki bi sikime yaramaz. sadece dopamin akışını 6 saat düzenleyip final zamanı adam gibi çalışmayı sağlar. 10'luk bir tabletin kana karışması yaklaşık 2 saati alır.etkisi ise ortalama 5.5 saat sürer..",eksisozluk
ritalin,south park  da  cartman ın dizi boyunca aldığı ve etrafta  christina aguilera yı görüp şaşırmasına neden olan nane.,eksisozluk
ritalin,deli ilaç. dikkat toplama açısından mükemmel ama birkaç kereden sonra etki süresi azalmaya başlıyor. 15 dakikalık dikkat toplayabilite için öyle bir ilacı da almak anlamsız. normal bünyede etkisi kısa sürüyor.,eksisozluk
ritalin,gerektiği gibi kullanılırsa hakikaten mucizevi etkileri olabilen bir ilaç. özellikle dersler konusunda.,eksisozluk
ritalin,(bkz:  şeytan icadı ),eksisozluk
ritalin,"bir ""upper;"" hem aktivite, hem de cevrenize gosterebildiginiz ilgiyi maksimize ediyor. uzun vadede sonuclari, ""tedavi ettigi"" veya bastirdigi soylenen ""rahatsizlik""larla ayni seyler. hiperaktivite, dikkatsizlik, vb.",eksisozluk
ritalin,"nedense aylarca kullanmama rağmen üzerimde hiçbir etkisini hissedemediğim,sonunda değiştirdiğim,kırmızı reçeteyle almanın mümkün olduğu ilaç. (bkz:  merkezi sinir sistemi stimülanı )",eksisozluk
ritalin,"vize döneminde ""sinir sahibi"", final döneminde ""akil hastasi"" seklinde nitelendirilmenize neden olan davranis bozukluklarina yol acan, tahammülsüzlügünüzü maksimum seviyeye cikartip yumrukla cam filan kirmak, tekmeyle dolabin kapagini göcürtmek gibi isler yapacak kadar disavurumcu olmanizi saglamak seklinde yan etkileri olan ama bunun yaninda gercekten uyumamanizi ve harbi harbi 10 saat nonstop atom fizigi falan da calismanizi saglayan ne idüğü belirsiz limonlu draje.",eksisozluk
ritalin,bir tur uyarici ilac. farmakolojik etkisi amfetaminden cok kokaine benzer. sinir hucreleri arasinda dopamin birikmesi sonucu uyarici etkisini gosterir. dikkat eksikligi hiperaktivite bozuklugu olan cocuklarda ve narkolepsi(anormal anlık uyku istegi hastaligi) olanlarda kullaniliyor turkiyede kirmizi receteye tabi. methyphenidate( alfa2 fenil piperidin asetik asit) etken maddesi. konsantrasyonu bir yere toplamak icin kullaniliyor. bagimlilik yapma potansiyeli var. etkisi daha cok merkezi sinir sistemine yonelik.,eksisozluk
ritalin,"öğrenci kimliğini kaybettiği söylenen hiperaktif çocukların aile, okul toplumsal yaşam düzeneğine uyum sağlaması için terapinin yanında verilen ilaç. çocuk konsantre olsun ki koyun edelim veya at ritalini kırsın kıçını çalışsın mantığındaki demokratik görünümlü tutucu ebeveynlerin can simidi.antisocial.com'da ezilip buruna çekilen 6 ritalinin kafa yaptığı yazıyordu; ben derim ki bi sikime yaramaz. sadece dopamin akışını 6 saat düzenleyip final zamanı adam gibi çalışmayı sağlar. 10'luk bir tabletin kana karışması yaklaşık 2 saati alır.etkisi ise ortalama 5.5 saat sürer..",eksisozluk
ritalin,south park  da  cartman ın dizi boyunca aldığı ve etrafta  christina aguilera yı görüp şaşırmasına neden olan nane.,eksisozluk
ritalin,deli ilaç. dikkat toplama açısından mükemmel ama birkaç kereden sonra etki süresi azalmaya başlıyor. 15 dakikalık dikkat toplayabilite için öyle bir ilacı da almak anlamsız. normal bünyede etkisi kısa sürüyor.,eksisozluk
ritalin,gerektiği gibi kullanılırsa hakikaten mucizevi etkileri olabilen bir ilaç. özellikle dersler konusunda.,eksisozluk
ritalin,(bkz:  şeytan icadı ),eksisozluk
ritalin,"bir ""upper;"" hem aktivite, hem de cevrenize gosterebildiginiz ilgiyi maksimize ediyor. uzun vadede sonuclari, ""tedavi ettigi"" veya bastirdigi soylenen ""rahatsizlik""larla ayni seyler. hiperaktivite, dikkatsizlik, vb.",eksisozluk
ritalin,"nedense aylarca kullanmama rağmen üzerimde hiçbir etkisini hissedemediğim,sonunda değiştirdiğim,kırmızı reçeteyle almanın mümkün olduğu ilaç. (bkz:  merkezi sinir sistemi stimülanı )",eksisozluk
ritalin,"vize döneminde ""sinir sahibi"", final döneminde ""akil hastasi"" seklinde nitelendirilmenize neden olan davranis bozukluklarina yol acan, tahammülsüzlügünüzü maksimum seviyeye cikartip yumrukla cam filan kirmak, tekmeyle dolabin kapagini göcürtmek gibi isler yapacak kadar disavurumcu olmanizi saglamak seklinde yan etkileri olan ama bunun yaninda gercekten uyumamanizi ve harbi harbi 10 saat nonstop atom fizigi falan da calismanizi saglayan ne idüğü belirsiz limonlu draje.",eksisozluk
ritalin,bir tur uyarici ilac. farmakolojik etkisi amfetaminden cok kokaine benzer. sinir hucreleri arasinda dopamin birikmesi sonucu uyarici etkisini gosterir. dikkat eksikligi hiperaktivite bozuklugu olan cocuklarda ve narkolepsi(anormal anlık uyku istegi hastaligi) olanlarda kullaniliyor turkiyede kirmizi receteye tabi. methyphenidate( alfa2 fenil piperidin asetik asit) etken maddesi. konsantrasyonu bir yere toplamak icin kullaniliyor. bagimlilik yapma potansiyeli var. etkisi daha cok merkezi sinir sistemine yonelik.,eksisozluk
ritalin,"öğrenci kimliğini kaybettiği söylenen hiperaktif çocukların aile, okul toplumsal yaşam düzeneğine uyum sağlaması için terapinin yanında verilen ilaç. çocuk konsantre olsun ki koyun edelim veya at ritalini kırsın kıçını çalışsın mantığındaki demokratik görünümlü tutucu ebeveynlerin can simidi.antisocial.com'da ezilip buruna çekilen 6 ritalinin kafa yaptığı yazıyordu; ben derim ki bi sikime yaramaz. sadece dopamin akışını 6 saat düzenleyip final zamanı adam gibi çalışmayı sağlar. 10'luk bir tabletin kana karışması yaklaşık 2 saati alır.etkisi ise ortalama 5.5 saat sürer..",eksisozluk
ritalin,south park  da  cartman ın dizi boyunca aldığı ve etrafta  christina aguilera yı görüp şaşırmasına neden olan nane.,eksisozluk
ritalin,deli ilaç. dikkat toplama açısından mükemmel ama birkaç kereden sonra etki süresi azalmaya başlıyor. 15 dakikalık dikkat toplayabilite için öyle bir ilacı da almak anlamsız. normal bünyede etkisi kısa sürüyor.,eksisozluk
ritalin,gerektiği gibi kullanılırsa hakikaten mucizevi etkileri olabilen bir ilaç. özellikle dersler konusunda.,eksisozluk
ritalin,(bkz:  şeytan icadı ),eksisozluk
ritalin,"bir ""upper;"" hem aktivite, hem de cevrenize gosterebildiginiz ilgiyi maksimize ediyor. uzun vadede sonuclari, ""tedavi ettigi"" veya bastirdigi soylenen ""rahatsizlik""larla ayni seyler. hiperaktivite, dikkatsizlik, vb.",eksisozluk
ritalin,"nedense aylarca kullanmama rağmen üzerimde hiçbir etkisini hissedemediğim,sonunda değiştirdiğim,kırmızı reçeteyle almanın mümkün olduğu ilaç. (bkz:  merkezi sinir sistemi stimülanı )",eksisozluk
ritalin,"vize döneminde ""sinir sahibi"", final döneminde ""akil hastasi"" seklinde nitelendirilmenize neden olan davranis bozukluklarina yol acan, tahammülsüzlügünüzü maksimum seviyeye cikartip yumrukla cam filan kirmak, tekmeyle dolabin kapagini göcürtmek gibi isler yapacak kadar disavurumcu olmanizi saglamak seklinde yan etkileri olan ama bunun yaninda gercekten uyumamanizi ve harbi harbi 10 saat nonstop atom fizigi falan da calismanizi saglayan ne idüğü belirsiz limonlu draje.",eksisozluk
ritalin,bir tur uyarici ilac. farmakolojik etkisi amfetaminden cok kokaine benzer. sinir hucreleri arasinda dopamin birikmesi sonucu uyarici etkisini gosterir. dikkat eksikligi hiperaktivite bozuklugu olan cocuklarda ve narkolepsi(anormal anlık uyku istegi hastaligi) olanlarda kullaniliyor turkiyede kirmizi receteye tabi. methyphenidate( alfa2 fenil piperidin asetik asit) etken maddesi. konsantrasyonu bir yere toplamak icin kullaniliyor. bagimlilik yapma potansiyeli var. etkisi daha cok merkezi sinir sistemine yonelik.,eksisozluk
ritalin,"öğrenci kimliğini kaybettiği söylenen hiperaktif çocukların aile, okul toplumsal yaşam düzeneğine uyum sağlaması için terapinin yanında verilen ilaç. çocuk konsantre olsun ki koyun edelim veya at ritalini kırsın kıçını çalışsın mantığındaki demokratik görünümlü tutucu ebeveynlerin can simidi.antisocial.com'da ezilip buruna çekilen 6 ritalinin kafa yaptığı yazıyordu; ben derim ki bi sikime yaramaz. sadece dopamin akışını 6 saat düzenleyip final zamanı adam gibi çalışmayı sağlar. 10'luk bir tabletin kana karışması yaklaşık 2 saati alır.etkisi ise ortalama 5.5 saat sürer..",eksisozluk
ritalin,south park  da  cartman ın dizi boyunca aldığı ve etrafta  christina aguilera yı görüp şaşırmasına neden olan nane.,eksisozluk
ritalin,deli ilaç. dikkat toplama açısından mükemmel ama birkaç kereden sonra etki süresi azalmaya başlıyor. 15 dakikalık dikkat toplayabilite için öyle bir ilacı da almak anlamsız. normal bünyede etkisi kısa sürüyor.,eksisozluk
ritalin,gerektiği gibi kullanılırsa hakikaten mucizevi etkileri olabilen bir ilaç. özellikle dersler konusunda.,eksisozluk
ritalin,(bkz:  şeytan icadı ),eksisozluk
ritalin,"bir ""upper;"" hem aktivite, hem de cevrenize gosterebildiginiz ilgiyi maksimize ediyor. uzun vadede sonuclari, ""tedavi ettigi"" veya bastirdigi soylenen ""rahatsizlik""larla ayni seyler. hiperaktivite, dikkatsizlik, vb.",eksisozluk
ritalin,"nedense aylarca kullanmama rağmen üzerimde hiçbir etkisini hissedemediğim,sonunda değiştirdiğim,kırmızı reçeteyle almanın mümkün olduğu ilaç. (bkz:  merkezi sinir sistemi stimülanı )",eksisozluk
ritalin,"vize döneminde ""sinir sahibi"", final döneminde ""akil hastasi"" seklinde nitelendirilmenize neden olan davranis bozukluklarina yol acan, tahammülsüzlügünüzü maksimum seviyeye cikartip yumrukla cam filan kirmak, tekmeyle dolabin kapagini göcürtmek gibi isler yapacak kadar disavurumcu olmanizi saglamak seklinde yan etkileri olan ama bunun yaninda gercekten uyumamanizi ve harbi harbi 10 saat nonstop atom fizigi falan da calismanizi saglayan ne idüğü belirsiz limonlu draje.",eksisozluk
ritalin,bir tur uyarici ilac. farmakolojik etkisi amfetaminden cok kokaine benzer. sinir hucreleri arasinda dopamin birikmesi sonucu uyarici etkisini gosterir. dikkat eksikligi hiperaktivite bozuklugu olan cocuklarda ve narkolepsi(anormal anlık uyku istegi hastaligi) olanlarda kullaniliyor turkiyede kirmizi receteye tabi. methyphenidate( alfa2 fenil piperidin asetik asit) etken maddesi. konsantrasyonu bir yere toplamak icin kullaniliyor. bagimlilik yapma potansiyeli var. etkisi daha cok merkezi sinir sistemine yonelik.,eksisozluk
ritalin,"öğrenci kimliğini kaybettiği söylenen hiperaktif çocukların aile, okul toplumsal yaşam düzeneğine uyum sağlaması için terapinin yanında verilen ilaç. çocuk konsantre olsun ki koyun edelim veya at ritalini kırsın kıçını çalışsın mantığındaki demokratik görünümlü tutucu ebeveynlerin can simidi.antisocial.com'da ezilip buruna çekilen 6 ritalinin kafa yaptığı yazıyordu; ben derim ki bi sikime yaramaz. sadece dopamin akışını 6 saat düzenleyip final zamanı adam gibi çalışmayı sağlar. 10'luk bir tabletin kana karışması yaklaşık 2 saati alır.etkisi ise ortalama 5.5 saat sürer..",eksisozluk
ritalin,south park  da  cartman ın dizi boyunca aldığı ve etrafta  christina aguilera yı görüp şaşırmasına neden olan nane.,eksisozluk
ritalin,deli ilaç. dikkat toplama açısından mükemmel ama birkaç kereden sonra etki süresi azalmaya başlıyor. 15 dakikalık dikkat toplayabilite için öyle bir ilacı da almak anlamsız. normal bünyede etkisi kısa sürüyor.,eksisozluk
ritalin,gerektiği gibi kullanılırsa hakikaten mucizevi etkileri olabilen bir ilaç. özellikle dersler konusunda.,eksisozluk
ritalin,(bkz:  şeytan icadı ),eksisozluk
ritalin,"bir ""upper;"" hem aktivite, hem de cevrenize gosterebildiginiz ilgiyi maksimize ediyor. uzun vadede sonuclari, ""tedavi ettigi"" veya bastirdigi soylenen ""rahatsizlik""larla ayni seyler. hiperaktivite, dikkatsizlik, vb.",eksisozluk
ritalin,"nedense aylarca kullanmama rağmen üzerimde hiçbir etkisini hissedemediğim,sonunda değiştirdiğim,kırmızı reçeteyle almanın mümkün olduğu ilaç. (bkz:  merkezi sinir sistemi stimülanı )",eksisozluk
ritalin,"vize döneminde ""sinir sahibi"", final döneminde ""akil hastasi"" seklinde nitelendirilmenize neden olan davranis bozukluklarina yol acan, tahammülsüzlügünüzü maksimum seviyeye cikartip yumrukla cam filan kirmak, tekmeyle dolabin kapagini göcürtmek gibi isler yapacak kadar disavurumcu olmanizi saglamak seklinde yan etkileri olan ama bunun yaninda gercekten uyumamanizi ve harbi harbi 10 saat nonstop atom fizigi falan da calismanizi saglayan ne idüğü belirsiz limonlu draje.",eksisozluk
ritalin,bir tur uyarici ilac. farmakolojik etkisi amfetaminden cok kokaine benzer. sinir hucreleri arasinda dopamin birikmesi sonucu uyarici etkisini gosterir. dikkat eksikligi hiperaktivite bozuklugu olan cocuklarda ve narkolepsi(anormal anlık uyku istegi hastaligi) olanlarda kullaniliyor turkiyede kirmizi receteye tabi. methyphenidate( alfa2 fenil piperidin asetik asit) etken maddesi. konsantrasyonu bir yere toplamak icin kullaniliyor. bagimlilik yapma potansiyeli var. etkisi daha cok merkezi sinir sistemine yonelik.,eksisozluk
ritalin,"öğrenci kimliğini kaybettiği söylenen hiperaktif çocukların aile, okul toplumsal yaşam düzeneğine uyum sağlaması için terapinin yanında verilen ilaç. çocuk konsantre olsun ki koyun edelim veya at ritalini kırsın kıçını çalışsın mantığındaki demokratik görünümlü tutucu ebeveynlerin can simidi.antisocial.com'da ezilip buruna çekilen 6 ritalinin kafa yaptığı yazıyordu; ben derim ki bi sikime yaramaz. sadece dopamin akışını 6 saat düzenleyip final zamanı adam gibi çalışmayı sağlar. 10'luk bir tabletin kana karışması yaklaşık 2 saati alır.etkisi ise ortalama 5.5 saat sürer..",eksisozluk
ritalin,south park  da  cartman ın dizi boyunca aldığı ve etrafta  christina aguilera yı görüp şaşırmasına neden olan nane.,eksisozluk
ritalin,deli ilaç. dikkat toplama açısından mükemmel ama birkaç kereden sonra etki süresi azalmaya başlıyor. 15 dakikalık dikkat toplayabilite için öyle bir ilacı da almak anlamsız. normal bünyede etkisi kısa sürüyor.,eksisozluk
ritalin,gerektiği gibi kullanılırsa hakikaten mucizevi etkileri olabilen bir ilaç. özellikle dersler konusunda.,eksisozluk
ritalin,(bkz:  şeytan icadı ),eksisozluk
ritalin,"bir ""upper;"" hem aktivite, hem de cevrenize gosterebildiginiz ilgiyi maksimize ediyor. uzun vadede sonuclari, ""tedavi ettigi"" veya bastirdigi soylenen ""rahatsizlik""larla ayni seyler. hiperaktivite, dikkatsizlik, vb.",eksisozluk
ritalin,"nedense aylarca kullanmama rağmen üzerimde hiçbir etkisini hissedemediğim,sonunda değiştirdiğim,kırmızı reçeteyle almanın mümkün olduğu ilaç. (bkz:  merkezi sinir sistemi stimülanı )",eksisozluk
ritalin,"vize döneminde ""sinir sahibi"", final döneminde ""akil hastasi"" seklinde nitelendirilmenize neden olan davranis bozukluklarina yol acan, tahammülsüzlügünüzü maksimum seviyeye cikartip yumrukla cam filan kirmak, tekmeyle dolabin kapagini göcürtmek gibi isler yapacak kadar disavurumcu olmanizi saglamak seklinde yan etkileri olan ama bunun yaninda gercekten uyumamanizi ve harbi harbi 10 saat nonstop atom fizigi falan da calismanizi saglayan ne idüğü belirsiz limonlu draje.",eksisozluk
ritalin,bir tur uyarici ilac. farmakolojik etkisi amfetaminden cok kokaine benzer. sinir hucreleri arasinda dopamin birikmesi sonucu uyarici etkisini gosterir. dikkat eksikligi hiperaktivite bozuklugu olan cocuklarda ve narkolepsi(anormal anlık uyku istegi hastaligi) olanlarda kullaniliyor turkiyede kirmizi receteye tabi. methyphenidate( alfa2 fenil piperidin asetik asit) etken maddesi. konsantrasyonu bir yere toplamak icin kullaniliyor. bagimlilik yapma potansiyeli var. etkisi daha cok merkezi sinir sistemine yonelik.,eksisozluk
ritalin,"öğrenci kimliğini kaybettiği söylenen hiperaktif çocukların aile, okul toplumsal yaşam düzeneğine uyum sağlaması için terapinin yanında verilen ilaç. çocuk konsantre olsun ki koyun edelim veya at ritalini kırsın kıçını çalışsın mantığındaki demokratik görünümlü tutucu ebeveynlerin can simidi.antisocial.com'da ezilip buruna çekilen 6 ritalinin kafa yaptığı yazıyordu; ben derim ki bi sikime yaramaz. sadece dopamin akışını 6 saat düzenleyip final zamanı adam gibi çalışmayı sağlar. 10'luk bir tabletin kana karışması yaklaşık 2 saati alır.etkisi ise ortalama 5.5 saat sürer..",eksisozluk
ritalin,south park  da  cartman ın dizi boyunca aldığı ve etrafta  christina aguilera yı görüp şaşırmasına neden olan nane.,eksisozluk
ritalin,deli ilaç. dikkat toplama açısından mükemmel ama birkaç kereden sonra etki süresi azalmaya başlıyor. 15 dakikalık dikkat toplayabilite için öyle bir ilacı da almak anlamsız. normal bünyede etkisi kısa sürüyor.,eksisozluk
ritalin,gerektiği gibi kullanılırsa hakikaten mucizevi etkileri olabilen bir ilaç. özellikle dersler konusunda.,eksisozluk
ritalin,(bkz:  şeytan icadı ),eksisozluk
paracetamol,"asetaminofen olarak da bilinen bir tur agri kesici, ticari sekillerinini en unlusu  tylenol ,  gripin  ve  vermidon  olup yarim gram civarinda parasetamolun yanina 50 mg kadar kafein eklenerek hazirlanmis ilaclardir. naproksen sodyum yada metamizol sodyum bulunmadigi zamanlarda bu satirlarin yazari tarafindan daha yogun kullanilmaktadir ancak  etanol le etkilesimi bulunmamasi ilaci cazip kilan en onemli etkendir. toksik etki gostermesi icin kendinizi cok kasmaniz gerekir. intihar etmek icin akillica bi yol diildir. bi tek kronik alkolikseniz bu denenebilcek bi alternarif hale gelir. kan beyin bariyerini ve plasentayi geciyordu diye hatirliyorum ama hamile olma ihtimalim bulunmadigindan hamilelikteki kullanimi konusunda herhangi bir arastirma cabam bulunmadi.",eksisozluk
paracetamol,mideye çalisan bu tür ilaclari aç karna almak sorun olabilir... (bkz:  panaljin ) (bkz:  aljin ),eksisozluk
paracetamol,gripli gecelerde günlük sayfalarına sayıklamalarla yansıyan ilaç: parasetamol parasetamol günde bin miligram parasetamol yalnızca uyku getiriyor... kafeinle birlikte hazırlanmasının nedeni çok uyku getiren bir madde olması herhalde.,eksisozluk
paracetamol,(bkz:  ağrı kesici ) ya da (bkz:  analjezik ) (bkz:  antipiretik ),eksisozluk
paracetamol,catatonia'nın international velvet albümündeki bir şarkının adında geçer. goldfish and paracetamol what fools boredom breeds so much to do so many goldfish to feed and paracetamol i take them all they line my stomach wall,eksisozluk
paracetamol,küçük çocuklara nispeten zararsız  öksürük şurubu  içerik maddesi (bkz:  calpol ),eksisozluk
paracetamol,küçüklükten beri bayıldığım her hastalığımı sessizce çilekeşçe tedavi eden şurup ` :ve içeriği`,eksisozluk
paracetamol,"fazla ve uzun zaman kullanildiginda, karacigerde donusumsuz zararlar olusturan agri kesici.",eksisozluk
paracetamol,tylol hot  in 20g'lik posetlerinin 500mg'ini olusturan madde,eksisozluk
paracetamol,"asetaminofen olarak da bilinen bir tur agri kesici, ticari sekillerinini en unlusu  tylenol ,  gripin  ve  vermidon  olup yarim gram civarinda parasetamolun yanina 50 mg kadar kafein eklenerek hazirlanmis ilaclardir. naproksen sodyum yada metamizol sodyum bulunmadigi zamanlarda bu satirlarin yazari tarafindan daha yogun kullanilmaktadir ancak  etanol le etkilesimi bulunmamasi ilaci cazip kilan en onemli etkendir. toksik etki gostermesi icin kendinizi cok kasmaniz gerekir. intihar etmek icin akillica bi yol diildir. bi tek kronik alkolikseniz bu denenebilcek bi alternarif hale gelir. kan beyin bariyerini ve plasentayi geciyordu diye hatirliyorum ama hamile olma ihtimalim bulunmadigindan hamilelikteki kullanimi konusunda herhangi bir arastirma cabam bulunmadi.",eksisozluk
paracetamol,mideye çalisan bu tür ilaclari aç karna almak sorun olabilir... (bkz:  panaljin ) (bkz:  aljin ),eksisozluk
paracetamol,gripli gecelerde günlük sayfalarına sayıklamalarla yansıyan ilaç: parasetamol parasetamol günde bin miligram parasetamol yalnızca uyku getiriyor... kafeinle birlikte hazırlanmasının nedeni çok uyku getiren bir madde olması herhalde.,eksisozluk
paracetamol,(bkz:  ağrı kesici ) ya da (bkz:  analjezik ) (bkz:  antipiretik ),eksisozluk
paracetamol,catatonia'nın international velvet albümündeki bir şarkının adında geçer. goldfish and paracetamol what fools boredom breeds so much to do so many goldfish to feed and paracetamol i take them all they line my stomach wall,eksisozluk
paracetamol,küçük çocuklara nispeten zararsız  öksürük şurubu  içerik maddesi (bkz:  calpol ),eksisozluk
paracetamol,küçüklükten beri bayıldığım her hastalığımı sessizce çilekeşçe tedavi eden şurup ` :ve içeriği`,eksisozluk
paracetamol,"fazla ve uzun zaman kullanildiginda, karacigerde donusumsuz zararlar olusturan agri kesici.",eksisozluk
paracetamol,tylol hot  in 20g'lik posetlerinin 500mg'ini olusturan madde,eksisozluk
paracetamol,"asetaminofen olarak da bilinen bir tur agri kesici, ticari sekillerinini en unlusu  tylenol ,  gripin  ve  vermidon  olup yarim gram civarinda parasetamolun yanina 50 mg kadar kafein eklenerek hazirlanmis ilaclardir. naproksen sodyum yada metamizol sodyum bulunmadigi zamanlarda bu satirlarin yazari tarafindan daha yogun kullanilmaktadir ancak  etanol le etkilesimi bulunmamasi ilaci cazip kilan en onemli etkendir. toksik etki gostermesi icin kendinizi cok kasmaniz gerekir. intihar etmek icin akillica bi yol diildir. bi tek kronik alkolikseniz bu denenebilcek bi alternarif hale gelir. kan beyin bariyerini ve plasentayi geciyordu diye hatirliyorum ama hamile olma ihtimalim bulunmadigindan hamilelikteki kullanimi konusunda herhangi bir arastirma cabam bulunmadi.",eksisozluk
paracetamol,mideye çalisan bu tür ilaclari aç karna almak sorun olabilir... (bkz:  panaljin ) (bkz:  aljin ),eksisozluk
paracetamol,gripli gecelerde günlük sayfalarına sayıklamalarla yansıyan ilaç: parasetamol parasetamol günde bin miligram parasetamol yalnızca uyku getiriyor... kafeinle birlikte hazırlanmasının nedeni çok uyku getiren bir madde olması herhalde.,eksisozluk
paracetamol,(bkz:  ağrı kesici ) ya da (bkz:  analjezik ) (bkz:  antipiretik ),eksisozluk
paracetamol,catatonia'nın international velvet albümündeki bir şarkının adında geçer. goldfish and paracetamol what fools boredom breeds so much to do so many goldfish to feed and paracetamol i take them all they line my stomach wall,eksisozluk
paracetamol,küçük çocuklara nispeten zararsız  öksürük şurubu  içerik maddesi (bkz:  calpol ),eksisozluk
paracetamol,küçüklükten beri bayıldığım her hastalığımı sessizce çilekeşçe tedavi eden şurup ` :ve içeriği`,eksisozluk
paracetamol,"fazla ve uzun zaman kullanildiginda, karacigerde donusumsuz zararlar olusturan agri kesici.",eksisozluk
paracetamol,tylol hot  in 20g'lik posetlerinin 500mg'ini olusturan madde,eksisozluk
paracetamol,"asetaminofen olarak da bilinen bir tur agri kesici, ticari sekillerinini en unlusu  tylenol ,  gripin  ve  vermidon  olup yarim gram civarinda parasetamolun yanina 50 mg kadar kafein eklenerek hazirlanmis ilaclardir. naproksen sodyum yada metamizol sodyum bulunmadigi zamanlarda bu satirlarin yazari tarafindan daha yogun kullanilmaktadir ancak  etanol le etkilesimi bulunmamasi ilaci cazip kilan en onemli etkendir. toksik etki gostermesi icin kendinizi cok kasmaniz gerekir. intihar etmek icin akillica bi yol diildir. bi tek kronik alkolikseniz bu denenebilcek bi alternarif hale gelir. kan beyin bariyerini ve plasentayi geciyordu diye hatirliyorum ama hamile olma ihtimalim bulunmadigindan hamilelikteki kullanimi konusunda herhangi bir arastirma cabam bulunmadi.",eksisozluk
paracetamol,mideye çalisan bu tür ilaclari aç karna almak sorun olabilir... (bkz:  panaljin ) (bkz:  aljin ),eksisozluk
paracetamol,gripli gecelerde günlük sayfalarına sayıklamalarla yansıyan ilaç: parasetamol parasetamol günde bin miligram parasetamol yalnızca uyku getiriyor... kafeinle birlikte hazırlanmasının nedeni çok uyku getiren bir madde olması herhalde.,eksisozluk
paracetamol,(bkz:  ağrı kesici ) ya da (bkz:  analjezik ) (bkz:  antipiretik ),eksisozluk
paracetamol,catatonia'nın international velvet albümündeki bir şarkının adında geçer. goldfish and paracetamol what fools boredom breeds so much to do so many goldfish to feed and paracetamol i take them all they line my stomach wall,eksisozluk
paracetamol,küçük çocuklara nispeten zararsız  öksürük şurubu  içerik maddesi (bkz:  calpol ),eksisozluk
paracetamol,küçüklükten beri bayıldığım her hastalığımı sessizce çilekeşçe tedavi eden şurup ` :ve içeriği`,eksisozluk
paracetamol,"fazla ve uzun zaman kullanildiginda, karacigerde donusumsuz zararlar olusturan agri kesici.",eksisozluk
paracetamol,tylol hot  in 20g'lik posetlerinin 500mg'ini olusturan madde,eksisozluk
paracetamol,"asetaminofen olarak da bilinen bir tur agri kesici, ticari sekillerinini en unlusu  tylenol ,  gripin  ve  vermidon  olup yarim gram civarinda parasetamolun yanina 50 mg kadar kafein eklenerek hazirlanmis ilaclardir. naproksen sodyum yada metamizol sodyum bulunmadigi zamanlarda bu satirlarin yazari tarafindan daha yogun kullanilmaktadir ancak  etanol le etkilesimi bulunmamasi ilaci cazip kilan en onemli etkendir. toksik etki gostermesi icin kendinizi cok kasmaniz gerekir. intihar etmek icin akillica bi yol diildir. bi tek kronik alkolikseniz bu denenebilcek bi alternarif hale gelir. kan beyin bariyerini ve plasentayi geciyordu diye hatirliyorum ama hamile olma ihtimalim bulunmadigindan hamilelikteki kullanimi konusunda herhangi bir arastirma cabam bulunmadi.",eksisozluk
paracetamol,mideye çalisan bu tür ilaclari aç karna almak sorun olabilir... (bkz:  panaljin ) (bkz:  aljin ),eksisozluk
paracetamol,gripli gecelerde günlük sayfalarına sayıklamalarla yansıyan ilaç: parasetamol parasetamol günde bin miligram parasetamol yalnızca uyku getiriyor... kafeinle birlikte hazırlanmasının nedeni çok uyku getiren bir madde olması herhalde.,eksisozluk
paracetamol,(bkz:  ağrı kesici ) ya da (bkz:  analjezik ) (bkz:  antipiretik ),eksisozluk
paracetamol,catatonia'nın international velvet albümündeki bir şarkının adında geçer. goldfish and paracetamol what fools boredom breeds so much to do so many goldfish to feed and paracetamol i take them all they line my stomach wall,eksisozluk
paracetamol,küçük çocuklara nispeten zararsız  öksürük şurubu  içerik maddesi (bkz:  calpol ),eksisozluk
paracetamol,küçüklükten beri bayıldığım her hastalığımı sessizce çilekeşçe tedavi eden şurup ` :ve içeriği`,eksisozluk
paracetamol,"fazla ve uzun zaman kullanildiginda, karacigerde donusumsuz zararlar olusturan agri kesici.",eksisozluk
paracetamol,tylol hot  in 20g'lik posetlerinin 500mg'ini olusturan madde,eksisozluk
paracetamol,"asetaminofen olarak da bilinen bir tur agri kesici, ticari sekillerinini en unlusu  tylenol ,  gripin  ve  vermidon  olup yarim gram civarinda parasetamolun yanina 50 mg kadar kafein eklenerek hazirlanmis ilaclardir. naproksen sodyum yada metamizol sodyum bulunmadigi zamanlarda bu satirlarin yazari tarafindan daha yogun kullanilmaktadir ancak  etanol le etkilesimi bulunmamasi ilaci cazip kilan en onemli etkendir. toksik etki gostermesi icin kendinizi cok kasmaniz gerekir. intihar etmek icin akillica bi yol diildir. bi tek kronik alkolikseniz bu denenebilcek bi alternarif hale gelir. kan beyin bariyerini ve plasentayi geciyordu diye hatirliyorum ama hamile olma ihtimalim bulunmadigindan hamilelikteki kullanimi konusunda herhangi bir arastirma cabam bulunmadi.",eksisozluk
paracetamol,mideye çalisan bu tür ilaclari aç karna almak sorun olabilir... (bkz:  panaljin ) (bkz:  aljin ),eksisozluk
paracetamol,gripli gecelerde günlük sayfalarına sayıklamalarla yansıyan ilaç: parasetamol parasetamol günde bin miligram parasetamol yalnızca uyku getiriyor... kafeinle birlikte hazırlanmasının nedeni çok uyku getiren bir madde olması herhalde.,eksisozluk
paracetamol,(bkz:  ağrı kesici ) ya da (bkz:  analjezik ) (bkz:  antipiretik ),eksisozluk
paracetamol,catatonia'nın international velvet albümündeki bir şarkının adında geçer. goldfish and paracetamol what fools boredom breeds so much to do so many goldfish to feed and paracetamol i take them all they line my stomach wall,eksisozluk
paracetamol,küçük çocuklara nispeten zararsız  öksürük şurubu  içerik maddesi (bkz:  calpol ),eksisozluk
paracetamol,küçüklükten beri bayıldığım her hastalığımı sessizce çilekeşçe tedavi eden şurup ` :ve içeriği`,eksisozluk
paracetamol,"fazla ve uzun zaman kullanildiginda, karacigerde donusumsuz zararlar olusturan agri kesici.",eksisozluk
paracetamol,tylol hot  in 20g'lik posetlerinin 500mg'ini olusturan madde,eksisozluk
paracetamol,"asetaminofen olarak da bilinen bir tur agri kesici, ticari sekillerinini en unlusu  tylenol ,  gripin  ve  vermidon  olup yarim gram civarinda parasetamolun yanina 50 mg kadar kafein eklenerek hazirlanmis ilaclardir. naproksen sodyum yada metamizol sodyum bulunmadigi zamanlarda bu satirlarin yazari tarafindan daha yogun kullanilmaktadir ancak  etanol le etkilesimi bulunmamasi ilaci cazip kilan en onemli etkendir. toksik etki gostermesi icin kendinizi cok kasmaniz gerekir. intihar etmek icin akillica bi yol diildir. bi tek kronik alkolikseniz bu denenebilcek bi alternarif hale gelir. kan beyin bariyerini ve plasentayi geciyordu diye hatirliyorum ama hamile olma ihtimalim bulunmadigindan hamilelikteki kullanimi konusunda herhangi bir arastirma cabam bulunmadi.",eksisozluk
paracetamol,mideye çalisan bu tür ilaclari aç karna almak sorun olabilir... (bkz:  panaljin ) (bkz:  aljin ),eksisozluk
paracetamol,gripli gecelerde günlük sayfalarına sayıklamalarla yansıyan ilaç: parasetamol parasetamol günde bin miligram parasetamol yalnızca uyku getiriyor... kafeinle birlikte hazırlanmasının nedeni çok uyku getiren bir madde olması herhalde.,eksisozluk
paracetamol,(bkz:  ağrı kesici ) ya da (bkz:  analjezik ) (bkz:  antipiretik ),eksisozluk
paracetamol,catatonia'nın international velvet albümündeki bir şarkının adında geçer. goldfish and paracetamol what fools boredom breeds so much to do so many goldfish to feed and paracetamol i take them all they line my stomach wall,eksisozluk
paracetamol,küçük çocuklara nispeten zararsız  öksürük şurubu  içerik maddesi (bkz:  calpol ),eksisozluk
paracetamol,küçüklükten beri bayıldığım her hastalığımı sessizce çilekeşçe tedavi eden şurup ` :ve içeriği`,eksisozluk
paracetamol,"fazla ve uzun zaman kullanildiginda, karacigerde donusumsuz zararlar olusturan agri kesici.",eksisozluk
paracetamol,tylol hot  in 20g'lik posetlerinin 500mg'ini olusturan madde,eksisozluk
paracetamol,"asetaminofen olarak da bilinen bir tur agri kesici, ticari sekillerinini en unlusu  tylenol ,  gripin  ve  vermidon  olup yarim gram civarinda parasetamolun yanina 50 mg kadar kafein eklenerek hazirlanmis ilaclardir. naproksen sodyum yada metamizol sodyum bulunmadigi zamanlarda bu satirlarin yazari tarafindan daha yogun kullanilmaktadir ancak  etanol le etkilesimi bulunmamasi ilaci cazip kilan en onemli etkendir. toksik etki gostermesi icin kendinizi cok kasmaniz gerekir. intihar etmek icin akillica bi yol diildir. bi tek kronik alkolikseniz bu denenebilcek bi alternarif hale gelir. kan beyin bariyerini ve plasentayi geciyordu diye hatirliyorum ama hamile olma ihtimalim bulunmadigindan hamilelikteki kullanimi konusunda herhangi bir arastirma cabam bulunmadi.",eksisozluk
paracetamol,mideye çalisan bu tür ilaclari aç karna almak sorun olabilir... (bkz:  panaljin ) (bkz:  aljin ),eksisozluk
paracetamol,gripli gecelerde günlük sayfalarına sayıklamalarla yansıyan ilaç: parasetamol parasetamol günde bin miligram parasetamol yalnızca uyku getiriyor... kafeinle birlikte hazırlanmasının nedeni çok uyku getiren bir madde olması herhalde.,eksisozluk
paracetamol,(bkz:  ağrı kesici ) ya da (bkz:  analjezik ) (bkz:  antipiretik ),eksisozluk
paracetamol,catatonia'nın international velvet albümündeki bir şarkının adında geçer. goldfish and paracetamol what fools boredom breeds so much to do so many goldfish to feed and paracetamol i take them all they line my stomach wall,eksisozluk
paracetamol,küçük çocuklara nispeten zararsız  öksürük şurubu  içerik maddesi (bkz:  calpol ),eksisozluk
paracetamol,küçüklükten beri bayıldığım her hastalığımı sessizce çilekeşçe tedavi eden şurup ` :ve içeriği`,eksisozluk
paracetamol,"fazla ve uzun zaman kullanildiginda, karacigerde donusumsuz zararlar olusturan agri kesici.",eksisozluk
paracetamol,tylol hot  in 20g'lik posetlerinin 500mg'ini olusturan madde,eksisozluk
paracetamol,"asetaminofen olarak da bilinen bir tur agri kesici, ticari sekillerinini en unlusu  tylenol ,  gripin  ve  vermidon  olup yarim gram civarinda parasetamolun yanina 50 mg kadar kafein eklenerek hazirlanmis ilaclardir. naproksen sodyum yada metamizol sodyum bulunmadigi zamanlarda bu satirlarin yazari tarafindan daha yogun kullanilmaktadir ancak  etanol le etkilesimi bulunmamasi ilaci cazip kilan en onemli etkendir. toksik etki gostermesi icin kendinizi cok kasmaniz gerekir. intihar etmek icin akillica bi yol diildir. bi tek kronik alkolikseniz bu denenebilcek bi alternarif hale gelir. kan beyin bariyerini ve plasentayi geciyordu diye hatirliyorum ama hamile olma ihtimalim bulunmadigindan hamilelikteki kullanimi konusunda herhangi bir arastirma cabam bulunmadi.",eksisozluk
paracetamol,mideye çalisan bu tür ilaclari aç karna almak sorun olabilir... (bkz:  panaljin ) (bkz:  aljin ),eksisozluk
paracetamol,gripli gecelerde günlük sayfalarına sayıklamalarla yansıyan ilaç: parasetamol parasetamol günde bin miligram parasetamol yalnızca uyku getiriyor... kafeinle birlikte hazırlanmasının nedeni çok uyku getiren bir madde olması herhalde.,eksisozluk
paracetamol,(bkz:  ağrı kesici ) ya da (bkz:  analjezik ) (bkz:  antipiretik ),eksisozluk
paracetamol,catatonia'nın international velvet albümündeki bir şarkının adında geçer. goldfish and paracetamol what fools boredom breeds so much to do so many goldfish to feed and paracetamol i take them all they line my stomach wall,eksisozluk
paracetamol,küçük çocuklara nispeten zararsız  öksürük şurubu  içerik maddesi (bkz:  calpol ),eksisozluk
paracetamol,küçüklükten beri bayıldığım her hastalığımı sessizce çilekeşçe tedavi eden şurup ` :ve içeriği`,eksisozluk
paracetamol,"fazla ve uzun zaman kullanildiginda, karacigerde donusumsuz zararlar olusturan agri kesici.",eksisozluk
paracetamol,tylol hot  in 20g'lik posetlerinin 500mg'ini olusturan madde,eksisozluk
paracetamol,"asetaminofen olarak da bilinen bir tur agri kesici, ticari sekillerinini en unlusu  tylenol ,  gripin  ve  vermidon  olup yarim gram civarinda parasetamolun yanina 50 mg kadar kafein eklenerek hazirlanmis ilaclardir. naproksen sodyum yada metamizol sodyum bulunmadigi zamanlarda bu satirlarin yazari tarafindan daha yogun kullanilmaktadir ancak  etanol le etkilesimi bulunmamasi ilaci cazip kilan en onemli etkendir. toksik etki gostermesi icin kendinizi cok kasmaniz gerekir. intihar etmek icin akillica bi yol diildir. bi tek kronik alkolikseniz bu denenebilcek bi alternarif hale gelir. kan beyin bariyerini ve plasentayi geciyordu diye hatirliyorum ama hamile olma ihtimalim bulunmadigindan hamilelikteki kullanimi konusunda herhangi bir arastirma cabam bulunmadi.",eksisozluk
paracetamol,mideye çalisan bu tür ilaclari aç karna almak sorun olabilir... (bkz:  panaljin ) (bkz:  aljin ),eksisozluk
paracetamol,gripli gecelerde günlük sayfalarına sayıklamalarla yansıyan ilaç: parasetamol parasetamol günde bin miligram parasetamol yalnızca uyku getiriyor... kafeinle birlikte hazırlanmasının nedeni çok uyku getiren bir madde olması herhalde.,eksisozluk
paracetamol,(bkz:  ağrı kesici ) ya da (bkz:  analjezik ) (bkz:  antipiretik ),eksisozluk
paracetamol,catatonia'nın international velvet albümündeki bir şarkının adında geçer. goldfish and paracetamol what fools boredom breeds so much to do so many goldfish to feed and paracetamol i take them all they line my stomach wall,eksisozluk
paracetamol,küçük çocuklara nispeten zararsız  öksürük şurubu  içerik maddesi (bkz:  calpol ),eksisozluk
paracetamol,küçüklükten beri bayıldığım her hastalığımı sessizce çilekeşçe tedavi eden şurup ` :ve içeriği`,eksisozluk
paracetamol,"fazla ve uzun zaman kullanildiginda, karacigerde donusumsuz zararlar olusturan agri kesici.",eksisozluk
paracetamol,tylol hot  in 20g'lik posetlerinin 500mg'ini olusturan madde,eksisozluk
paracetamol,"asetaminofen olarak da bilinen bir tur agri kesici, ticari sekillerinini en unlusu  tylenol ,  gripin  ve  vermidon  olup yarim gram civarinda parasetamolun yanina 50 mg kadar kafein eklenerek hazirlanmis ilaclardir. naproksen sodyum yada metamizol sodyum bulunmadigi zamanlarda bu satirlarin yazari tarafindan daha yogun kullanilmaktadir ancak  etanol le etkilesimi bulunmamasi ilaci cazip kilan en onemli etkendir. toksik etki gostermesi icin kendinizi cok kasmaniz gerekir. intihar etmek icin akillica bi yol diildir. bi tek kronik alkolikseniz bu denenebilcek bi alternarif hale gelir. kan beyin bariyerini ve plasentayi geciyordu diye hatirliyorum ama hamile olma ihtimalim bulunmadigindan hamilelikteki kullanimi konusunda herhangi bir arastirma cabam bulunmadi.",eksisozluk
paracetamol,mideye çalisan bu tür ilaclari aç karna almak sorun olabilir... (bkz:  panaljin ) (bkz:  aljin ),eksisozluk
paracetamol,gripli gecelerde günlük sayfalarına sayıklamalarla yansıyan ilaç: parasetamol parasetamol günde bin miligram parasetamol yalnızca uyku getiriyor... kafeinle birlikte hazırlanmasının nedeni çok uyku getiren bir madde olması herhalde.,eksisozluk
paracetamol,(bkz:  ağrı kesici ) ya da (bkz:  analjezik ) (bkz:  antipiretik ),eksisozluk
paracetamol,catatonia'nın international velvet albümündeki bir şarkının adında geçer. goldfish and paracetamol what fools boredom breeds so much to do so many goldfish to feed and paracetamol i take them all they line my stomach wall,eksisozluk
paracetamol,küçük çocuklara nispeten zararsız  öksürük şurubu  içerik maddesi (bkz:  calpol ),eksisozluk
paracetamol,küçüklükten beri bayıldığım her hastalığımı sessizce çilekeşçe tedavi eden şurup ` :ve içeriği`,eksisozluk
paracetamol,"fazla ve uzun zaman kullanildiginda, karacigerde donusumsuz zararlar olusturan agri kesici.",eksisozluk
paracetamol,tylol hot  in 20g'lik posetlerinin 500mg'ini olusturan madde,eksisozluk
paracetamol,"asetaminofen olarak da bilinen bir tur agri kesici, ticari sekillerinini en unlusu  tylenol ,  gripin  ve  vermidon  olup yarim gram civarinda parasetamolun yanina 50 mg kadar kafein eklenerek hazirlanmis ilaclardir. naproksen sodyum yada metamizol sodyum bulunmadigi zamanlarda bu satirlarin yazari tarafindan daha yogun kullanilmaktadir ancak  etanol le etkilesimi bulunmamasi ilaci cazip kilan en onemli etkendir. toksik etki gostermesi icin kendinizi cok kasmaniz gerekir. intihar etmek icin akillica bi yol diildir. bi tek kronik alkolikseniz bu denenebilcek bi alternarif hale gelir. kan beyin bariyerini ve plasentayi geciyordu diye hatirliyorum ama hamile olma ihtimalim bulunmadigindan hamilelikteki kullanimi konusunda herhangi bir arastirma cabam bulunmadi.",eksisozluk
paracetamol,mideye çalisan bu tür ilaclari aç karna almak sorun olabilir... (bkz:  panaljin ) (bkz:  aljin ),eksisozluk
paracetamol,gripli gecelerde günlük sayfalarına sayıklamalarla yansıyan ilaç: parasetamol parasetamol günde bin miligram parasetamol yalnızca uyku getiriyor... kafeinle birlikte hazırlanmasının nedeni çok uyku getiren bir madde olması herhalde.,eksisozluk
paracetamol,(bkz:  ağrı kesici ) ya da (bkz:  analjezik ) (bkz:  antipiretik ),eksisozluk
paracetamol,catatonia'nın international velvet albümündeki bir şarkının adında geçer. goldfish and paracetamol what fools boredom breeds so much to do so many goldfish to feed and paracetamol i take them all they line my stomach wall,eksisozluk
paracetamol,küçük çocuklara nispeten zararsız  öksürük şurubu  içerik maddesi (bkz:  calpol ),eksisozluk
paracetamol,küçüklükten beri bayıldığım her hastalığımı sessizce çilekeşçe tedavi eden şurup ` :ve içeriği`,eksisozluk
paracetamol,"fazla ve uzun zaman kullanildiginda, karacigerde donusumsuz zararlar olusturan agri kesici.",eksisozluk
paracetamol,tylol hot  in 20g'lik posetlerinin 500mg'ini olusturan madde,eksisozluk
paracetamol,"asetaminofen olarak da bilinen bir tur agri kesici, ticari sekillerinini en unlusu  tylenol ,  gripin  ve  vermidon  olup yarim gram civarinda parasetamolun yanina 50 mg kadar kafein eklenerek hazirlanmis ilaclardir. naproksen sodyum yada metamizol sodyum bulunmadigi zamanlarda bu satirlarin yazari tarafindan daha yogun kullanilmaktadir ancak  etanol le etkilesimi bulunmamasi ilaci cazip kilan en onemli etkendir. toksik etki gostermesi icin kendinizi cok kasmaniz gerekir. intihar etmek icin akillica bi yol diildir. bi tek kronik alkolikseniz bu denenebilcek bi alternarif hale gelir. kan beyin bariyerini ve plasentayi geciyordu diye hatirliyorum ama hamile olma ihtimalim bulunmadigindan hamilelikteki kullanimi konusunda herhangi bir arastirma cabam bulunmadi.",eksisozluk
paracetamol,mideye çalisan bu tür ilaclari aç karna almak sorun olabilir... (bkz:  panaljin ) (bkz:  aljin ),eksisozluk
paracetamol,gripli gecelerde günlük sayfalarına sayıklamalarla yansıyan ilaç: parasetamol parasetamol günde bin miligram parasetamol yalnızca uyku getiriyor... kafeinle birlikte hazırlanmasının nedeni çok uyku getiren bir madde olması herhalde.,eksisozluk
paracetamol,(bkz:  ağrı kesici ) ya da (bkz:  analjezik ) (bkz:  antipiretik ),eksisozluk
paracetamol,catatonia'nın international velvet albümündeki bir şarkının adında geçer. goldfish and paracetamol what fools boredom breeds so much to do so many goldfish to feed and paracetamol i take them all they line my stomach wall,eksisozluk
paracetamol,küçük çocuklara nispeten zararsız  öksürük şurubu  içerik maddesi (bkz:  calpol ),eksisozluk
paracetamol,küçüklükten beri bayıldığım her hastalığımı sessizce çilekeşçe tedavi eden şurup ` :ve içeriği`,eksisozluk
paracetamol,"fazla ve uzun zaman kullanildiginda, karacigerde donusumsuz zararlar olusturan agri kesici.",eksisozluk
paracetamol,tylol hot  in 20g'lik posetlerinin 500mg'ini olusturan madde,eksisozluk
paracetamol,"asetaminofen olarak da bilinen bir tur agri kesici, ticari sekillerinini en unlusu  tylenol ,  gripin  ve  vermidon  olup yarim gram civarinda parasetamolun yanina 50 mg kadar kafein eklenerek hazirlanmis ilaclardir. naproksen sodyum yada metamizol sodyum bulunmadigi zamanlarda bu satirlarin yazari tarafindan daha yogun kullanilmaktadir ancak  etanol le etkilesimi bulunmamasi ilaci cazip kilan en onemli etkendir. toksik etki gostermesi icin kendinizi cok kasmaniz gerekir. intihar etmek icin akillica bi yol diildir. bi tek kronik alkolikseniz bu denenebilcek bi alternarif hale gelir. kan beyin bariyerini ve plasentayi geciyordu diye hatirliyorum ama hamile olma ihtimalim bulunmadigindan hamilelikteki kullanimi konusunda herhangi bir arastirma cabam bulunmadi.",eksisozluk
paracetamol,mideye çalisan bu tür ilaclari aç karna almak sorun olabilir... (bkz:  panaljin ) (bkz:  aljin ),eksisozluk
paracetamol,gripli gecelerde günlük sayfalarına sayıklamalarla yansıyan ilaç: parasetamol parasetamol günde bin miligram parasetamol yalnızca uyku getiriyor... kafeinle birlikte hazırlanmasının nedeni çok uyku getiren bir madde olması herhalde.,eksisozluk
paracetamol,(bkz:  ağrı kesici ) ya da (bkz:  analjezik ) (bkz:  antipiretik ),eksisozluk
paracetamol,catatonia'nın international velvet albümündeki bir şarkının adında geçer. goldfish and paracetamol what fools boredom breeds so much to do so many goldfish to feed and paracetamol i take them all they line my stomach wall,eksisozluk
paracetamol,küçük çocuklara nispeten zararsız  öksürük şurubu  içerik maddesi (bkz:  calpol ),eksisozluk
paracetamol,küçüklükten beri bayıldığım her hastalığımı sessizce çilekeşçe tedavi eden şurup ` :ve içeriği`,eksisozluk
paracetamol,"fazla ve uzun zaman kullanildiginda, karacigerde donusumsuz zararlar olusturan agri kesici.",eksisozluk
paracetamol,tylol hot  in 20g'lik posetlerinin 500mg'ini olusturan madde,eksisozluk
paracetamol,"asetaminofen olarak da bilinen bir tur agri kesici, ticari sekillerinini en unlusu  tylenol ,  gripin  ve  vermidon  olup yarim gram civarinda parasetamolun yanina 50 mg kadar kafein eklenerek hazirlanmis ilaclardir. naproksen sodyum yada metamizol sodyum bulunmadigi zamanlarda bu satirlarin yazari tarafindan daha yogun kullanilmaktadir ancak  etanol le etkilesimi bulunmamasi ilaci cazip kilan en onemli etkendir. toksik etki gostermesi icin kendinizi cok kasmaniz gerekir. intihar etmek icin akillica bi yol diildir. bi tek kronik alkolikseniz bu denenebilcek bi alternarif hale gelir. kan beyin bariyerini ve plasentayi geciyordu diye hatirliyorum ama hamile olma ihtimalim bulunmadigindan hamilelikteki kullanimi konusunda herhangi bir arastirma cabam bulunmadi.",eksisozluk
paracetamol,mideye çalisan bu tür ilaclari aç karna almak sorun olabilir... (bkz:  panaljin ) (bkz:  aljin ),eksisozluk
paracetamol,gripli gecelerde günlük sayfalarına sayıklamalarla yansıyan ilaç: parasetamol parasetamol günde bin miligram parasetamol yalnızca uyku getiriyor... kafeinle birlikte hazırlanmasının nedeni çok uyku getiren bir madde olması herhalde.,eksisozluk
paracetamol,(bkz:  ağrı kesici ) ya da (bkz:  analjezik ) (bkz:  antipiretik ),eksisozluk
paracetamol,catatonia'nın international velvet albümündeki bir şarkının adında geçer. goldfish and paracetamol what fools boredom breeds so much to do so many goldfish to feed and paracetamol i take them all they line my stomach wall,eksisozluk
paracetamol,küçük çocuklara nispeten zararsız  öksürük şurubu  içerik maddesi (bkz:  calpol ),eksisozluk
paracetamol,küçüklükten beri bayıldığım her hastalığımı sessizce çilekeşçe tedavi eden şurup ` :ve içeriği`,eksisozluk
paracetamol,"fazla ve uzun zaman kullanildiginda, karacigerde donusumsuz zararlar olusturan agri kesici.",eksisozluk
paracetamol,tylol hot  in 20g'lik posetlerinin 500mg'ini olusturan madde,eksisozluk
paracetamol,"asetaminofen olarak da bilinen bir tur agri kesici, ticari sekillerinini en unlusu  tylenol ,  gripin  ve  vermidon  olup yarim gram civarinda parasetamolun yanina 50 mg kadar kafein eklenerek hazirlanmis ilaclardir. naproksen sodyum yada metamizol sodyum bulunmadigi zamanlarda bu satirlarin yazari tarafindan daha yogun kullanilmaktadir ancak  etanol le etkilesimi bulunmamasi ilaci cazip kilan en onemli etkendir. toksik etki gostermesi icin kendinizi cok kasmaniz gerekir. intihar etmek icin akillica bi yol diildir. bi tek kronik alkolikseniz bu denenebilcek bi alternarif hale gelir. kan beyin bariyerini ve plasentayi geciyordu diye hatirliyorum ama hamile olma ihtimalim bulunmadigindan hamilelikteki kullanimi konusunda herhangi bir arastirma cabam bulunmadi.",eksisozluk
paracetamol,mideye çalisan bu tür ilaclari aç karna almak sorun olabilir... (bkz:  panaljin ) (bkz:  aljin ),eksisozluk
paracetamol,gripli gecelerde günlük sayfalarına sayıklamalarla yansıyan ilaç: parasetamol parasetamol günde bin miligram parasetamol yalnızca uyku getiriyor... kafeinle birlikte hazırlanmasının nedeni çok uyku getiren bir madde olması herhalde.,eksisozluk
paracetamol,(bkz:  ağrı kesici ) ya da (bkz:  analjezik ) (bkz:  antipiretik ),eksisozluk
paracetamol,catatonia'nın international velvet albümündeki bir şarkının adında geçer. goldfish and paracetamol what fools boredom breeds so much to do so many goldfish to feed and paracetamol i take them all they line my stomach wall,eksisozluk
paracetamol,küçük çocuklara nispeten zararsız  öksürük şurubu  içerik maddesi (bkz:  calpol ),eksisozluk
paracetamol,küçüklükten beri bayıldığım her hastalığımı sessizce çilekeşçe tedavi eden şurup ` :ve içeriği`,eksisozluk
paracetamol,"fazla ve uzun zaman kullanildiginda, karacigerde donusumsuz zararlar olusturan agri kesici.",eksisozluk
paracetamol,tylol hot  in 20g'lik posetlerinin 500mg'ini olusturan madde,eksisozluk
paracetamol,"asetaminofen olarak da bilinen bir tur agri kesici, ticari sekillerinini en unlusu  tylenol ,  gripin  ve  vermidon  olup yarim gram civarinda parasetamolun yanina 50 mg kadar kafein eklenerek hazirlanmis ilaclardir. naproksen sodyum yada metamizol sodyum bulunmadigi zamanlarda bu satirlarin yazari tarafindan daha yogun kullanilmaktadir ancak  etanol le etkilesimi bulunmamasi ilaci cazip kilan en onemli etkendir. toksik etki gostermesi icin kendinizi cok kasmaniz gerekir. intihar etmek icin akillica bi yol diildir. bi tek kronik alkolikseniz bu denenebilcek bi alternarif hale gelir. kan beyin bariyerini ve plasentayi geciyordu diye hatirliyorum ama hamile olma ihtimalim bulunmadigindan hamilelikteki kullanimi konusunda herhangi bir arastirma cabam bulunmadi.",eksisozluk
paracetamol,mideye çalisan bu tür ilaclari aç karna almak sorun olabilir... (bkz:  panaljin ) (bkz:  aljin ),eksisozluk
paracetamol,gripli gecelerde günlük sayfalarına sayıklamalarla yansıyan ilaç: parasetamol parasetamol günde bin miligram parasetamol yalnızca uyku getiriyor... kafeinle birlikte hazırlanmasının nedeni çok uyku getiren bir madde olması herhalde.,eksisozluk
paracetamol,(bkz:  ağrı kesici ) ya da (bkz:  analjezik ) (bkz:  antipiretik ),eksisozluk
paracetamol,catatonia'nın international velvet albümündeki bir şarkının adında geçer. goldfish and paracetamol what fools boredom breeds so much to do so many goldfish to feed and paracetamol i take them all they line my stomach wall,eksisozluk
paracetamol,küçük çocuklara nispeten zararsız  öksürük şurubu  içerik maddesi (bkz:  calpol ),eksisozluk
paracetamol,küçüklükten beri bayıldığım her hastalığımı sessizce çilekeşçe tedavi eden şurup ` :ve içeriği`,eksisozluk
paracetamol,"fazla ve uzun zaman kullanildiginda, karacigerde donusumsuz zararlar olusturan agri kesici.",eksisozluk
paracetamol,tylol hot  in 20g'lik posetlerinin 500mg'ini olusturan madde,eksisozluk
paracetamol,"asetaminofen olarak da bilinen bir tur agri kesici, ticari sekillerinini en unlusu  tylenol ,  gripin  ve  vermidon  olup yarim gram civarinda parasetamolun yanina 50 mg kadar kafein eklenerek hazirlanmis ilaclardir. naproksen sodyum yada metamizol sodyum bulunmadigi zamanlarda bu satirlarin yazari tarafindan daha yogun kullanilmaktadir ancak  etanol le etkilesimi bulunmamasi ilaci cazip kilan en onemli etkendir. toksik etki gostermesi icin kendinizi cok kasmaniz gerekir. intihar etmek icin akillica bi yol diildir. bi tek kronik alkolikseniz bu denenebilcek bi alternarif hale gelir. kan beyin bariyerini ve plasentayi geciyordu diye hatirliyorum ama hamile olma ihtimalim bulunmadigindan hamilelikteki kullanimi konusunda herhangi bir arastirma cabam bulunmadi.",eksisozluk
paracetamol,mideye çalisan bu tür ilaclari aç karna almak sorun olabilir... (bkz:  panaljin ) (bkz:  aljin ),eksisozluk
paracetamol,gripli gecelerde günlük sayfalarına sayıklamalarla yansıyan ilaç: parasetamol parasetamol günde bin miligram parasetamol yalnızca uyku getiriyor... kafeinle birlikte hazırlanmasının nedeni çok uyku getiren bir madde olması herhalde.,eksisozluk
paracetamol,(bkz:  ağrı kesici ) ya da (bkz:  analjezik ) (bkz:  antipiretik ),eksisozluk
paracetamol,catatonia'nın international velvet albümündeki bir şarkının adında geçer. goldfish and paracetamol what fools boredom breeds so much to do so many goldfish to feed and paracetamol i take them all they line my stomach wall,eksisozluk
paracetamol,küçük çocuklara nispeten zararsız  öksürük şurubu  içerik maddesi (bkz:  calpol ),eksisozluk
paracetamol,küçüklükten beri bayıldığım her hastalığımı sessizce çilekeşçe tedavi eden şurup ` :ve içeriği`,eksisozluk
paracetamol,"fazla ve uzun zaman kullanildiginda, karacigerde donusumsuz zararlar olusturan agri kesici.",eksisozluk
paracetamol,tylol hot  in 20g'lik posetlerinin 500mg'ini olusturan madde,eksisozluk
paracetamol,"asetaminofen olarak da bilinen bir tur agri kesici, ticari sekillerinini en unlusu  tylenol ,  gripin  ve  vermidon  olup yarim gram civarinda parasetamolun yanina 50 mg kadar kafein eklenerek hazirlanmis ilaclardir. naproksen sodyum yada metamizol sodyum bulunmadigi zamanlarda bu satirlarin yazari tarafindan daha yogun kullanilmaktadir ancak  etanol le etkilesimi bulunmamasi ilaci cazip kilan en onemli etkendir. toksik etki gostermesi icin kendinizi cok kasmaniz gerekir. intihar etmek icin akillica bi yol diildir. bi tek kronik alkolikseniz bu denenebilcek bi alternarif hale gelir. kan beyin bariyerini ve plasentayi geciyordu diye hatirliyorum ama hamile olma ihtimalim bulunmadigindan hamilelikteki kullanimi konusunda herhangi bir arastirma cabam bulunmadi.",eksisozluk
paracetamol,mideye çalisan bu tür ilaclari aç karna almak sorun olabilir... (bkz:  panaljin ) (bkz:  aljin ),eksisozluk
paracetamol,gripli gecelerde günlük sayfalarına sayıklamalarla yansıyan ilaç: parasetamol parasetamol günde bin miligram parasetamol yalnızca uyku getiriyor... kafeinle birlikte hazırlanmasının nedeni çok uyku getiren bir madde olması herhalde.,eksisozluk
paracetamol,(bkz:  ağrı kesici ) ya da (bkz:  analjezik ) (bkz:  antipiretik ),eksisozluk
paracetamol,catatonia'nın international velvet albümündeki bir şarkının adında geçer. goldfish and paracetamol what fools boredom breeds so much to do so many goldfish to feed and paracetamol i take them all they line my stomach wall,eksisozluk
paracetamol,küçük çocuklara nispeten zararsız  öksürük şurubu  içerik maddesi (bkz:  calpol ),eksisozluk
paracetamol,küçüklükten beri bayıldığım her hastalığımı sessizce çilekeşçe tedavi eden şurup ` :ve içeriği`,eksisozluk
paracetamol,"fazla ve uzun zaman kullanildiginda, karacigerde donusumsuz zararlar olusturan agri kesici.",eksisozluk
paracetamol,tylol hot  in 20g'lik posetlerinin 500mg'ini olusturan madde,eksisozluk
paracetamol,"asetaminofen olarak da bilinen bir tur agri kesici, ticari sekillerinini en unlusu  tylenol ,  gripin  ve  vermidon  olup yarim gram civarinda parasetamolun yanina 50 mg kadar kafein eklenerek hazirlanmis ilaclardir. naproksen sodyum yada metamizol sodyum bulunmadigi zamanlarda bu satirlarin yazari tarafindan daha yogun kullanilmaktadir ancak  etanol le etkilesimi bulunmamasi ilaci cazip kilan en onemli etkendir. toksik etki gostermesi icin kendinizi cok kasmaniz gerekir. intihar etmek icin akillica bi yol diildir. bi tek kronik alkolikseniz bu denenebilcek bi alternarif hale gelir. kan beyin bariyerini ve plasentayi geciyordu diye hatirliyorum ama hamile olma ihtimalim bulunmadigindan hamilelikteki kullanimi konusunda herhangi bir arastirma cabam bulunmadi.",eksisozluk
paracetamol,mideye çalisan bu tür ilaclari aç karna almak sorun olabilir... (bkz:  panaljin ) (bkz:  aljin ),eksisozluk
paracetamol,gripli gecelerde günlük sayfalarına sayıklamalarla yansıyan ilaç: parasetamol parasetamol günde bin miligram parasetamol yalnızca uyku getiriyor... kafeinle birlikte hazırlanmasının nedeni çok uyku getiren bir madde olması herhalde.,eksisozluk
paracetamol,(bkz:  ağrı kesici ) ya da (bkz:  analjezik ) (bkz:  antipiretik ),eksisozluk
paracetamol,catatonia'nın international velvet albümündeki bir şarkının adında geçer. goldfish and paracetamol what fools boredom breeds so much to do so many goldfish to feed and paracetamol i take them all they line my stomach wall,eksisozluk
paracetamol,küçük çocuklara nispeten zararsız  öksürük şurubu  içerik maddesi (bkz:  calpol ),eksisozluk
paracetamol,küçüklükten beri bayıldığım her hastalığımı sessizce çilekeşçe tedavi eden şurup ` :ve içeriği`,eksisozluk
paracetamol,"fazla ve uzun zaman kullanildiginda, karacigerde donusumsuz zararlar olusturan agri kesici.",eksisozluk
paracetamol,tylol hot  in 20g'lik posetlerinin 500mg'ini olusturan madde,eksisozluk
ibuprofen,advil 'in etken maddesidir,eksisozluk
ibuprofen,a$iri dozda mide kanamasina sebep olabilir.,eksisozluk
ibuprofen,ağrı kesici ve ateş düşürücu olarak satılan  asprin imsi ilaç. bağırsakta çözüldüğü için mideyi zorlamıyormuş. (bkz:  nurofen ),eksisozluk
ibuprofen,babamin yillarca bel agrisi icin kullandigi ilac. turkiye'de brufen markasiyla satilirdi ben cocukken.,eksisozluk
ibuprofen,"kani sulandirmadigi icin  hemofili  hastalari tarafindan tercih edilebilecek aktif madde.. sahsen ben pespembe renkli "" suprafen "" ini yillardir kullanmaktayim.. karacigerim yetismior olabilir belki kalp carpintilarimin arada nedeni de olabilir ama ibuprofenler iyidir.. (caktirmadan tabutta rovesataya selam caktik madem ayak bilegim beni taksime gotur diyerek devam etmek isterim)",eksisozluk
ibuprofen,engin tecrübeme dayanarak ifade edeyim ki  dismenore yi hafifletebilen tek ilaçtır.,eksisozluk
ibuprofen,tıpçıların hallerini anlatan bir kısa film olan  1 2 3 tıp ' ta inek çocuğun sevgilisine eklem ağrısı için öpücük yerine tavsiye ettiği ilaçtır.,eksisozluk
ibuprofen,"özellikle düzensiz sık kanamalar ve  dismenore de etkin. hem kanama miktarını azaltır, hem ağrıyı giderir.",eksisozluk
ibuprofen,bebeklerde hızla ateş düşürücü etki gösteren ilaç. türkiye'de  dolven  pediatrik şurubun ana maddesidir. amerika'da doktorlar paracetamolden ziyade ibuprofen önerirler ateşli bebeklere. çok etkilidir gerçekten.,eksisozluk
ibuprofen,dokuzuncu nesil yazar.,eksisozluk
ibuprofen,advil 'in etken maddesidir,eksisozluk
ibuprofen,a$iri dozda mide kanamasina sebep olabilir.,eksisozluk
ibuprofen,ağrı kesici ve ateş düşürücu olarak satılan  asprin imsi ilaç. bağırsakta çözüldüğü için mideyi zorlamıyormuş. (bkz:  nurofen ),eksisozluk
ibuprofen,babamin yillarca bel agrisi icin kullandigi ilac. turkiye'de brufen markasiyla satilirdi ben cocukken.,eksisozluk
ibuprofen,"kani sulandirmadigi icin  hemofili  hastalari tarafindan tercih edilebilecek aktif madde.. sahsen ben pespembe renkli "" suprafen "" ini yillardir kullanmaktayim.. karacigerim yetismior olabilir belki kalp carpintilarimin arada nedeni de olabilir ama ibuprofenler iyidir.. (caktirmadan tabutta rovesataya selam caktik madem ayak bilegim beni taksime gotur diyerek devam etmek isterim)",eksisozluk
ibuprofen,engin tecrübeme dayanarak ifade edeyim ki  dismenore yi hafifletebilen tek ilaçtır.,eksisozluk
ibuprofen,tıpçıların hallerini anlatan bir kısa film olan  1 2 3 tıp ' ta inek çocuğun sevgilisine eklem ağrısı için öpücük yerine tavsiye ettiği ilaçtır.,eksisozluk
ibuprofen,"özellikle düzensiz sık kanamalar ve  dismenore de etkin. hem kanama miktarını azaltır, hem ağrıyı giderir.",eksisozluk
ibuprofen,bebeklerde hızla ateş düşürücü etki gösteren ilaç. türkiye'de  dolven  pediatrik şurubun ana maddesidir. amerika'da doktorlar paracetamolden ziyade ibuprofen önerirler ateşli bebeklere. çok etkilidir gerçekten.,eksisozluk
ibuprofen,dokuzuncu nesil yazar.,eksisozluk
ibuprofen,advil 'in etken maddesidir,eksisozluk
ibuprofen,a$iri dozda mide kanamasina sebep olabilir.,eksisozluk
ibuprofen,ağrı kesici ve ateş düşürücu olarak satılan  asprin imsi ilaç. bağırsakta çözüldüğü için mideyi zorlamıyormuş. (bkz:  nurofen ),eksisozluk
ibuprofen,babamin yillarca bel agrisi icin kullandigi ilac. turkiye'de brufen markasiyla satilirdi ben cocukken.,eksisozluk
ibuprofen,"kani sulandirmadigi icin  hemofili  hastalari tarafindan tercih edilebilecek aktif madde.. sahsen ben pespembe renkli "" suprafen "" ini yillardir kullanmaktayim.. karacigerim yetismior olabilir belki kalp carpintilarimin arada nedeni de olabilir ama ibuprofenler iyidir.. (caktirmadan tabutta rovesataya selam caktik madem ayak bilegim beni taksime gotur diyerek devam etmek isterim)",eksisozluk
ibuprofen,engin tecrübeme dayanarak ifade edeyim ki  dismenore yi hafifletebilen tek ilaçtır.,eksisozluk
ibuprofen,tıpçıların hallerini anlatan bir kısa film olan  1 2 3 tıp ' ta inek çocuğun sevgilisine eklem ağrısı için öpücük yerine tavsiye ettiği ilaçtır.,eksisozluk
ibuprofen,"özellikle düzensiz sık kanamalar ve  dismenore de etkin. hem kanama miktarını azaltır, hem ağrıyı giderir.",eksisozluk
ibuprofen,bebeklerde hızla ateş düşürücü etki gösteren ilaç. türkiye'de  dolven  pediatrik şurubun ana maddesidir. amerika'da doktorlar paracetamolden ziyade ibuprofen önerirler ateşli bebeklere. çok etkilidir gerçekten.,eksisozluk
ibuprofen,dokuzuncu nesil yazar.,eksisozluk
ibuprofen,advil 'in etken maddesidir,eksisozluk
ibuprofen,a$iri dozda mide kanamasina sebep olabilir.,eksisozluk
ibuprofen,ağrı kesici ve ateş düşürücu olarak satılan  asprin imsi ilaç. bağırsakta çözüldüğü için mideyi zorlamıyormuş. (bkz:  nurofen ),eksisozluk
ibuprofen,babamin yillarca bel agrisi icin kullandigi ilac. turkiye'de brufen markasiyla satilirdi ben cocukken.,eksisozluk
ibuprofen,"kani sulandirmadigi icin  hemofili  hastalari tarafindan tercih edilebilecek aktif madde.. sahsen ben pespembe renkli "" suprafen "" ini yillardir kullanmaktayim.. karacigerim yetismior olabilir belki kalp carpintilarimin arada nedeni de olabilir ama ibuprofenler iyidir.. (caktirmadan tabutta rovesataya selam caktik madem ayak bilegim beni taksime gotur diyerek devam etmek isterim)",eksisozluk
ibuprofen,engin tecrübeme dayanarak ifade edeyim ki  dismenore yi hafifletebilen tek ilaçtır.,eksisozluk
ibuprofen,tıpçıların hallerini anlatan bir kısa film olan  1 2 3 tıp ' ta inek çocuğun sevgilisine eklem ağrısı için öpücük yerine tavsiye ettiği ilaçtır.,eksisozluk
ibuprofen,"özellikle düzensiz sık kanamalar ve  dismenore de etkin. hem kanama miktarını azaltır, hem ağrıyı giderir.",eksisozluk
ibuprofen,bebeklerde hızla ateş düşürücü etki gösteren ilaç. türkiye'de  dolven  pediatrik şurubun ana maddesidir. amerika'da doktorlar paracetamolden ziyade ibuprofen önerirler ateşli bebeklere. çok etkilidir gerçekten.,eksisozluk
ibuprofen,dokuzuncu nesil yazar.,eksisozluk
ibuprofen,advil 'in etken maddesidir,eksisozluk
ibuprofen,a$iri dozda mide kanamasina sebep olabilir.,eksisozluk
ibuprofen,ağrı kesici ve ateş düşürücu olarak satılan  asprin imsi ilaç. bağırsakta çözüldüğü için mideyi zorlamıyormuş. (bkz:  nurofen ),eksisozluk
ibuprofen,babamin yillarca bel agrisi icin kullandigi ilac. turkiye'de brufen markasiyla satilirdi ben cocukken.,eksisozluk
ibuprofen,"kani sulandirmadigi icin  hemofili  hastalari tarafindan tercih edilebilecek aktif madde.. sahsen ben pespembe renkli "" suprafen "" ini yillardir kullanmaktayim.. karacigerim yetismior olabilir belki kalp carpintilarimin arada nedeni de olabilir ama ibuprofenler iyidir.. (caktirmadan tabutta rovesataya selam caktik madem ayak bilegim beni taksime gotur diyerek devam etmek isterim)",eksisozluk
ibuprofen,engin tecrübeme dayanarak ifade edeyim ki  dismenore yi hafifletebilen tek ilaçtır.,eksisozluk
ibuprofen,tıpçıların hallerini anlatan bir kısa film olan  1 2 3 tıp ' ta inek çocuğun sevgilisine eklem ağrısı için öpücük yerine tavsiye ettiği ilaçtır.,eksisozluk
ibuprofen,"özellikle düzensiz sık kanamalar ve  dismenore de etkin. hem kanama miktarını azaltır, hem ağrıyı giderir.",eksisozluk
ibuprofen,bebeklerde hızla ateş düşürücü etki gösteren ilaç. türkiye'de  dolven  pediatrik şurubun ana maddesidir. amerika'da doktorlar paracetamolden ziyade ibuprofen önerirler ateşli bebeklere. çok etkilidir gerçekten.,eksisozluk
ibuprofen,dokuzuncu nesil yazar.,eksisozluk
ibuprofen,advil 'in etken maddesidir,eksisozluk
ibuprofen,a$iri dozda mide kanamasina sebep olabilir.,eksisozluk
ibuprofen,ağrı kesici ve ateş düşürücu olarak satılan  asprin imsi ilaç. bağırsakta çözüldüğü için mideyi zorlamıyormuş. (bkz:  nurofen ),eksisozluk
ibuprofen,babamin yillarca bel agrisi icin kullandigi ilac. turkiye'de brufen markasiyla satilirdi ben cocukken.,eksisozluk
ibuprofen,"kani sulandirmadigi icin  hemofili  hastalari tarafindan tercih edilebilecek aktif madde.. sahsen ben pespembe renkli "" suprafen "" ini yillardir kullanmaktayim.. karacigerim yetismior olabilir belki kalp carpintilarimin arada nedeni de olabilir ama ibuprofenler iyidir.. (caktirmadan tabutta rovesataya selam caktik madem ayak bilegim beni taksime gotur diyerek devam etmek isterim)",eksisozluk
ibuprofen,engin tecrübeme dayanarak ifade edeyim ki  dismenore yi hafifletebilen tek ilaçtır.,eksisozluk
ibuprofen,tıpçıların hallerini anlatan bir kısa film olan  1 2 3 tıp ' ta inek çocuğun sevgilisine eklem ağrısı için öpücük yerine tavsiye ettiği ilaçtır.,eksisozluk
ibuprofen,"özellikle düzensiz sık kanamalar ve  dismenore de etkin. hem kanama miktarını azaltır, hem ağrıyı giderir.",eksisozluk
ibuprofen,bebeklerde hızla ateş düşürücü etki gösteren ilaç. türkiye'de  dolven  pediatrik şurubun ana maddesidir. amerika'da doktorlar paracetamolden ziyade ibuprofen önerirler ateşli bebeklere. çok etkilidir gerçekten.,eksisozluk
ibuprofen,dokuzuncu nesil yazar.,eksisozluk
ibuprofen,advil 'in etken maddesidir,eksisozluk
ibuprofen,a$iri dozda mide kanamasina sebep olabilir.,eksisozluk
ibuprofen,ağrı kesici ve ateş düşürücu olarak satılan  asprin imsi ilaç. bağırsakta çözüldüğü için mideyi zorlamıyormuş. (bkz:  nurofen ),eksisozluk
ibuprofen,babamin yillarca bel agrisi icin kullandigi ilac. turkiye'de brufen markasiyla satilirdi ben cocukken.,eksisozluk
ibuprofen,"kani sulandirmadigi icin  hemofili  hastalari tarafindan tercih edilebilecek aktif madde.. sahsen ben pespembe renkli "" suprafen "" ini yillardir kullanmaktayim.. karacigerim yetismior olabilir belki kalp carpintilarimin arada nedeni de olabilir ama ibuprofenler iyidir.. (caktirmadan tabutta rovesataya selam caktik madem ayak bilegim beni taksime gotur diyerek devam etmek isterim)",eksisozluk
ibuprofen,engin tecrübeme dayanarak ifade edeyim ki  dismenore yi hafifletebilen tek ilaçtır.,eksisozluk
ibuprofen,tıpçıların hallerini anlatan bir kısa film olan  1 2 3 tıp ' ta inek çocuğun sevgilisine eklem ağrısı için öpücük yerine tavsiye ettiği ilaçtır.,eksisozluk
ibuprofen,"özellikle düzensiz sık kanamalar ve  dismenore de etkin. hem kanama miktarını azaltır, hem ağrıyı giderir.",eksisozluk
ibuprofen,bebeklerde hızla ateş düşürücü etki gösteren ilaç. türkiye'de  dolven  pediatrik şurubun ana maddesidir. amerika'da doktorlar paracetamolden ziyade ibuprofen önerirler ateşli bebeklere. çok etkilidir gerçekten.,eksisozluk
ibuprofen,dokuzuncu nesil yazar.,eksisozluk
ibuprofen,advil 'in etken maddesidir,eksisozluk
ibuprofen,a$iri dozda mide kanamasina sebep olabilir.,eksisozluk
ibuprofen,ağrı kesici ve ateş düşürücu olarak satılan  asprin imsi ilaç. bağırsakta çözüldüğü için mideyi zorlamıyormuş. (bkz:  nurofen ),eksisozluk
ibuprofen,babamin yillarca bel agrisi icin kullandigi ilac. turkiye'de brufen markasiyla satilirdi ben cocukken.,eksisozluk
ibuprofen,"kani sulandirmadigi icin  hemofili  hastalari tarafindan tercih edilebilecek aktif madde.. sahsen ben pespembe renkli "" suprafen "" ini yillardir kullanmaktayim.. karacigerim yetismior olabilir belki kalp carpintilarimin arada nedeni de olabilir ama ibuprofenler iyidir.. (caktirmadan tabutta rovesataya selam caktik madem ayak bilegim beni taksime gotur diyerek devam etmek isterim)",eksisozluk
ibuprofen,engin tecrübeme dayanarak ifade edeyim ki  dismenore yi hafifletebilen tek ilaçtır.,eksisozluk
ibuprofen,tıpçıların hallerini anlatan bir kısa film olan  1 2 3 tıp ' ta inek çocuğun sevgilisine eklem ağrısı için öpücük yerine tavsiye ettiği ilaçtır.,eksisozluk
ibuprofen,"özellikle düzensiz sık kanamalar ve  dismenore de etkin. hem kanama miktarını azaltır, hem ağrıyı giderir.",eksisozluk
ibuprofen,bebeklerde hızla ateş düşürücü etki gösteren ilaç. türkiye'de  dolven  pediatrik şurubun ana maddesidir. amerika'da doktorlar paracetamolden ziyade ibuprofen önerirler ateşli bebeklere. çok etkilidir gerçekten.,eksisozluk
ibuprofen,dokuzuncu nesil yazar.,eksisozluk
ibuprofen,advil 'in etken maddesidir,eksisozluk
ibuprofen,a$iri dozda mide kanamasina sebep olabilir.,eksisozluk
ibuprofen,ağrı kesici ve ateş düşürücu olarak satılan  asprin imsi ilaç. bağırsakta çözüldüğü için mideyi zorlamıyormuş. (bkz:  nurofen ),eksisozluk
ibuprofen,babamin yillarca bel agrisi icin kullandigi ilac. turkiye'de brufen markasiyla satilirdi ben cocukken.,eksisozluk
ibuprofen,"kani sulandirmadigi icin  hemofili  hastalari tarafindan tercih edilebilecek aktif madde.. sahsen ben pespembe renkli "" suprafen "" ini yillardir kullanmaktayim.. karacigerim yetismior olabilir belki kalp carpintilarimin arada nedeni de olabilir ama ibuprofenler iyidir.. (caktirmadan tabutta rovesataya selam caktik madem ayak bilegim beni taksime gotur diyerek devam etmek isterim)",eksisozluk
ibuprofen,engin tecrübeme dayanarak ifade edeyim ki  dismenore yi hafifletebilen tek ilaçtır.,eksisozluk
ibuprofen,tıpçıların hallerini anlatan bir kısa film olan  1 2 3 tıp ' ta inek çocuğun sevgilisine eklem ağrısı için öpücük yerine tavsiye ettiği ilaçtır.,eksisozluk
ibuprofen,"özellikle düzensiz sık kanamalar ve  dismenore de etkin. hem kanama miktarını azaltır, hem ağrıyı giderir.",eksisozluk
ibuprofen,bebeklerde hızla ateş düşürücü etki gösteren ilaç. türkiye'de  dolven  pediatrik şurubun ana maddesidir. amerika'da doktorlar paracetamolden ziyade ibuprofen önerirler ateşli bebeklere. çok etkilidir gerçekten.,eksisozluk
ibuprofen,dokuzuncu nesil yazar.,eksisozluk
ibuprofen,advil 'in etken maddesidir,eksisozluk
ibuprofen,a$iri dozda mide kanamasina sebep olabilir.,eksisozluk
ibuprofen,ağrı kesici ve ateş düşürücu olarak satılan  asprin imsi ilaç. bağırsakta çözüldüğü için mideyi zorlamıyormuş. (bkz:  nurofen ),eksisozluk
ibuprofen,babamin yillarca bel agrisi icin kullandigi ilac. turkiye'de brufen markasiyla satilirdi ben cocukken.,eksisozluk
ibuprofen,"kani sulandirmadigi icin  hemofili  hastalari tarafindan tercih edilebilecek aktif madde.. sahsen ben pespembe renkli "" suprafen "" ini yillardir kullanmaktayim.. karacigerim yetismior olabilir belki kalp carpintilarimin arada nedeni de olabilir ama ibuprofenler iyidir.. (caktirmadan tabutta rovesataya selam caktik madem ayak bilegim beni taksime gotur diyerek devam etmek isterim)",eksisozluk
ibuprofen,engin tecrübeme dayanarak ifade edeyim ki  dismenore yi hafifletebilen tek ilaçtır.,eksisozluk
ibuprofen,tıpçıların hallerini anlatan bir kısa film olan  1 2 3 tıp ' ta inek çocuğun sevgilisine eklem ağrısı için öpücük yerine tavsiye ettiği ilaçtır.,eksisozluk
ibuprofen,"özellikle düzensiz sık kanamalar ve  dismenore de etkin. hem kanama miktarını azaltır, hem ağrıyı giderir.",eksisozluk
ibuprofen,bebeklerde hızla ateş düşürücü etki gösteren ilaç. türkiye'de  dolven  pediatrik şurubun ana maddesidir. amerika'da doktorlar paracetamolden ziyade ibuprofen önerirler ateşli bebeklere. çok etkilidir gerçekten.,eksisozluk
ibuprofen,dokuzuncu nesil yazar.,eksisozluk
ibuprofen,advil 'in etken maddesidir,eksisozluk
ibuprofen,a$iri dozda mide kanamasina sebep olabilir.,eksisozluk
ibuprofen,ağrı kesici ve ateş düşürücu olarak satılan  asprin imsi ilaç. bağırsakta çözüldüğü için mideyi zorlamıyormuş. (bkz:  nurofen ),eksisozluk
ibuprofen,babamin yillarca bel agrisi icin kullandigi ilac. turkiye'de brufen markasiyla satilirdi ben cocukken.,eksisozluk
ibuprofen,"kani sulandirmadigi icin  hemofili  hastalari tarafindan tercih edilebilecek aktif madde.. sahsen ben pespembe renkli "" suprafen "" ini yillardir kullanmaktayim.. karacigerim yetismior olabilir belki kalp carpintilarimin arada nedeni de olabilir ama ibuprofenler iyidir.. (caktirmadan tabutta rovesataya selam caktik madem ayak bilegim beni taksime gotur diyerek devam etmek isterim)",eksisozluk
ibuprofen,engin tecrübeme dayanarak ifade edeyim ki  dismenore yi hafifletebilen tek ilaçtır.,eksisozluk
ibuprofen,tıpçıların hallerini anlatan bir kısa film olan  1 2 3 tıp ' ta inek çocuğun sevgilisine eklem ağrısı için öpücük yerine tavsiye ettiği ilaçtır.,eksisozluk
ibuprofen,"özellikle düzensiz sık kanamalar ve  dismenore de etkin. hem kanama miktarını azaltır, hem ağrıyı giderir.",eksisozluk
ibuprofen,bebeklerde hızla ateş düşürücü etki gösteren ilaç. türkiye'de  dolven  pediatrik şurubun ana maddesidir. amerika'da doktorlar paracetamolden ziyade ibuprofen önerirler ateşli bebeklere. çok etkilidir gerçekten.,eksisozluk
ibuprofen,dokuzuncu nesil yazar.,eksisozluk
ibuprofen,advil 'in etken maddesidir,eksisozluk
ibuprofen,a$iri dozda mide kanamasina sebep olabilir.,eksisozluk
ibuprofen,ağrı kesici ve ateş düşürücu olarak satılan  asprin imsi ilaç. bağırsakta çözüldüğü için mideyi zorlamıyormuş. (bkz:  nurofen ),eksisozluk
ibuprofen,babamin yillarca bel agrisi icin kullandigi ilac. turkiye'de brufen markasiyla satilirdi ben cocukken.,eksisozluk
ibuprofen,"kani sulandirmadigi icin  hemofili  hastalari tarafindan tercih edilebilecek aktif madde.. sahsen ben pespembe renkli "" suprafen "" ini yillardir kullanmaktayim.. karacigerim yetismior olabilir belki kalp carpintilarimin arada nedeni de olabilir ama ibuprofenler iyidir.. (caktirmadan tabutta rovesataya selam caktik madem ayak bilegim beni taksime gotur diyerek devam etmek isterim)",eksisozluk
ibuprofen,engin tecrübeme dayanarak ifade edeyim ki  dismenore yi hafifletebilen tek ilaçtır.,eksisozluk
ibuprofen,tıpçıların hallerini anlatan bir kısa film olan  1 2 3 tıp ' ta inek çocuğun sevgilisine eklem ağrısı için öpücük yerine tavsiye ettiği ilaçtır.,eksisozluk
ibuprofen,"özellikle düzensiz sık kanamalar ve  dismenore de etkin. hem kanama miktarını azaltır, hem ağrıyı giderir.",eksisozluk
ibuprofen,bebeklerde hızla ateş düşürücü etki gösteren ilaç. türkiye'de  dolven  pediatrik şurubun ana maddesidir. amerika'da doktorlar paracetamolden ziyade ibuprofen önerirler ateşli bebeklere. çok etkilidir gerçekten.,eksisozluk
ibuprofen,dokuzuncu nesil yazar.,eksisozluk
ibuprofen,advil 'in etken maddesidir,eksisozluk
ibuprofen,a$iri dozda mide kanamasina sebep olabilir.,eksisozluk
ibuprofen,ağrı kesici ve ateş düşürücu olarak satılan  asprin imsi ilaç. bağırsakta çözüldüğü için mideyi zorlamıyormuş. (bkz:  nurofen ),eksisozluk
ibuprofen,babamin yillarca bel agrisi icin kullandigi ilac. turkiye'de brufen markasiyla satilirdi ben cocukken.,eksisozluk
ibuprofen,"kani sulandirmadigi icin  hemofili  hastalari tarafindan tercih edilebilecek aktif madde.. sahsen ben pespembe renkli "" suprafen "" ini yillardir kullanmaktayim.. karacigerim yetismior olabilir belki kalp carpintilarimin arada nedeni de olabilir ama ibuprofenler iyidir.. (caktirmadan tabutta rovesataya selam caktik madem ayak bilegim beni taksime gotur diyerek devam etmek isterim)",eksisozluk
ibuprofen,engin tecrübeme dayanarak ifade edeyim ki  dismenore yi hafifletebilen tek ilaçtır.,eksisozluk
ibuprofen,tıpçıların hallerini anlatan bir kısa film olan  1 2 3 tıp ' ta inek çocuğun sevgilisine eklem ağrısı için öpücük yerine tavsiye ettiği ilaçtır.,eksisozluk
ibuprofen,"özellikle düzensiz sık kanamalar ve  dismenore de etkin. hem kanama miktarını azaltır, hem ağrıyı giderir.",eksisozluk
ibuprofen,bebeklerde hızla ateş düşürücü etki gösteren ilaç. türkiye'de  dolven  pediatrik şurubun ana maddesidir. amerika'da doktorlar paracetamolden ziyade ibuprofen önerirler ateşli bebeklere. çok etkilidir gerçekten.,eksisozluk
ibuprofen,dokuzuncu nesil yazar.,eksisozluk
ibuprofen,advil 'in etken maddesidir,eksisozluk
ibuprofen,a$iri dozda mide kanamasina sebep olabilir.,eksisozluk
ibuprofen,ağrı kesici ve ateş düşürücu olarak satılan  asprin imsi ilaç. bağırsakta çözüldüğü için mideyi zorlamıyormuş. (bkz:  nurofen ),eksisozluk
ibuprofen,babamin yillarca bel agrisi icin kullandigi ilac. turkiye'de brufen markasiyla satilirdi ben cocukken.,eksisozluk
ibuprofen,"kani sulandirmadigi icin  hemofili  hastalari tarafindan tercih edilebilecek aktif madde.. sahsen ben pespembe renkli "" suprafen "" ini yillardir kullanmaktayim.. karacigerim yetismior olabilir belki kalp carpintilarimin arada nedeni de olabilir ama ibuprofenler iyidir.. (caktirmadan tabutta rovesataya selam caktik madem ayak bilegim beni taksime gotur diyerek devam etmek isterim)",eksisozluk
ibuprofen,engin tecrübeme dayanarak ifade edeyim ki  dismenore yi hafifletebilen tek ilaçtır.,eksisozluk
ibuprofen,tıpçıların hallerini anlatan bir kısa film olan  1 2 3 tıp ' ta inek çocuğun sevgilisine eklem ağrısı için öpücük yerine tavsiye ettiği ilaçtır.,eksisozluk
ibuprofen,"özellikle düzensiz sık kanamalar ve  dismenore de etkin. hem kanama miktarını azaltır, hem ağrıyı giderir.",eksisozluk
ibuprofen,bebeklerde hızla ateş düşürücü etki gösteren ilaç. türkiye'de  dolven  pediatrik şurubun ana maddesidir. amerika'da doktorlar paracetamolden ziyade ibuprofen önerirler ateşli bebeklere. çok etkilidir gerçekten.,eksisozluk
ibuprofen,dokuzuncu nesil yazar.,eksisozluk
ibuprofen,advil 'in etken maddesidir,eksisozluk
ibuprofen,a$iri dozda mide kanamasina sebep olabilir.,eksisozluk
ibuprofen,ağrı kesici ve ateş düşürücu olarak satılan  asprin imsi ilaç. bağırsakta çözüldüğü için mideyi zorlamıyormuş. (bkz:  nurofen ),eksisozluk
ibuprofen,babamin yillarca bel agrisi icin kullandigi ilac. turkiye'de brufen markasiyla satilirdi ben cocukken.,eksisozluk
ibuprofen,"kani sulandirmadigi icin  hemofili  hastalari tarafindan tercih edilebilecek aktif madde.. sahsen ben pespembe renkli "" suprafen "" ini yillardir kullanmaktayim.. karacigerim yetismior olabilir belki kalp carpintilarimin arada nedeni de olabilir ama ibuprofenler iyidir.. (caktirmadan tabutta rovesataya selam caktik madem ayak bilegim beni taksime gotur diyerek devam etmek isterim)",eksisozluk
ibuprofen,engin tecrübeme dayanarak ifade edeyim ki  dismenore yi hafifletebilen tek ilaçtır.,eksisozluk
ibuprofen,tıpçıların hallerini anlatan bir kısa film olan  1 2 3 tıp ' ta inek çocuğun sevgilisine eklem ağrısı için öpücük yerine tavsiye ettiği ilaçtır.,eksisozluk
ibuprofen,"özellikle düzensiz sık kanamalar ve  dismenore de etkin. hem kanama miktarını azaltır, hem ağrıyı giderir.",eksisozluk
ibuprofen,bebeklerde hızla ateş düşürücü etki gösteren ilaç. türkiye'de  dolven  pediatrik şurubun ana maddesidir. amerika'da doktorlar paracetamolden ziyade ibuprofen önerirler ateşli bebeklere. çok etkilidir gerçekten.,eksisozluk
ibuprofen,dokuzuncu nesil yazar.,eksisozluk
ibuprofen,advil 'in etken maddesidir,eksisozluk
ibuprofen,a$iri dozda mide kanamasina sebep olabilir.,eksisozluk
ibuprofen,ağrı kesici ve ateş düşürücu olarak satılan  asprin imsi ilaç. bağırsakta çözüldüğü için mideyi zorlamıyormuş. (bkz:  nurofen ),eksisozluk
ibuprofen,babamin yillarca bel agrisi icin kullandigi ilac. turkiye'de brufen markasiyla satilirdi ben cocukken.,eksisozluk
ibuprofen,"kani sulandirmadigi icin  hemofili  hastalari tarafindan tercih edilebilecek aktif madde.. sahsen ben pespembe renkli "" suprafen "" ini yillardir kullanmaktayim.. karacigerim yetismior olabilir belki kalp carpintilarimin arada nedeni de olabilir ama ibuprofenler iyidir.. (caktirmadan tabutta rovesataya selam caktik madem ayak bilegim beni taksime gotur diyerek devam etmek isterim)",eksisozluk
ibuprofen,engin tecrübeme dayanarak ifade edeyim ki  dismenore yi hafifletebilen tek ilaçtır.,eksisozluk
ibuprofen,tıpçıların hallerini anlatan bir kısa film olan  1 2 3 tıp ' ta inek çocuğun sevgilisine eklem ağrısı için öpücük yerine tavsiye ettiği ilaçtır.,eksisozluk
ibuprofen,"özellikle düzensiz sık kanamalar ve  dismenore de etkin. hem kanama miktarını azaltır, hem ağrıyı giderir.",eksisozluk
ibuprofen,bebeklerde hızla ateş düşürücü etki gösteren ilaç. türkiye'de  dolven  pediatrik şurubun ana maddesidir. amerika'da doktorlar paracetamolden ziyade ibuprofen önerirler ateşli bebeklere. çok etkilidir gerçekten.,eksisozluk
ibuprofen,dokuzuncu nesil yazar.,eksisozluk
ibuprofen,advil 'in etken maddesidir,eksisozluk
ibuprofen,a$iri dozda mide kanamasina sebep olabilir.,eksisozluk
ibuprofen,ağrı kesici ve ateş düşürücu olarak satılan  asprin imsi ilaç. bağırsakta çözüldüğü için mideyi zorlamıyormuş. (bkz:  nurofen ),eksisozluk
ibuprofen,babamin yillarca bel agrisi icin kullandigi ilac. turkiye'de brufen markasiyla satilirdi ben cocukken.,eksisozluk
ibuprofen,"kani sulandirmadigi icin  hemofili  hastalari tarafindan tercih edilebilecek aktif madde.. sahsen ben pespembe renkli "" suprafen "" ini yillardir kullanmaktayim.. karacigerim yetismior olabilir belki kalp carpintilarimin arada nedeni de olabilir ama ibuprofenler iyidir.. (caktirmadan tabutta rovesataya selam caktik madem ayak bilegim beni taksime gotur diyerek devam etmek isterim)",eksisozluk
ibuprofen,engin tecrübeme dayanarak ifade edeyim ki  dismenore yi hafifletebilen tek ilaçtır.,eksisozluk
ibuprofen,tıpçıların hallerini anlatan bir kısa film olan  1 2 3 tıp ' ta inek çocuğun sevgilisine eklem ağrısı için öpücük yerine tavsiye ettiği ilaçtır.,eksisozluk
ibuprofen,"özellikle düzensiz sık kanamalar ve  dismenore de etkin. hem kanama miktarını azaltır, hem ağrıyı giderir.",eksisozluk
ibuprofen,bebeklerde hızla ateş düşürücü etki gösteren ilaç. türkiye'de  dolven  pediatrik şurubun ana maddesidir. amerika'da doktorlar paracetamolden ziyade ibuprofen önerirler ateşli bebeklere. çok etkilidir gerçekten.,eksisozluk
ibuprofen,dokuzuncu nesil yazar.,eksisozluk
ibuprofen,advil 'in etken maddesidir,eksisozluk
ibuprofen,a$iri dozda mide kanamasina sebep olabilir.,eksisozluk
ibuprofen,ağrı kesici ve ateş düşürücu olarak satılan  asprin imsi ilaç. bağırsakta çözüldüğü için mideyi zorlamıyormuş. (bkz:  nurofen ),eksisozluk
ibuprofen,babamin yillarca bel agrisi icin kullandigi ilac. turkiye'de brufen markasiyla satilirdi ben cocukken.,eksisozluk
ibuprofen,"kani sulandirmadigi icin  hemofili  hastalari tarafindan tercih edilebilecek aktif madde.. sahsen ben pespembe renkli "" suprafen "" ini yillardir kullanmaktayim.. karacigerim yetismior olabilir belki kalp carpintilarimin arada nedeni de olabilir ama ibuprofenler iyidir.. (caktirmadan tabutta rovesataya selam caktik madem ayak bilegim beni taksime gotur diyerek devam etmek isterim)",eksisozluk
ibuprofen,engin tecrübeme dayanarak ifade edeyim ki  dismenore yi hafifletebilen tek ilaçtır.,eksisozluk
ibuprofen,tıpçıların hallerini anlatan bir kısa film olan  1 2 3 tıp ' ta inek çocuğun sevgilisine eklem ağrısı için öpücük yerine tavsiye ettiği ilaçtır.,eksisozluk
ibuprofen,"özellikle düzensiz sık kanamalar ve  dismenore de etkin. hem kanama miktarını azaltır, hem ağrıyı giderir.",eksisozluk
ibuprofen,bebeklerde hızla ateş düşürücü etki gösteren ilaç. türkiye'de  dolven  pediatrik şurubun ana maddesidir. amerika'da doktorlar paracetamolden ziyade ibuprofen önerirler ateşli bebeklere. çok etkilidir gerçekten.,eksisozluk
ibuprofen,dokuzuncu nesil yazar.,eksisozluk
ibuprofen,advil 'in etken maddesidir,eksisozluk
ibuprofen,a$iri dozda mide kanamasina sebep olabilir.,eksisozluk
ibuprofen,ağrı kesici ve ateş düşürücu olarak satılan  asprin imsi ilaç. bağırsakta çözüldüğü için mideyi zorlamıyormuş. (bkz:  nurofen ),eksisozluk
ibuprofen,babamin yillarca bel agrisi icin kullandigi ilac. turkiye'de brufen markasiyla satilirdi ben cocukken.,eksisozluk
ibuprofen,"kani sulandirmadigi icin  hemofili  hastalari tarafindan tercih edilebilecek aktif madde.. sahsen ben pespembe renkli "" suprafen "" ini yillardir kullanmaktayim.. karacigerim yetismior olabilir belki kalp carpintilarimin arada nedeni de olabilir ama ibuprofenler iyidir.. (caktirmadan tabutta rovesataya selam caktik madem ayak bilegim beni taksime gotur diyerek devam etmek isterim)",eksisozluk
ibuprofen,engin tecrübeme dayanarak ifade edeyim ki  dismenore yi hafifletebilen tek ilaçtır.,eksisozluk
ibuprofen,tıpçıların hallerini anlatan bir kısa film olan  1 2 3 tıp ' ta inek çocuğun sevgilisine eklem ağrısı için öpücük yerine tavsiye ettiği ilaçtır.,eksisozluk
ibuprofen,"özellikle düzensiz sık kanamalar ve  dismenore de etkin. hem kanama miktarını azaltır, hem ağrıyı giderir.",eksisozluk
ibuprofen,bebeklerde hızla ateş düşürücü etki gösteren ilaç. türkiye'de  dolven  pediatrik şurubun ana maddesidir. amerika'da doktorlar paracetamolden ziyade ibuprofen önerirler ateşli bebeklere. çok etkilidir gerçekten.,eksisozluk
ibuprofen,dokuzuncu nesil yazar.,eksisozluk
ibuprofen,advil 'in etken maddesidir,eksisozluk
ibuprofen,a$iri dozda mide kanamasina sebep olabilir.,eksisozluk
ibuprofen,ağrı kesici ve ateş düşürücu olarak satılan  asprin imsi ilaç. bağırsakta çözüldüğü için mideyi zorlamıyormuş. (bkz:  nurofen ),eksisozluk
ibuprofen,babamin yillarca bel agrisi icin kullandigi ilac. turkiye'de brufen markasiyla satilirdi ben cocukken.,eksisozluk
ibuprofen,"kani sulandirmadigi icin  hemofili  hastalari tarafindan tercih edilebilecek aktif madde.. sahsen ben pespembe renkli "" suprafen "" ini yillardir kullanmaktayim.. karacigerim yetismior olabilir belki kalp carpintilarimin arada nedeni de olabilir ama ibuprofenler iyidir.. (caktirmadan tabutta rovesataya selam caktik madem ayak bilegim beni taksime gotur diyerek devam etmek isterim)",eksisozluk
ibuprofen,engin tecrübeme dayanarak ifade edeyim ki  dismenore yi hafifletebilen tek ilaçtır.,eksisozluk
ibuprofen,tıpçıların hallerini anlatan bir kısa film olan  1 2 3 tıp ' ta inek çocuğun sevgilisine eklem ağrısı için öpücük yerine tavsiye ettiği ilaçtır.,eksisozluk
ibuprofen,"özellikle düzensiz sık kanamalar ve  dismenore de etkin. hem kanama miktarını azaltır, hem ağrıyı giderir.",eksisozluk
ibuprofen,bebeklerde hızla ateş düşürücü etki gösteren ilaç. türkiye'de  dolven  pediatrik şurubun ana maddesidir. amerika'da doktorlar paracetamolden ziyade ibuprofen önerirler ateşli bebeklere. çok etkilidir gerçekten.,eksisozluk
ibuprofen,dokuzuncu nesil yazar.,eksisozluk
naproxen,apranax forte 'un aktif maddesi..,eksisozluk
naproxen,(bkz:  naproxen sodium ),eksisozluk
naproxen,naproxen'in daha yüksek çözünürlüğe sahip varyantı,eksisozluk
naproxen,"antienflamatuar , ağrı kesici. apranax,  aprol  gibi ilaçların etken maddesi.",eksisozluk
naproxen,aleve 'nin aktif maddesi.,eksisozluk
naproxen,etkin maddesi olduğu ilaçları (bkz:  apranax ) çiğnemeden bol suyla yutmak gerekiyormuş. aksi halde beyin kanamasına sebebiyet verebilirmiş. (ben forward maillerin yalancısıyım),eksisozluk
naproxen,"mide icin cok faydali olmayan bir bilesik. illa bu etken maddeye sahip bir ilac alinacaksa cok ciddi durumlar haricinde, 220 mg iceren  aleve  ya da normal  apranax  tercih edilmelidir..",eksisozluk
naproxen,"piyasada bulunan ve bu adli etken maddenin kullanildigi yaklasik otuz cesit ilacin babasidir. yanilmiyorsam ilk amerikada uretilmis, uretiminde kullanilan  etken maddenin adini almis, telif suresi gectikten sonra   generic  hale gelip  muadil leri patlamistir. sanilanin aksine bu etken maddeye sahip unlu apranax ilk degil, aslinda sadece muadildir. amerikada 250 mg'liklari recetesiz, 550 mg'lari receteli satilir.",eksisozluk
naproxen,"apranax, aprol, aprowell, naprosyn, napradol, kapnax, apraljin, aleve, synax, oprax gibi ilaçlardaki etkin madde. bu tür ilaçları ağızda çiğnemek veya bekletmek yerine bol suyla içiniz, kaş yapayım derken göz çıkarmayınız.",eksisozluk
naproxen,içindeki sodyumdan mutevellit  hipertansiyon 'u olan hastalarda dikkatli kullanılması gereken ilaç.,eksisozluk
naproxen,apranax forte 'un aktif maddesi..,eksisozluk
naproxen,(bkz:  naproxen sodium ),eksisozluk
naproxen,naproxen'in daha yüksek çözünürlüğe sahip varyantı,eksisozluk
naproxen,"antienflamatuar , ağrı kesici. apranax,  aprol  gibi ilaçların etken maddesi.",eksisozluk
naproxen,aleve 'nin aktif maddesi.,eksisozluk
naproxen,etkin maddesi olduğu ilaçları (bkz:  apranax ) çiğnemeden bol suyla yutmak gerekiyormuş. aksi halde beyin kanamasına sebebiyet verebilirmiş. (ben forward maillerin yalancısıyım),eksisozluk
naproxen,"mide icin cok faydali olmayan bir bilesik. illa bu etken maddeye sahip bir ilac alinacaksa cok ciddi durumlar haricinde, 220 mg iceren  aleve  ya da normal  apranax  tercih edilmelidir..",eksisozluk
naproxen,"piyasada bulunan ve bu adli etken maddenin kullanildigi yaklasik otuz cesit ilacin babasidir. yanilmiyorsam ilk amerikada uretilmis, uretiminde kullanilan  etken maddenin adini almis, telif suresi gectikten sonra   generic  hale gelip  muadil leri patlamistir. sanilanin aksine bu etken maddeye sahip unlu apranax ilk degil, aslinda sadece muadildir. amerikada 250 mg'liklari recetesiz, 550 mg'lari receteli satilir.",eksisozluk
naproxen,"apranax, aprol, aprowell, naprosyn, napradol, kapnax, apraljin, aleve, synax, oprax gibi ilaçlardaki etkin madde. bu tür ilaçları ağızda çiğnemek veya bekletmek yerine bol suyla içiniz, kaş yapayım derken göz çıkarmayınız.",eksisozluk
naproxen,içindeki sodyumdan mutevellit  hipertansiyon 'u olan hastalarda dikkatli kullanılması gereken ilaç.,eksisozluk
naproxen,apranax forte 'un aktif maddesi..,eksisozluk
naproxen,(bkz:  naproxen sodium ),eksisozluk
naproxen,naproxen'in daha yüksek çözünürlüğe sahip varyantı,eksisozluk
naproxen,"antienflamatuar , ağrı kesici. apranax,  aprol  gibi ilaçların etken maddesi.",eksisozluk
naproxen,aleve 'nin aktif maddesi.,eksisozluk
naproxen,etkin maddesi olduğu ilaçları (bkz:  apranax ) çiğnemeden bol suyla yutmak gerekiyormuş. aksi halde beyin kanamasına sebebiyet verebilirmiş. (ben forward maillerin yalancısıyım),eksisozluk
naproxen,"mide icin cok faydali olmayan bir bilesik. illa bu etken maddeye sahip bir ilac alinacaksa cok ciddi durumlar haricinde, 220 mg iceren  aleve  ya da normal  apranax  tercih edilmelidir..",eksisozluk
naproxen,"piyasada bulunan ve bu adli etken maddenin kullanildigi yaklasik otuz cesit ilacin babasidir. yanilmiyorsam ilk amerikada uretilmis, uretiminde kullanilan  etken maddenin adini almis, telif suresi gectikten sonra   generic  hale gelip  muadil leri patlamistir. sanilanin aksine bu etken maddeye sahip unlu apranax ilk degil, aslinda sadece muadildir. amerikada 250 mg'liklari recetesiz, 550 mg'lari receteli satilir.",eksisozluk
naproxen,"apranax, aprol, aprowell, naprosyn, napradol, kapnax, apraljin, aleve, synax, oprax gibi ilaçlardaki etkin madde. bu tür ilaçları ağızda çiğnemek veya bekletmek yerine bol suyla içiniz, kaş yapayım derken göz çıkarmayınız.",eksisozluk
naproxen,içindeki sodyumdan mutevellit  hipertansiyon 'u olan hastalarda dikkatli kullanılması gereken ilaç.,eksisozluk
naproxen,apranax forte 'un aktif maddesi..,eksisozluk
naproxen,(bkz:  naproxen sodium ),eksisozluk
naproxen,naproxen'in daha yüksek çözünürlüğe sahip varyantı,eksisozluk
naproxen,"antienflamatuar , ağrı kesici. apranax,  aprol  gibi ilaçların etken maddesi.",eksisozluk
naproxen,aleve 'nin aktif maddesi.,eksisozluk
naproxen,etkin maddesi olduğu ilaçları (bkz:  apranax ) çiğnemeden bol suyla yutmak gerekiyormuş. aksi halde beyin kanamasına sebebiyet verebilirmiş. (ben forward maillerin yalancısıyım),eksisozluk
naproxen,"mide icin cok faydali olmayan bir bilesik. illa bu etken maddeye sahip bir ilac alinacaksa cok ciddi durumlar haricinde, 220 mg iceren  aleve  ya da normal  apranax  tercih edilmelidir..",eksisozluk
naproxen,"piyasada bulunan ve bu adli etken maddenin kullanildigi yaklasik otuz cesit ilacin babasidir. yanilmiyorsam ilk amerikada uretilmis, uretiminde kullanilan  etken maddenin adini almis, telif suresi gectikten sonra   generic  hale gelip  muadil leri patlamistir. sanilanin aksine bu etken maddeye sahip unlu apranax ilk degil, aslinda sadece muadildir. amerikada 250 mg'liklari recetesiz, 550 mg'lari receteli satilir.",eksisozluk
naproxen,"apranax, aprol, aprowell, naprosyn, napradol, kapnax, apraljin, aleve, synax, oprax gibi ilaçlardaki etkin madde. bu tür ilaçları ağızda çiğnemek veya bekletmek yerine bol suyla içiniz, kaş yapayım derken göz çıkarmayınız.",eksisozluk
naproxen,içindeki sodyumdan mutevellit  hipertansiyon 'u olan hastalarda dikkatli kullanılması gereken ilaç.,eksisozluk
naproxen,apranax forte 'un aktif maddesi..,eksisozluk
naproxen,(bkz:  naproxen sodium ),eksisozluk
naproxen,naproxen'in daha yüksek çözünürlüğe sahip varyantı,eksisozluk
naproxen,"antienflamatuar , ağrı kesici. apranax,  aprol  gibi ilaçların etken maddesi.",eksisozluk
naproxen,aleve 'nin aktif maddesi.,eksisozluk
naproxen,etkin maddesi olduğu ilaçları (bkz:  apranax ) çiğnemeden bol suyla yutmak gerekiyormuş. aksi halde beyin kanamasına sebebiyet verebilirmiş. (ben forward maillerin yalancısıyım),eksisozluk
naproxen,"mide icin cok faydali olmayan bir bilesik. illa bu etken maddeye sahip bir ilac alinacaksa cok ciddi durumlar haricinde, 220 mg iceren  aleve  ya da normal  apranax  tercih edilmelidir..",eksisozluk
naproxen,"piyasada bulunan ve bu adli etken maddenin kullanildigi yaklasik otuz cesit ilacin babasidir. yanilmiyorsam ilk amerikada uretilmis, uretiminde kullanilan  etken maddenin adini almis, telif suresi gectikten sonra   generic  hale gelip  muadil leri patlamistir. sanilanin aksine bu etken maddeye sahip unlu apranax ilk degil, aslinda sadece muadildir. amerikada 250 mg'liklari recetesiz, 550 mg'lari receteli satilir.",eksisozluk
naproxen,"apranax, aprol, aprowell, naprosyn, napradol, kapnax, apraljin, aleve, synax, oprax gibi ilaçlardaki etkin madde. bu tür ilaçları ağızda çiğnemek veya bekletmek yerine bol suyla içiniz, kaş yapayım derken göz çıkarmayınız.",eksisozluk
naproxen,içindeki sodyumdan mutevellit  hipertansiyon 'u olan hastalarda dikkatli kullanılması gereken ilaç.,eksisozluk
naproxen,apranax forte 'un aktif maddesi..,eksisozluk
naproxen,(bkz:  naproxen sodium ),eksisozluk
naproxen,naproxen'in daha yüksek çözünürlüğe sahip varyantı,eksisozluk
naproxen,"antienflamatuar , ağrı kesici. apranax,  aprol  gibi ilaçların etken maddesi.",eksisozluk
naproxen,aleve 'nin aktif maddesi.,eksisozluk
naproxen,etkin maddesi olduğu ilaçları (bkz:  apranax ) çiğnemeden bol suyla yutmak gerekiyormuş. aksi halde beyin kanamasına sebebiyet verebilirmiş. (ben forward maillerin yalancısıyım),eksisozluk
naproxen,"mide icin cok faydali olmayan bir bilesik. illa bu etken maddeye sahip bir ilac alinacaksa cok ciddi durumlar haricinde, 220 mg iceren  aleve  ya da normal  apranax  tercih edilmelidir..",eksisozluk
naproxen,"piyasada bulunan ve bu adli etken maddenin kullanildigi yaklasik otuz cesit ilacin babasidir. yanilmiyorsam ilk amerikada uretilmis, uretiminde kullanilan  etken maddenin adini almis, telif suresi gectikten sonra   generic  hale gelip  muadil leri patlamistir. sanilanin aksine bu etken maddeye sahip unlu apranax ilk degil, aslinda sadece muadildir. amerikada 250 mg'liklari recetesiz, 550 mg'lari receteli satilir.",eksisozluk
naproxen,"apranax, aprol, aprowell, naprosyn, napradol, kapnax, apraljin, aleve, synax, oprax gibi ilaçlardaki etkin madde. bu tür ilaçları ağızda çiğnemek veya bekletmek yerine bol suyla içiniz, kaş yapayım derken göz çıkarmayınız.",eksisozluk
naproxen,içindeki sodyumdan mutevellit  hipertansiyon 'u olan hastalarda dikkatli kullanılması gereken ilaç.,eksisozluk
naproxen,apranax forte 'un aktif maddesi..,eksisozluk
naproxen,(bkz:  naproxen sodium ),eksisozluk
naproxen,naproxen'in daha yüksek çözünürlüğe sahip varyantı,eksisozluk
naproxen,"antienflamatuar , ağrı kesici. apranax,  aprol  gibi ilaçların etken maddesi.",eksisozluk
naproxen,aleve 'nin aktif maddesi.,eksisozluk
naproxen,etkin maddesi olduğu ilaçları (bkz:  apranax ) çiğnemeden bol suyla yutmak gerekiyormuş. aksi halde beyin kanamasına sebebiyet verebilirmiş. (ben forward maillerin yalancısıyım),eksisozluk
naproxen,"mide icin cok faydali olmayan bir bilesik. illa bu etken maddeye sahip bir ilac alinacaksa cok ciddi durumlar haricinde, 220 mg iceren  aleve  ya da normal  apranax  tercih edilmelidir..",eksisozluk
naproxen,"piyasada bulunan ve bu adli etken maddenin kullanildigi yaklasik otuz cesit ilacin babasidir. yanilmiyorsam ilk amerikada uretilmis, uretiminde kullanilan  etken maddenin adini almis, telif suresi gectikten sonra   generic  hale gelip  muadil leri patlamistir. sanilanin aksine bu etken maddeye sahip unlu apranax ilk degil, aslinda sadece muadildir. amerikada 250 mg'liklari recetesiz, 550 mg'lari receteli satilir.",eksisozluk
naproxen,"apranax, aprol, aprowell, naprosyn, napradol, kapnax, apraljin, aleve, synax, oprax gibi ilaçlardaki etkin madde. bu tür ilaçları ağızda çiğnemek veya bekletmek yerine bol suyla içiniz, kaş yapayım derken göz çıkarmayınız.",eksisozluk
naproxen,içindeki sodyumdan mutevellit  hipertansiyon 'u olan hastalarda dikkatli kullanılması gereken ilaç.,eksisozluk
naproxen,apranax forte 'un aktif maddesi..,eksisozluk
naproxen,(bkz:  naproxen sodium ),eksisozluk
naproxen,naproxen'in daha yüksek çözünürlüğe sahip varyantı,eksisozluk
naproxen,"antienflamatuar , ağrı kesici. apranax,  aprol  gibi ilaçların etken maddesi.",eksisozluk
naproxen,aleve 'nin aktif maddesi.,eksisozluk
naproxen,etkin maddesi olduğu ilaçları (bkz:  apranax ) çiğnemeden bol suyla yutmak gerekiyormuş. aksi halde beyin kanamasına sebebiyet verebilirmiş. (ben forward maillerin yalancısıyım),eksisozluk
naproxen,"mide icin cok faydali olmayan bir bilesik. illa bu etken maddeye sahip bir ilac alinacaksa cok ciddi durumlar haricinde, 220 mg iceren  aleve  ya da normal  apranax  tercih edilmelidir..",eksisozluk
naproxen,"piyasada bulunan ve bu adli etken maddenin kullanildigi yaklasik otuz cesit ilacin babasidir. yanilmiyorsam ilk amerikada uretilmis, uretiminde kullanilan  etken maddenin adini almis, telif suresi gectikten sonra   generic  hale gelip  muadil leri patlamistir. sanilanin aksine bu etken maddeye sahip unlu apranax ilk degil, aslinda sadece muadildir. amerikada 250 mg'liklari recetesiz, 550 mg'lari receteli satilir.",eksisozluk
naproxen,"apranax, aprol, aprowell, naprosyn, napradol, kapnax, apraljin, aleve, synax, oprax gibi ilaçlardaki etkin madde. bu tür ilaçları ağızda çiğnemek veya bekletmek yerine bol suyla içiniz, kaş yapayım derken göz çıkarmayınız.",eksisozluk
naproxen,içindeki sodyumdan mutevellit  hipertansiyon 'u olan hastalarda dikkatli kullanılması gereken ilaç.,eksisozluk
naproxen,apranax forte 'un aktif maddesi..,eksisozluk
naproxen,(bkz:  naproxen sodium ),eksisozluk
naproxen,naproxen'in daha yüksek çözünürlüğe sahip varyantı,eksisozluk
naproxen,"antienflamatuar , ağrı kesici. apranax,  aprol  gibi ilaçların etken maddesi.",eksisozluk
naproxen,aleve 'nin aktif maddesi.,eksisozluk
naproxen,etkin maddesi olduğu ilaçları (bkz:  apranax ) çiğnemeden bol suyla yutmak gerekiyormuş. aksi halde beyin kanamasına sebebiyet verebilirmiş. (ben forward maillerin yalancısıyım),eksisozluk
naproxen,"mide icin cok faydali olmayan bir bilesik. illa bu etken maddeye sahip bir ilac alinacaksa cok ciddi durumlar haricinde, 220 mg iceren  aleve  ya da normal  apranax  tercih edilmelidir..",eksisozluk
naproxen,"piyasada bulunan ve bu adli etken maddenin kullanildigi yaklasik otuz cesit ilacin babasidir. yanilmiyorsam ilk amerikada uretilmis, uretiminde kullanilan  etken maddenin adini almis, telif suresi gectikten sonra   generic  hale gelip  muadil leri patlamistir. sanilanin aksine bu etken maddeye sahip unlu apranax ilk degil, aslinda sadece muadildir. amerikada 250 mg'liklari recetesiz, 550 mg'lari receteli satilir.",eksisozluk
naproxen,"apranax, aprol, aprowell, naprosyn, napradol, kapnax, apraljin, aleve, synax, oprax gibi ilaçlardaki etkin madde. bu tür ilaçları ağızda çiğnemek veya bekletmek yerine bol suyla içiniz, kaş yapayım derken göz çıkarmayınız.",eksisozluk
naproxen,içindeki sodyumdan mutevellit  hipertansiyon 'u olan hastalarda dikkatli kullanılması gereken ilaç.,eksisozluk
naproxen,apranax forte 'un aktif maddesi..,eksisozluk
naproxen,(bkz:  naproxen sodium ),eksisozluk
naproxen,naproxen'in daha yüksek çözünürlüğe sahip varyantı,eksisozluk
naproxen,"antienflamatuar , ağrı kesici. apranax,  aprol  gibi ilaçların etken maddesi.",eksisozluk
naproxen,aleve 'nin aktif maddesi.,eksisozluk
naproxen,etkin maddesi olduğu ilaçları (bkz:  apranax ) çiğnemeden bol suyla yutmak gerekiyormuş. aksi halde beyin kanamasına sebebiyet verebilirmiş. (ben forward maillerin yalancısıyım),eksisozluk
naproxen,"mide icin cok faydali olmayan bir bilesik. illa bu etken maddeye sahip bir ilac alinacaksa cok ciddi durumlar haricinde, 220 mg iceren  aleve  ya da normal  apranax  tercih edilmelidir..",eksisozluk
naproxen,"piyasada bulunan ve bu adli etken maddenin kullanildigi yaklasik otuz cesit ilacin babasidir. yanilmiyorsam ilk amerikada uretilmis, uretiminde kullanilan  etken maddenin adini almis, telif suresi gectikten sonra   generic  hale gelip  muadil leri patlamistir. sanilanin aksine bu etken maddeye sahip unlu apranax ilk degil, aslinda sadece muadildir. amerikada 250 mg'liklari recetesiz, 550 mg'lari receteli satilir.",eksisozluk
naproxen,"apranax, aprol, aprowell, naprosyn, napradol, kapnax, apraljin, aleve, synax, oprax gibi ilaçlardaki etkin madde. bu tür ilaçları ağızda çiğnemek veya bekletmek yerine bol suyla içiniz, kaş yapayım derken göz çıkarmayınız.",eksisozluk
naproxen,içindeki sodyumdan mutevellit  hipertansiyon 'u olan hastalarda dikkatli kullanılması gereken ilaç.,eksisozluk
naproxen,apranax forte 'un aktif maddesi..,eksisozluk
naproxen,(bkz:  naproxen sodium ),eksisozluk
naproxen,naproxen'in daha yüksek çözünürlüğe sahip varyantı,eksisozluk
naproxen,"antienflamatuar , ağrı kesici. apranax,  aprol  gibi ilaçların etken maddesi.",eksisozluk
naproxen,aleve 'nin aktif maddesi.,eksisozluk
naproxen,etkin maddesi olduğu ilaçları (bkz:  apranax ) çiğnemeden bol suyla yutmak gerekiyormuş. aksi halde beyin kanamasına sebebiyet verebilirmiş. (ben forward maillerin yalancısıyım),eksisozluk
naproxen,"mide icin cok faydali olmayan bir bilesik. illa bu etken maddeye sahip bir ilac alinacaksa cok ciddi durumlar haricinde, 220 mg iceren  aleve  ya da normal  apranax  tercih edilmelidir..",eksisozluk
naproxen,"piyasada bulunan ve bu adli etken maddenin kullanildigi yaklasik otuz cesit ilacin babasidir. yanilmiyorsam ilk amerikada uretilmis, uretiminde kullanilan  etken maddenin adini almis, telif suresi gectikten sonra   generic  hale gelip  muadil leri patlamistir. sanilanin aksine bu etken maddeye sahip unlu apranax ilk degil, aslinda sadece muadildir. amerikada 250 mg'liklari recetesiz, 550 mg'lari receteli satilir.",eksisozluk
naproxen,"apranax, aprol, aprowell, naprosyn, napradol, kapnax, apraljin, aleve, synax, oprax gibi ilaçlardaki etkin madde. bu tür ilaçları ağızda çiğnemek veya bekletmek yerine bol suyla içiniz, kaş yapayım derken göz çıkarmayınız.",eksisozluk
naproxen,içindeki sodyumdan mutevellit  hipertansiyon 'u olan hastalarda dikkatli kullanılması gereken ilaç.,eksisozluk
naproxen,apranax forte 'un aktif maddesi..,eksisozluk
naproxen,(bkz:  naproxen sodium ),eksisozluk
naproxen,naproxen'in daha yüksek çözünürlüğe sahip varyantı,eksisozluk
naproxen,"antienflamatuar , ağrı kesici. apranax,  aprol  gibi ilaçların etken maddesi.",eksisozluk
naproxen,aleve 'nin aktif maddesi.,eksisozluk
naproxen,etkin maddesi olduğu ilaçları (bkz:  apranax ) çiğnemeden bol suyla yutmak gerekiyormuş. aksi halde beyin kanamasına sebebiyet verebilirmiş. (ben forward maillerin yalancısıyım),eksisozluk
naproxen,"mide icin cok faydali olmayan bir bilesik. illa bu etken maddeye sahip bir ilac alinacaksa cok ciddi durumlar haricinde, 220 mg iceren  aleve  ya da normal  apranax  tercih edilmelidir..",eksisozluk
naproxen,"piyasada bulunan ve bu adli etken maddenin kullanildigi yaklasik otuz cesit ilacin babasidir. yanilmiyorsam ilk amerikada uretilmis, uretiminde kullanilan  etken maddenin adini almis, telif suresi gectikten sonra   generic  hale gelip  muadil leri patlamistir. sanilanin aksine bu etken maddeye sahip unlu apranax ilk degil, aslinda sadece muadildir. amerikada 250 mg'liklari recetesiz, 550 mg'lari receteli satilir.",eksisozluk
naproxen,"apranax, aprol, aprowell, naprosyn, napradol, kapnax, apraljin, aleve, synax, oprax gibi ilaçlardaki etkin madde. bu tür ilaçları ağızda çiğnemek veya bekletmek yerine bol suyla içiniz, kaş yapayım derken göz çıkarmayınız.",eksisozluk
naproxen,içindeki sodyumdan mutevellit  hipertansiyon 'u olan hastalarda dikkatli kullanılması gereken ilaç.,eksisozluk
naproxen,apranax forte 'un aktif maddesi..,eksisozluk
naproxen,(bkz:  naproxen sodium ),eksisozluk
naproxen,naproxen'in daha yüksek çözünürlüğe sahip varyantı,eksisozluk
naproxen,"antienflamatuar , ağrı kesici. apranax,  aprol  gibi ilaçların etken maddesi.",eksisozluk
naproxen,aleve 'nin aktif maddesi.,eksisozluk
naproxen,etkin maddesi olduğu ilaçları (bkz:  apranax ) çiğnemeden bol suyla yutmak gerekiyormuş. aksi halde beyin kanamasına sebebiyet verebilirmiş. (ben forward maillerin yalancısıyım),eksisozluk
naproxen,"mide icin cok faydali olmayan bir bilesik. illa bu etken maddeye sahip bir ilac alinacaksa cok ciddi durumlar haricinde, 220 mg iceren  aleve  ya da normal  apranax  tercih edilmelidir..",eksisozluk
naproxen,"piyasada bulunan ve bu adli etken maddenin kullanildigi yaklasik otuz cesit ilacin babasidir. yanilmiyorsam ilk amerikada uretilmis, uretiminde kullanilan  etken maddenin adini almis, telif suresi gectikten sonra   generic  hale gelip  muadil leri patlamistir. sanilanin aksine bu etken maddeye sahip unlu apranax ilk degil, aslinda sadece muadildir. amerikada 250 mg'liklari recetesiz, 550 mg'lari receteli satilir.",eksisozluk
naproxen,"apranax, aprol, aprowell, naprosyn, napradol, kapnax, apraljin, aleve, synax, oprax gibi ilaçlardaki etkin madde. bu tür ilaçları ağızda çiğnemek veya bekletmek yerine bol suyla içiniz, kaş yapayım derken göz çıkarmayınız.",eksisozluk
naproxen,içindeki sodyumdan mutevellit  hipertansiyon 'u olan hastalarda dikkatli kullanılması gereken ilaç.,eksisozluk
naproxen,apranax forte 'un aktif maddesi..,eksisozluk
naproxen,(bkz:  naproxen sodium ),eksisozluk
naproxen,naproxen'in daha yüksek çözünürlüğe sahip varyantı,eksisozluk
naproxen,"antienflamatuar , ağrı kesici. apranax,  aprol  gibi ilaçların etken maddesi.",eksisozluk
naproxen,aleve 'nin aktif maddesi.,eksisozluk
naproxen,etkin maddesi olduğu ilaçları (bkz:  apranax ) çiğnemeden bol suyla yutmak gerekiyormuş. aksi halde beyin kanamasına sebebiyet verebilirmiş. (ben forward maillerin yalancısıyım),eksisozluk
naproxen,"mide icin cok faydali olmayan bir bilesik. illa bu etken maddeye sahip bir ilac alinacaksa cok ciddi durumlar haricinde, 220 mg iceren  aleve  ya da normal  apranax  tercih edilmelidir..",eksisozluk
naproxen,"piyasada bulunan ve bu adli etken maddenin kullanildigi yaklasik otuz cesit ilacin babasidir. yanilmiyorsam ilk amerikada uretilmis, uretiminde kullanilan  etken maddenin adini almis, telif suresi gectikten sonra   generic  hale gelip  muadil leri patlamistir. sanilanin aksine bu etken maddeye sahip unlu apranax ilk degil, aslinda sadece muadildir. amerikada 250 mg'liklari recetesiz, 550 mg'lari receteli satilir.",eksisozluk
naproxen,"apranax, aprol, aprowell, naprosyn, napradol, kapnax, apraljin, aleve, synax, oprax gibi ilaçlardaki etkin madde. bu tür ilaçları ağızda çiğnemek veya bekletmek yerine bol suyla içiniz, kaş yapayım derken göz çıkarmayınız.",eksisozluk
naproxen,içindeki sodyumdan mutevellit  hipertansiyon 'u olan hastalarda dikkatli kullanılması gereken ilaç.,eksisozluk
naproxen,apranax forte 'un aktif maddesi..,eksisozluk
naproxen,(bkz:  naproxen sodium ),eksisozluk
naproxen,naproxen'in daha yüksek çözünürlüğe sahip varyantı,eksisozluk
naproxen,"antienflamatuar , ağrı kesici. apranax,  aprol  gibi ilaçların etken maddesi.",eksisozluk
naproxen,aleve 'nin aktif maddesi.,eksisozluk
naproxen,etkin maddesi olduğu ilaçları (bkz:  apranax ) çiğnemeden bol suyla yutmak gerekiyormuş. aksi halde beyin kanamasına sebebiyet verebilirmiş. (ben forward maillerin yalancısıyım),eksisozluk
naproxen,"mide icin cok faydali olmayan bir bilesik. illa bu etken maddeye sahip bir ilac alinacaksa cok ciddi durumlar haricinde, 220 mg iceren  aleve  ya da normal  apranax  tercih edilmelidir..",eksisozluk
naproxen,"piyasada bulunan ve bu adli etken maddenin kullanildigi yaklasik otuz cesit ilacin babasidir. yanilmiyorsam ilk amerikada uretilmis, uretiminde kullanilan  etken maddenin adini almis, telif suresi gectikten sonra   generic  hale gelip  muadil leri patlamistir. sanilanin aksine bu etken maddeye sahip unlu apranax ilk degil, aslinda sadece muadildir. amerikada 250 mg'liklari recetesiz, 550 mg'lari receteli satilir.",eksisozluk
naproxen,"apranax, aprol, aprowell, naprosyn, napradol, kapnax, apraljin, aleve, synax, oprax gibi ilaçlardaki etkin madde. bu tür ilaçları ağızda çiğnemek veya bekletmek yerine bol suyla içiniz, kaş yapayım derken göz çıkarmayınız.",eksisozluk
naproxen,içindeki sodyumdan mutevellit  hipertansiyon 'u olan hastalarda dikkatli kullanılması gereken ilaç.,eksisozluk
naproxen,apranax forte 'un aktif maddesi..,eksisozluk
naproxen,(bkz:  naproxen sodium ),eksisozluk
naproxen,naproxen'in daha yüksek çözünürlüğe sahip varyantı,eksisozluk
naproxen,"antienflamatuar , ağrı kesici. apranax,  aprol  gibi ilaçların etken maddesi.",eksisozluk
naproxen,aleve 'nin aktif maddesi.,eksisozluk
naproxen,etkin maddesi olduğu ilaçları (bkz:  apranax ) çiğnemeden bol suyla yutmak gerekiyormuş. aksi halde beyin kanamasına sebebiyet verebilirmiş. (ben forward maillerin yalancısıyım),eksisozluk
naproxen,"mide icin cok faydali olmayan bir bilesik. illa bu etken maddeye sahip bir ilac alinacaksa cok ciddi durumlar haricinde, 220 mg iceren  aleve  ya da normal  apranax  tercih edilmelidir..",eksisozluk
naproxen,"piyasada bulunan ve bu adli etken maddenin kullanildigi yaklasik otuz cesit ilacin babasidir. yanilmiyorsam ilk amerikada uretilmis, uretiminde kullanilan  etken maddenin adini almis, telif suresi gectikten sonra   generic  hale gelip  muadil leri patlamistir. sanilanin aksine bu etken maddeye sahip unlu apranax ilk degil, aslinda sadece muadildir. amerikada 250 mg'liklari recetesiz, 550 mg'lari receteli satilir.",eksisozluk
naproxen,"apranax, aprol, aprowell, naprosyn, napradol, kapnax, apraljin, aleve, synax, oprax gibi ilaçlardaki etkin madde. bu tür ilaçları ağızda çiğnemek veya bekletmek yerine bol suyla içiniz, kaş yapayım derken göz çıkarmayınız.",eksisozluk
naproxen,içindeki sodyumdan mutevellit  hipertansiyon 'u olan hastalarda dikkatli kullanılması gereken ilaç.,eksisozluk
naproxen,apranax forte 'un aktif maddesi..,eksisozluk
naproxen,(bkz:  naproxen sodium ),eksisozluk
naproxen,naproxen'in daha yüksek çözünürlüğe sahip varyantı,eksisozluk
naproxen,"antienflamatuar , ağrı kesici. apranax,  aprol  gibi ilaçların etken maddesi.",eksisozluk
naproxen,aleve 'nin aktif maddesi.,eksisozluk
naproxen,etkin maddesi olduğu ilaçları (bkz:  apranax ) çiğnemeden bol suyla yutmak gerekiyormuş. aksi halde beyin kanamasına sebebiyet verebilirmiş. (ben forward maillerin yalancısıyım),eksisozluk
naproxen,"mide icin cok faydali olmayan bir bilesik. illa bu etken maddeye sahip bir ilac alinacaksa cok ciddi durumlar haricinde, 220 mg iceren  aleve  ya da normal  apranax  tercih edilmelidir..",eksisozluk
naproxen,"piyasada bulunan ve bu adli etken maddenin kullanildigi yaklasik otuz cesit ilacin babasidir. yanilmiyorsam ilk amerikada uretilmis, uretiminde kullanilan  etken maddenin adini almis, telif suresi gectikten sonra   generic  hale gelip  muadil leri patlamistir. sanilanin aksine bu etken maddeye sahip unlu apranax ilk degil, aslinda sadece muadildir. amerikada 250 mg'liklari recetesiz, 550 mg'lari receteli satilir.",eksisozluk
naproxen,"apranax, aprol, aprowell, naprosyn, napradol, kapnax, apraljin, aleve, synax, oprax gibi ilaçlardaki etkin madde. bu tür ilaçları ağızda çiğnemek veya bekletmek yerine bol suyla içiniz, kaş yapayım derken göz çıkarmayınız.",eksisozluk
naproxen,içindeki sodyumdan mutevellit  hipertansiyon 'u olan hastalarda dikkatli kullanılması gereken ilaç.,eksisozluk
naproxen,apranax forte 'un aktif maddesi..,eksisozluk
naproxen,(bkz:  naproxen sodium ),eksisozluk
naproxen,naproxen'in daha yüksek çözünürlüğe sahip varyantı,eksisozluk
naproxen,"antienflamatuar , ağrı kesici. apranax,  aprol  gibi ilaçların etken maddesi.",eksisozluk
naproxen,aleve 'nin aktif maddesi.,eksisozluk
naproxen,etkin maddesi olduğu ilaçları (bkz:  apranax ) çiğnemeden bol suyla yutmak gerekiyormuş. aksi halde beyin kanamasına sebebiyet verebilirmiş. (ben forward maillerin yalancısıyım),eksisozluk
naproxen,"mide icin cok faydali olmayan bir bilesik. illa bu etken maddeye sahip bir ilac alinacaksa cok ciddi durumlar haricinde, 220 mg iceren  aleve  ya da normal  apranax  tercih edilmelidir..",eksisozluk
naproxen,"piyasada bulunan ve bu adli etken maddenin kullanildigi yaklasik otuz cesit ilacin babasidir. yanilmiyorsam ilk amerikada uretilmis, uretiminde kullanilan  etken maddenin adini almis, telif suresi gectikten sonra   generic  hale gelip  muadil leri patlamistir. sanilanin aksine bu etken maddeye sahip unlu apranax ilk degil, aslinda sadece muadildir. amerikada 250 mg'liklari recetesiz, 550 mg'lari receteli satilir.",eksisozluk
naproxen,"apranax, aprol, aprowell, naprosyn, napradol, kapnax, apraljin, aleve, synax, oprax gibi ilaçlardaki etkin madde. bu tür ilaçları ağızda çiğnemek veya bekletmek yerine bol suyla içiniz, kaş yapayım derken göz çıkarmayınız.",eksisozluk
naproxen,içindeki sodyumdan mutevellit  hipertansiyon 'u olan hastalarda dikkatli kullanılması gereken ilaç.,eksisozluk
naproxen,apranax forte 'un aktif maddesi..,eksisozluk
naproxen,(bkz:  naproxen sodium ),eksisozluk
naproxen,naproxen'in daha yüksek çözünürlüğe sahip varyantı,eksisozluk
naproxen,"antienflamatuar , ağrı kesici. apranax,  aprol  gibi ilaçların etken maddesi.",eksisozluk
naproxen,aleve 'nin aktif maddesi.,eksisozluk
naproxen,etkin maddesi olduğu ilaçları (bkz:  apranax ) çiğnemeden bol suyla yutmak gerekiyormuş. aksi halde beyin kanamasına sebebiyet verebilirmiş. (ben forward maillerin yalancısıyım),eksisozluk
naproxen,"mide icin cok faydali olmayan bir bilesik. illa bu etken maddeye sahip bir ilac alinacaksa cok ciddi durumlar haricinde, 220 mg iceren  aleve  ya da normal  apranax  tercih edilmelidir..",eksisozluk
naproxen,"piyasada bulunan ve bu adli etken maddenin kullanildigi yaklasik otuz cesit ilacin babasidir. yanilmiyorsam ilk amerikada uretilmis, uretiminde kullanilan  etken maddenin adini almis, telif suresi gectikten sonra   generic  hale gelip  muadil leri patlamistir. sanilanin aksine bu etken maddeye sahip unlu apranax ilk degil, aslinda sadece muadildir. amerikada 250 mg'liklari recetesiz, 550 mg'lari receteli satilir.",eksisozluk
naproxen,"apranax, aprol, aprowell, naprosyn, napradol, kapnax, apraljin, aleve, synax, oprax gibi ilaçlardaki etkin madde. bu tür ilaçları ağızda çiğnemek veya bekletmek yerine bol suyla içiniz, kaş yapayım derken göz çıkarmayınız.",eksisozluk
naproxen,içindeki sodyumdan mutevellit  hipertansiyon 'u olan hastalarda dikkatli kullanılması gereken ilaç.,eksisozluk
naproxen,apranax forte 'un aktif maddesi..,eksisozluk
naproxen,(bkz:  naproxen sodium ),eksisozluk
naproxen,naproxen'in daha yüksek çözünürlüğe sahip varyantı,eksisozluk
naproxen,"antienflamatuar , ağrı kesici. apranax,  aprol  gibi ilaçların etken maddesi.",eksisozluk
naproxen,aleve 'nin aktif maddesi.,eksisozluk
naproxen,etkin maddesi olduğu ilaçları (bkz:  apranax ) çiğnemeden bol suyla yutmak gerekiyormuş. aksi halde beyin kanamasına sebebiyet verebilirmiş. (ben forward maillerin yalancısıyım),eksisozluk
naproxen,"mide icin cok faydali olmayan bir bilesik. illa bu etken maddeye sahip bir ilac alinacaksa cok ciddi durumlar haricinde, 220 mg iceren  aleve  ya da normal  apranax  tercih edilmelidir..",eksisozluk
naproxen,"piyasada bulunan ve bu adli etken maddenin kullanildigi yaklasik otuz cesit ilacin babasidir. yanilmiyorsam ilk amerikada uretilmis, uretiminde kullanilan  etken maddenin adini almis, telif suresi gectikten sonra   generic  hale gelip  muadil leri patlamistir. sanilanin aksine bu etken maddeye sahip unlu apranax ilk degil, aslinda sadece muadildir. amerikada 250 mg'liklari recetesiz, 550 mg'lari receteli satilir.",eksisozluk
naproxen,"apranax, aprol, aprowell, naprosyn, napradol, kapnax, apraljin, aleve, synax, oprax gibi ilaçlardaki etkin madde. bu tür ilaçları ağızda çiğnemek veya bekletmek yerine bol suyla içiniz, kaş yapayım derken göz çıkarmayınız.",eksisozluk
naproxen,içindeki sodyumdan mutevellit  hipertansiyon 'u olan hastalarda dikkatli kullanılması gereken ilaç.,eksisozluk
